name,draft_team,draft_year,position,stats_global_id,team,id,twitter_username,stats_id,fleaflicker_id,cbs_id,height,college,rotowire_id,jersey,sportsdata_id,draft_pick,weight,draft_round,rotoworld_id,nfl_id,birthdate,espn_id,status,last_name,first_name
Buffalo Bills,BUF,1970,TMWR,0,BUF,151,,2.0,2331.0,409.0,,,,,,,,,,,,,,Bills,Buffalo
Buffalo Bills,BUF,1970,TMWR,0,BUF,151,,2.0,2331.0,309.0,,,,,,,,,,,,,,Bills,Buffalo
Indianapolis Colts,IND,1970,TMWR,0,IND,152,,11.0,2341.0,402.0,,,,,,,,,,,,,,Colts,Indianapolis
Indianapolis Colts,IND,1970,TMWR,0,IND,152,,11.0,2341.0,302.0,,,,,,,,,,,,,,Colts,Indianapolis
Indianapolis Colts,IND,1970,TMWR,0,IND,152,,11.0,2341.0,502.0,,,,,,,,,,,,,,Colts,Indianapolis
Miami Dolphins,MIA,1970,TMWR,0,MIA,153,,15.0,2344.0,404.0,,,,,,,,,,,,,,Dolphins,Miami
Miami Dolphins,MIA,1970,TMWR,0,MIA,153,,15.0,2344.0,304.0,,,,,,,,,,,,,,Dolphins,Miami
Miami Dolphins,MIA,1970,TMWR,0,MIA,153,,15.0,2344.0,504.0,,,,,,,,,,,,,,Dolphins,Miami
New England Patriots,NEP,1970,TMWR,0,NEP,154,,17.0,2346.0,406.0,,,,,,,,,,,,,,Patriots,New England
New England Patriots,NEP,1970,TMWR,0,NEP,154,,17.0,2346.0,306.0,,,,,,,,,,,,,,Patriots,New England
New England Patriots,NEP,1970,TMWR,0,NEP,154,,17.0,2346.0,506.0,,,,,,,,,,,,,,Patriots,New England
New York Jets,NYJ,1970,TMWR,0,NYJ,155,,20.0,2349.0,410.0,,,,,,,,,,,,,,Jets,New York
New York Jets,NYJ,1970,TMWR,0,NYJ,155,,20.0,2349.0,310.0,,,,,,,,,,,,,,Jets,New York
New York Jets,NYJ,1970,TMWR,0,NYJ,155,,20.0,2349.0,510.0,,,,,,,,,,,,,,Jets,New York
Cincinnati Bengals,CIN,1970,TMWR,0,CIN,156,,4.0,2334.0,426.0,,,,,,,,,,,,,,Bengals,Cincinnati
Cincinnati Bengals,CIN,1970,TMWR,0,CIN,156,,4.0,2334.0,326.0,,,,,,,,,,,,,,Bengals,Cincinnati
Cleveland Browns,CLE,1970,TMWR,0,CLE,157,,5.0,2335.0,419.0,,,,,,,,,,,,,,Browns,Cleveland
Cleveland Browns,CLE,1970,TMWR,0,CLE,157,,5.0,2335.0,319.0,,,,,,,,,,,,,,Browns,Cleveland
Tennessee Titans,TEN,1970,TMWR,0,TEN,158,,10.0,2358.0,431.0,,,,,,,,,,,,,,Titans,Tennessee
Tennessee Titans,TEN,1970,TMWR,0,TEN,158,,10.0,2358.0,331.0,,,,,,,,,,,,,,Titans,Tennessee
Tennessee Titans,TEN,1970,TMWR,0,TEN,158,,10.0,2358.0,531.0,,,,,,,,,,,,,,Titans,Tennessee
Jacksonville Jaguars,JAC,1970,TMWR,0,JAC,159,,30.0,2342.0,422.0,,,,,,,,,,,,,,Jaguars,Jacksonville
Jacksonville Jaguars,JAC,1970,TMWR,0,JAC,159,,30.0,2342.0,322.0,,,,,,,,,,,,,,Jaguars,Jacksonville
Jacksonville Jaguars,JAC,1970,TMWR,0,JAC,159,,30.0,2342.0,522.0,,,,,,,,,,,,,,Jaguars,Jacksonville
Pittsburgh Steelers,PIT,1970,TMWR,0,PIT,160,,23.0,2352.0,413.0,,,,,,,,,,,,,,Steelers,Pittsburgh
Pittsburgh Steelers,PIT,1970,TMWR,0,PIT,160,,23.0,2352.0,313.0,,,,,,,,,,,,,,Steelers,Pittsburgh
Pittsburgh Steelers,PIT,1970,TMWR,0,PIT,160,,23.0,2352.0,513.0,,,,,,,,,,,,,,Steelers,Pittsburgh
Denver Broncos,DEN,1970,TMWR,0,DEN,161,,7.0,2337.0,428.0,,,,,,,,,,,,,,Broncos,Denver
Denver Broncos,DEN,1970,TMWR,0,DEN,161,,7.0,2337.0,328.0,,,,,,,,,,,,,,Broncos,Denver
Kansas City Chiefs,KCC,1970,TMWR,0,KCC,162,,12.0,2343.0,403.0,,,,,,,,,,,,,,Chiefs,Kansas City
Kansas City Chiefs,KCC,1970,TMWR,0,KCC,162,,12.0,2343.0,303.0,,,,,,,,,,,,,,Chiefs,Kansas City
Kansas City Chiefs,KCC,1970,TMWR,0,KCC,162,,12.0,2343.0,503.0,,,,,,,,,,,,,,Chiefs,Kansas City
Las Vegas Raiders,OAK,1970,TMWR,0,LVR,163,,13.0,2350.0,424.0,,,,,,,,,,,,,,Raiders,Las Vegas
Las Vegas Raiders,OAK,1970,TMWR,0,LVR,163,,13.0,2350.0,324.0,,,,,,,,,,,,,,Raiders,Las Vegas
Las Vegas Raiders,OAK,1970,TMWR,0,LVR,163,,13.0,2350.0,524.0,,,,,,,,,,,,,,Raiders,Las Vegas
Los Angeles Chargers,FA,1970,TMWR,0,LAC,164,,24.0,,414.0,,,,,,,,,,,,,,Chargers,Los Angeles
Los Angeles Chargers,FA,1970,TMWR,0,LAC,164,,24.0,,314.0,,,,,,,,,,,,,,Chargers,Los Angeles
Los Angeles Chargers,FA,1970,TMWR,0,LAC,164,,24.0,,514.0,,,,,,,,,,,,,,Chargers,Los Angeles
Seattle Seahawks,SEA,1970,TMWR,0,SEA,165,,26.0,2354.0,416.0,,,,,,,,,,,,,,Seahawks,Seattle
Seattle Seahawks,SEA,1970,TMWR,0,SEA,165,,26.0,2354.0,316.0,,,,,,,,,,,,,,Seahawks,Seattle
Seattle Seahawks,SEA,1970,TMWR,0,SEA,165,,26.0,2354.0,516.0,,,,,,,,,,,,,,Seahawks,Seattle
Dallas Cowboys,DAL,1970,TMWR,0,DAL,166,,6.0,2336.0,427.0,,,,,,,,,,,,,,Cowboys,Dallas
Dallas Cowboys,DAL,1970,TMWR,0,DAL,166,,6.0,2336.0,327.0,,,,,,,,,,,,,,Cowboys,Dallas
Dallas Cowboys,DAL,1970,TMWR,0,DAL,166,,6.0,2336.0,527.0,,,,,,,,,,,,,,Cowboys,Dallas
New York Giants,NYG,1970,TMWR,0,NYG,167,,19.0,2348.0,408.0,,,,,,,,,,,,,,Giants,New York
New York Giants,NYG,1970,TMWR,0,NYG,167,,19.0,2348.0,308.0,,,,,,,,,,,,,,Giants,New York
New York Giants,NYG,1970,TMWR,0,NYG,167,,19.0,2348.0,508.0,,,,,,,,,,,,,,Giants,New York
Philadelphia Eagles,PHI,1970,TMWR,0,PHI,168,,21.0,2351.0,411.0,,,,,,,,,,,,,,Eagles,Philadelphia
Philadelphia Eagles,PHI,1970,TMWR,0,PHI,168,,21.0,2351.0,311.0,,,,,,,,,,,,,,Eagles,Philadelphia
Philadelphia Eagles,PHI,1970,TMWR,0,PHI,168,,21.0,2351.0,511.0,,,,,,,,,,,,,,Eagles,Philadelphia
Arizona Cardinals,ARI,1970,TMWR,0,ARI,169,,22.0,2328.0,412.0,,,,,,,,,,,,,,Cardinals,Arizona
Arizona Cardinals,ARI,1970,TMWR,0,ARI,169,,22.0,2328.0,312.0,,,,,,,,,,,,,,Cardinals,Arizona
Arizona Cardinals,ARI,1970,TMWR,0,ARI,169,,22.0,2328.0,512.0,,,,,,,,,,,,,,Cardinals,Arizona
Washington Commanders,WAS,1970,TMWR,0,WAS,170,,28.0,,418.0,,,,,,,,,,,,,,Commanders,Washington
Washington Commanders,WAS,1970,TMWR,0,WAS,170,,28.0,,318.0,,,,,,,,,,,,,,Commanders,Washington
Washington Commanders,WAS,1970,TMWR,0,WAS,170,,28.0,,518.0,,,,,,,,,,,,,,Commanders,Washington
Chicago Bears,CHI,1970,TMWR,0,CHI,171,,3.0,2333.0,421.0,,,,,,,,,,,,,,Bears,Chicago
Chicago Bears,CHI,1970,TMWR,0,CHI,171,,3.0,2333.0,321.0,,,,,,,,,,,,,,Bears,Chicago
Detroit Lions,DET,1970,TMWR,0,DET,172,,8.0,2338.0,429.0,,,,,,,,,,,,,,Lions,Detroit
Detroit Lions,DET,1970,TMWR,0,DET,172,,8.0,2338.0,329.0,,,,,,,,,,,,,,Lions,Detroit
Detroit Lions,DET,1970,TMWR,0,DET,172,,8.0,2338.0,529.0,,,,,,,,,,,,,,Lions,Detroit
Green Bay Packers,GBP,1970,TMWR,0,GBP,173,,9.0,2339.0,430.0,,,,,,,,,,,,,,Packers,Green Bay
Green Bay Packers,GBP,1970,TMWR,0,GBP,173,,9.0,2339.0,330.0,,,,,,,,,,,,,,Packers,Green Bay
Green Bay Packers,GBP,1970,TMWR,0,GBP,173,,9.0,2339.0,530.0,,,,,,,,,,,,,,Packers,Green Bay
Minnesota Vikings,MIN,1970,TMWR,0,MIN,174,,16.0,2345.0,405.0,,,,,,,,,,,,,,Vikings,Minnesota
Minnesota Vikings,MIN,1970,TMWR,0,MIN,174,,16.0,2345.0,305.0,,,,,,,,,,,,,,Vikings,Minnesota
Minnesota Vikings,MIN,1970,TMWR,0,MIN,174,,16.0,2345.0,505.0,,,,,,,,,,,,,,Vikings,Minnesota
Tampa Bay Buccaneers,TBB,1970,TMWR,0,TBB,175,,27.0,2357.0,417.0,,,,,,,,,,,,,,Buccaneers,Tampa Bay
Tampa Bay Buccaneers,TBB,1970,TMWR,0,TBB,175,,27.0,2357.0,317.0,,,,,,,,,,,,,,Buccaneers,Tampa Bay
Atlanta Falcons,ATL,1970,TMWR,0,ATL,176,,1.0,2329.0,401.0,,,,,,,,,,,,,,Falcons,Atlanta
Atlanta Falcons,ATL,1970,TMWR,0,ATL,176,,1.0,2329.0,301.0,,,,,,,,,,,,,,Falcons,Atlanta
Atlanta Falcons,ATL,1970,TMWR,0,ATL,176,,1.0,2329.0,501.0,,,,,,,,,,,,,,Falcons,Atlanta
Carolina Panthers,CAR,1970,TMWR,0,CAR,177,,29.0,2332.0,420.0,,,,,,,,,,,,,,Panthers,Carolina
Carolina Panthers,CAR,1970,TMWR,0,CAR,177,,29.0,2332.0,320.0,,,,,,,,,,,,,,Panthers,Carolina
Carolina Panthers,CAR,1970,TMWR,0,CAR,177,,29.0,2332.0,520.0,,,,,,,,,,,,,,Panthers,Carolina
Los Angeles Rams,FA,1970,TMWR,0,LAR,178,,14.0,,423.0,,,,,,,,,,,,,,Rams,Los Angeles
Los Angeles Rams,FA,1970,TMWR,0,LAR,178,,14.0,,323.0,,,,,,,,,,,,,,Rams,Los Angeles
Los Angeles Rams,FA,1970,TMWR,0,LAR,178,,14.0,,523.0,,,,,,,,,,,,,,Rams,Los Angeles
New Orleans Saints,NOS,1970,TMWR,0,NOS,179,,18.0,2347.0,407.0,,,,,,,,,,,,,,Saints,New Orleans
New Orleans Saints,NOS,1970,TMWR,0,NOS,179,,18.0,2347.0,307.0,,,,,,,,,,,,,,Saints,New Orleans
New Orleans Saints,NOS,1970,TMWR,0,NOS,179,,18.0,2347.0,507.0,,,,,,,,,,,,,,Saints,New Orleans
San Francisco 49ers,SFO,1970,TMWR,0,SFO,180,,25.0,,415.0,,,,,,,,,,,,,,49ers,San Francisco
San Francisco 49ers,SFO,1970,TMWR,0,SFO,180,,25.0,,315.0,,,,,,,,,,,,,,49ers,San Francisco
Baltimore Ravens,BAL,1970,TMWR,0,BAL,181,,33.0,2330.0,425.0,,,,,,,,,,,,,,Ravens,Baltimore
Baltimore Ravens,BAL,1970,TMWR,0,BAL,181,,33.0,2330.0,325.0,,,,,,,,,,,,,,Ravens,Baltimore
Baltimore Ravens,BAL,1970,TMWR,0,BAL,181,,33.0,2330.0,525.0,,,,,,,,,,,,,,Ravens,Baltimore
Houston Texans,HOU,1970,TMWR,0,HOU,182,,34.0,2340.0,432.0,,,,,,,,,,,,,,Texans,Houston
Houston Texans,HOU,1970,TMWR,0,HOU,182,,34.0,2340.0,332.0,,,,,,,,,,,,,,Texans,Houston
Houston Texans,HOU,1970,TMWR,0,HOU,182,,34.0,2340.0,532.0,,,,,,,,,,,,,,Texans,Houston
Buffalo Bills,BUF,1970,TMRB,0,BUF,201,,2.0,2331.0,409.0,,,,,,,,,,,,,,Bills,Buffalo
Buffalo Bills,BUF,1970,TMRB,0,BUF,201,,2.0,2331.0,309.0,,,,,,,,,,,,,,Bills,Buffalo
Indianapolis Colts,IND,1970,TMRB,0,IND,202,,11.0,2341.0,402.0,,,,,,,,,,,,,,Colts,Indianapolis
Indianapolis Colts,IND,1970,TMRB,0,IND,202,,11.0,2341.0,302.0,,,,,,,,,,,,,,Colts,Indianapolis
Indianapolis Colts,IND,1970,TMRB,0,IND,202,,11.0,2341.0,502.0,,,,,,,,,,,,,,Colts,Indianapolis
Miami Dolphins,MIA,1970,TMRB,0,MIA,203,,15.0,2344.0,404.0,,,,,,,,,,,,,,Dolphins,Miami
Miami Dolphins,MIA,1970,TMRB,0,MIA,203,,15.0,2344.0,304.0,,,,,,,,,,,,,,Dolphins,Miami
Miami Dolphins,MIA,1970,TMRB,0,MIA,203,,15.0,2344.0,504.0,,,,,,,,,,,,,,Dolphins,Miami
New England Patriots,NEP,1970,TMRB,0,NEP,204,,17.0,2346.0,406.0,,,,,,,,,,,,,,Patriots,New England
New England Patriots,NEP,1970,TMRB,0,NEP,204,,17.0,2346.0,306.0,,,,,,,,,,,,,,Patriots,New England
New England Patriots,NEP,1970,TMRB,0,NEP,204,,17.0,2346.0,506.0,,,,,,,,,,,,,,Patriots,New England
New York Jets,NYJ,1970,TMRB,0,NYJ,205,,20.0,2349.0,410.0,,,,,,,,,,,,,,Jets,New York
New York Jets,NYJ,1970,TMRB,0,NYJ,205,,20.0,2349.0,310.0,,,,,,,,,,,,,,Jets,New York
New York Jets,NYJ,1970,TMRB,0,NYJ,205,,20.0,2349.0,510.0,,,,,,,,,,,,,,Jets,New York
Cincinnati Bengals,CIN,1970,TMRB,0,CIN,206,,4.0,2334.0,426.0,,,,,,,,,,,,,,Bengals,Cincinnati
Cincinnati Bengals,CIN,1970,TMRB,0,CIN,206,,4.0,2334.0,326.0,,,,,,,,,,,,,,Bengals,Cincinnati
Cleveland Browns,CLE,1970,TMRB,0,CLE,207,,5.0,2335.0,419.0,,,,,,,,,,,,,,Browns,Cleveland
Cleveland Browns,CLE,1970,TMRB,0,CLE,207,,5.0,2335.0,319.0,,,,,,,,,,,,,,Browns,Cleveland
Tennessee Titans,TEN,1970,TMRB,0,TEN,208,,10.0,2358.0,431.0,,,,,,,,,,,,,,Titans,Tennessee
Tennessee Titans,TEN,1970,TMRB,0,TEN,208,,10.0,2358.0,331.0,,,,,,,,,,,,,,Titans,Tennessee
Tennessee Titans,TEN,1970,TMRB,0,TEN,208,,10.0,2358.0,531.0,,,,,,,,,,,,,,Titans,Tennessee
Jacksonville Jaguars,JAC,1970,TMRB,0,JAC,209,,30.0,2342.0,422.0,,,,,,,,,,,,,,Jaguars,Jacksonville
Jacksonville Jaguars,JAC,1970,TMRB,0,JAC,209,,30.0,2342.0,322.0,,,,,,,,,,,,,,Jaguars,Jacksonville
Jacksonville Jaguars,JAC,1970,TMRB,0,JAC,209,,30.0,2342.0,522.0,,,,,,,,,,,,,,Jaguars,Jacksonville
Pittsburgh Steelers,PIT,1970,TMRB,0,PIT,210,,23.0,2352.0,413.0,,,,,,,,,,,,,,Steelers,Pittsburgh
Pittsburgh Steelers,PIT,1970,TMRB,0,PIT,210,,23.0,2352.0,313.0,,,,,,,,,,,,,,Steelers,Pittsburgh
Pittsburgh Steelers,PIT,1970,TMRB,0,PIT,210,,23.0,2352.0,513.0,,,,,,,,,,,,,,Steelers,Pittsburgh
Denver Broncos,DEN,1970,TMRB,0,DEN,211,,7.0,2337.0,428.0,,,,,,,,,,,,,,Broncos,Denver
Denver Broncos,DEN,1970,TMRB,0,DEN,211,,7.0,2337.0,328.0,,,,,,,,,,,,,,Broncos,Denver
Kansas City Chiefs,KCC,1970,TMRB,0,KCC,212,,12.0,2343.0,403.0,,,,,,,,,,,,,,Chiefs,Kansas City
Kansas City Chiefs,KCC,1970,TMRB,0,KCC,212,,12.0,2343.0,303.0,,,,,,,,,,,,,,Chiefs,Kansas City
Kansas City Chiefs,KCC,1970,TMRB,0,KCC,212,,12.0,2343.0,503.0,,,,,,,,,,,,,,Chiefs,Kansas City
Las Vegas Raiders,OAK,1970,TMRB,0,LVR,213,,13.0,2350.0,424.0,,,,,,,,,,,,,,Raiders,Las Vegas
Las Vegas Raiders,OAK,1970,TMRB,0,LVR,213,,13.0,2350.0,324.0,,,,,,,,,,,,,,Raiders,Las Vegas
Las Vegas Raiders,OAK,1970,TMRB,0,LVR,213,,13.0,2350.0,524.0,,,,,,,,,,,,,,Raiders,Las Vegas
Los Angeles Chargers,FA,1970,TMRB,0,LAC,214,,24.0,,414.0,,,,,,,,,,,,,,Chargers,Los Angeles
Los Angeles Chargers,FA,1970,TMRB,0,LAC,214,,24.0,,314.0,,,,,,,,,,,,,,Chargers,Los Angeles
Los Angeles Chargers,FA,1970,TMRB,0,LAC,214,,24.0,,514.0,,,,,,,,,,,,,,Chargers,Los Angeles
Seattle Seahawks,SEA,1970,TMRB,0,SEA,215,,26.0,2354.0,416.0,,,,,,,,,,,,,,Seahawks,Seattle
Seattle Seahawks,SEA,1970,TMRB,0,SEA,215,,26.0,2354.0,316.0,,,,,,,,,,,,,,Seahawks,Seattle
Seattle Seahawks,SEA,1970,TMRB,0,SEA,215,,26.0,2354.0,516.0,,,,,,,,,,,,,,Seahawks,Seattle
Dallas Cowboys,DAL,1970,TMRB,0,DAL,216,,6.0,2336.0,427.0,,,,,,,,,,,,,,Cowboys,Dallas
Dallas Cowboys,DAL,1970,TMRB,0,DAL,216,,6.0,2336.0,327.0,,,,,,,,,,,,,,Cowboys,Dallas
Dallas Cowboys,DAL,1970,TMRB,0,DAL,216,,6.0,2336.0,527.0,,,,,,,,,,,,,,Cowboys,Dallas
New York Giants,NYG,1970,TMRB,0,NYG,217,,19.0,2348.0,408.0,,,,,,,,,,,,,,Giants,New York
New York Giants,NYG,1970,TMRB,0,NYG,217,,19.0,2348.0,308.0,,,,,,,,,,,,,,Giants,New York
New York Giants,NYG,1970,TMRB,0,NYG,217,,19.0,2348.0,508.0,,,,,,,,,,,,,,Giants,New York
Philadelphia Eagles,PHI,1970,TMRB,0,PHI,218,,21.0,2351.0,411.0,,,,,,,,,,,,,,Eagles,Philadelphia
Philadelphia Eagles,PHI,1970,TMRB,0,PHI,218,,21.0,2351.0,311.0,,,,,,,,,,,,,,Eagles,Philadelphia
Philadelphia Eagles,PHI,1970,TMRB,0,PHI,218,,21.0,2351.0,511.0,,,,,,,,,,,,,,Eagles,Philadelphia
Arizona Cardinals,ARI,1970,TMRB,0,ARI,219,,22.0,2328.0,412.0,,,,,,,,,,,,,,Cardinals,Arizona
Arizona Cardinals,ARI,1970,TMRB,0,ARI,219,,22.0,2328.0,312.0,,,,,,,,,,,,,,Cardinals,Arizona
Arizona Cardinals,ARI,1970,TMRB,0,ARI,219,,22.0,2328.0,512.0,,,,,,,,,,,,,,Cardinals,Arizona
Washington Commanders,WAS,1970,TMRB,0,WAS,220,,28.0,,418.0,,,,,,,,,,,,,,Commanders,Washington
Washington Commanders,WAS,1970,TMRB,0,WAS,220,,28.0,,318.0,,,,,,,,,,,,,,Commanders,Washington
Washington Commanders,WAS,1970,TMRB,0,WAS,220,,28.0,,518.0,,,,,,,,,,,,,,Commanders,Washington
Chicago Bears,CHI,1970,TMRB,0,CHI,221,,3.0,2333.0,421.0,,,,,,,,,,,,,,Bears,Chicago
Chicago Bears,CHI,1970,TMRB,0,CHI,221,,3.0,2333.0,321.0,,,,,,,,,,,,,,Bears,Chicago
Detroit Lions,DET,1970,TMRB,0,DET,222,,8.0,2338.0,429.0,,,,,,,,,,,,,,Lions,Detroit
Detroit Lions,DET,1970,TMRB,0,DET,222,,8.0,2338.0,329.0,,,,,,,,,,,,,,Lions,Detroit
Detroit Lions,DET,1970,TMRB,0,DET,222,,8.0,2338.0,529.0,,,,,,,,,,,,,,Lions,Detroit
Green Bay Packers,GBP,1970,TMRB,0,GBP,223,,9.0,2339.0,430.0,,,,,,,,,,,,,,Packers,Green Bay
Green Bay Packers,GBP,1970,TMRB,0,GBP,223,,9.0,2339.0,330.0,,,,,,,,,,,,,,Packers,Green Bay
Green Bay Packers,GBP,1970,TMRB,0,GBP,223,,9.0,2339.0,530.0,,,,,,,,,,,,,,Packers,Green Bay
Minnesota Vikings,MIN,1970,TMRB,0,MIN,224,,16.0,2345.0,405.0,,,,,,,,,,,,,,Vikings,Minnesota
Minnesota Vikings,MIN,1970,TMRB,0,MIN,224,,16.0,2345.0,305.0,,,,,,,,,,,,,,Vikings,Minnesota
Minnesota Vikings,MIN,1970,TMRB,0,MIN,224,,16.0,2345.0,505.0,,,,,,,,,,,,,,Vikings,Minnesota
Tampa Bay Buccaneers,TBB,1970,TMRB,0,TBB,225,,27.0,2357.0,417.0,,,,,,,,,,,,,,Buccaneers,Tampa Bay
Tampa Bay Buccaneers,TBB,1970,TMRB,0,TBB,225,,27.0,2357.0,317.0,,,,,,,,,,,,,,Buccaneers,Tampa Bay
Atlanta Falcons,ATL,1970,TMRB,0,ATL,226,,1.0,2329.0,401.0,,,,,,,,,,,,,,Falcons,Atlanta
Atlanta Falcons,ATL,1970,TMRB,0,ATL,226,,1.0,2329.0,301.0,,,,,,,,,,,,,,Falcons,Atlanta
Atlanta Falcons,ATL,1970,TMRB,0,ATL,226,,1.0,2329.0,501.0,,,,,,,,,,,,,,Falcons,Atlanta
Carolina Panthers,CAR,1970,TMRB,0,CAR,227,,29.0,2332.0,420.0,,,,,,,,,,,,,,Panthers,Carolina
Carolina Panthers,CAR,1970,TMRB,0,CAR,227,,29.0,2332.0,320.0,,,,,,,,,,,,,,Panthers,Carolina
Carolina Panthers,CAR,1970,TMRB,0,CAR,227,,29.0,2332.0,520.0,,,,,,,,,,,,,,Panthers,Carolina
Los Angeles Rams,FA,1970,TMRB,0,LAR,228,,14.0,,423.0,,,,,,,,,,,,,,Rams,Los Angeles
Los Angeles Rams,FA,1970,TMRB,0,LAR,228,,14.0,,323.0,,,,,,,,,,,,,,Rams,Los Angeles
Los Angeles Rams,FA,1970,TMRB,0,LAR,228,,14.0,,523.0,,,,,,,,,,,,,,Rams,Los Angeles
New Orleans Saints,NOS,1970,TMRB,0,NOS,229,,18.0,2347.0,407.0,,,,,,,,,,,,,,Saints,New Orleans
New Orleans Saints,NOS,1970,TMRB,0,NOS,229,,18.0,2347.0,307.0,,,,,,,,,,,,,,Saints,New Orleans
New Orleans Saints,NOS,1970,TMRB,0,NOS,229,,18.0,2347.0,507.0,,,,,,,,,,,,,,Saints,New Orleans
San Francisco 49ers,SFO,1970,TMRB,0,SFO,230,,25.0,,415.0,,,,,,,,,,,,,,49ers,San Francisco
San Francisco 49ers,SFO,1970,TMRB,0,SFO,230,,25.0,,315.0,,,,,,,,,,,,,,49ers,San Francisco
Baltimore Ravens,BAL,1970,TMRB,0,BAL,231,,33.0,2330.0,425.0,,,,,,,,,,,,,,Ravens,Baltimore
Baltimore Ravens,BAL,1970,TMRB,0,BAL,231,,33.0,2330.0,325.0,,,,,,,,,,,,,,Ravens,Baltimore
Baltimore Ravens,BAL,1970,TMRB,0,BAL,231,,33.0,2330.0,525.0,,,,,,,,,,,,,,Ravens,Baltimore
Houston Texans,HOU,1970,TMRB,0,HOU,232,,34.0,2340.0,432.0,,,,,,,,,,,,,,Texans,Houston
Houston Texans,HOU,1970,TMRB,0,HOU,232,,34.0,2340.0,332.0,,,,,,,,,,,,,,Texans,Houston
Houston Texans,HOU,1970,TMRB,0,HOU,232,,34.0,2340.0,532.0,,,,,,,,,,,,,,Texans,Houston
Buffalo Bills,BUF,1970,TMDL,0,BUF,251,buffalobills,2.0,2331.0,409.0,,,,,,,,,,,,,,Bills,Buffalo
Buffalo Bills,BUF,1970,TMDL,0,BUF,251,buffalobills,2.0,2331.0,309.0,,,,,,,,,,,,,,Bills,Buffalo
Indianapolis Colts,IND,1970,TMDL,0,IND,252,nflcolts,11.0,2341.0,402.0,,,,,,,,,,,,,,Colts,Indianapolis
Indianapolis Colts,IND,1970,TMDL,0,IND,252,nflcolts,11.0,2341.0,302.0,,,,,,,,,,,,,,Colts,Indianapolis
Indianapolis Colts,IND,1970,TMDL,0,IND,252,nflcolts,11.0,2341.0,502.0,,,,,,,,,,,,,,Colts,Indianapolis
Miami Dolphins,MIA,1970,TMDL,0,MIA,253,MiamiDolphins,15.0,2344.0,404.0,,,,,,,,,,,,,,Dolphins,Miami
Miami Dolphins,MIA,1970,TMDL,0,MIA,253,MiamiDolphins,15.0,2344.0,304.0,,,,,,,,,,,,,,Dolphins,Miami
Miami Dolphins,MIA,1970,TMDL,0,MIA,253,MiamiDolphins,15.0,2344.0,504.0,,,,,,,,,,,,,,Dolphins,Miami
New England Patriots,NEP,1970,TMDL,0,NEP,254,patriots,17.0,2346.0,406.0,,,,,,,,,,,,,,Patriots,New England
New England Patriots,NEP,1970,TMDL,0,NEP,254,patriots,17.0,2346.0,306.0,,,,,,,,,,,,,,Patriots,New England
New England Patriots,NEP,1970,TMDL,0,NEP,254,patriots,17.0,2346.0,506.0,,,,,,,,,,,,,,Patriots,New England
New York Jets,NYJ,1970,TMDL,0,NYJ,255,nyjets,20.0,2349.0,410.0,,,,,,,,,,,,,,Jets,New York
New York Jets,NYJ,1970,TMDL,0,NYJ,255,nyjets,20.0,2349.0,310.0,,,,,,,,,,,,,,Jets,New York
New York Jets,NYJ,1970,TMDL,0,NYJ,255,nyjets,20.0,2349.0,510.0,,,,,,,,,,,,,,Jets,New York
Cincinnati Bengals,CIN,1970,TMDL,0,CIN,256,Bengals,4.0,2334.0,426.0,,,,,,,,,,,,,,Bengals,Cincinnati
Cincinnati Bengals,CIN,1970,TMDL,0,CIN,256,Bengals,4.0,2334.0,326.0,,,,,,,,,,,,,,Bengals,Cincinnati
Cleveland Browns,CLE,1970,TMDL,0,CLE,257,OfficialBrowns,5.0,2335.0,419.0,,,,,,,,,,,,,,Browns,Cleveland
Cleveland Browns,CLE,1970,TMDL,0,CLE,257,OfficialBrowns,5.0,2335.0,319.0,,,,,,,,,,,,,,Browns,Cleveland
Tennessee Titans,TEN,1970,TMDL,0,TEN,258,tennesseetitans,10.0,2358.0,431.0,,,,,,,,,,,,,,Titans,Tennessee
Tennessee Titans,TEN,1970,TMDL,0,TEN,258,tennesseetitans,10.0,2358.0,331.0,,,,,,,,,,,,,,Titans,Tennessee
Tennessee Titans,TEN,1970,TMDL,0,TEN,258,tennesseetitans,10.0,2358.0,531.0,,,,,,,,,,,,,,Titans,Tennessee
Jacksonville Jaguars,JAC,1970,TMDL,0,JAC,259,jaguarsinsider,30.0,2342.0,422.0,,,,,,,,,,,,,,Jaguars,Jacksonville
Jacksonville Jaguars,JAC,1970,TMDL,0,JAC,259,jaguarsinsider,30.0,2342.0,322.0,,,,,,,,,,,,,,Jaguars,Jacksonville
Jacksonville Jaguars,JAC,1970,TMDL,0,JAC,259,jaguarsinsider,30.0,2342.0,522.0,,,,,,,,,,,,,,Jaguars,Jacksonville
Pittsburgh Steelers,PIT,1970,TMDL,0,PIT,260,steelers,23.0,2352.0,413.0,,,,,,,,,,,,,,Steelers,Pittsburgh
Pittsburgh Steelers,PIT,1970,TMDL,0,PIT,260,steelers,23.0,2352.0,313.0,,,,,,,,,,,,,,Steelers,Pittsburgh
Pittsburgh Steelers,PIT,1970,TMDL,0,PIT,260,steelers,23.0,2352.0,513.0,,,,,,,,,,,,,,Steelers,Pittsburgh
Denver Broncos,DEN,1970,TMDL,0,DEN,261,DenverBroncos,7.0,2337.0,428.0,,,,,,,,,,,,,,Broncos,Denver
Denver Broncos,DEN,1970,TMDL,0,DEN,261,DenverBroncos,7.0,2337.0,328.0,,,,,,,,,,,,,,Broncos,Denver
Kansas City Chiefs,KCC,1970,TMDL,0,KCC,262,kcchiefs,12.0,2343.0,403.0,,,,,,,,,,,,,,Chiefs,Kansas City
Kansas City Chiefs,KCC,1970,TMDL,0,KCC,262,kcchiefs,12.0,2343.0,303.0,,,,,,,,,,,,,,Chiefs,Kansas City
Kansas City Chiefs,KCC,1970,TMDL,0,KCC,262,kcchiefs,12.0,2343.0,503.0,,,,,,,,,,,,,,Chiefs,Kansas City
Las Vegas Raiders,OAK,1970,TMDL,0,LVR,263,raiders,13.0,2350.0,424.0,,,,,,,,,,,,,,Raiders,Las Vegas
Las Vegas Raiders,OAK,1970,TMDL,0,LVR,263,raiders,13.0,2350.0,324.0,,,,,,,,,,,,,,Raiders,Las Vegas
Las Vegas Raiders,OAK,1970,TMDL,0,LVR,263,raiders,13.0,2350.0,524.0,,,,,,,,,,,,,,Raiders,Las Vegas
Los Angeles Chargers,FA,1970,TMDL,0,LAC,264,chargers,24.0,,414.0,,,,,,,,,,,,,,Chargers,Los Angeles
Los Angeles Chargers,FA,1970,TMDL,0,LAC,264,chargers,24.0,,314.0,,,,,,,,,,,,,,Chargers,Los Angeles
Los Angeles Chargers,FA,1970,TMDL,0,LAC,264,chargers,24.0,,514.0,,,,,,,,,,,,,,Chargers,Los Angeles
Seattle Seahawks,SEA,1970,TMDL,0,SEA,265,seahawks,26.0,2354.0,416.0,,,,,,,,,,,,,,Seahawks,Seattle
Seattle Seahawks,SEA,1970,TMDL,0,SEA,265,seahawks,26.0,2354.0,316.0,,,,,,,,,,,,,,Seahawks,Seattle
Seattle Seahawks,SEA,1970,TMDL,0,SEA,265,seahawks,26.0,2354.0,516.0,,,,,,,,,,,,,,Seahawks,Seattle
Dallas Cowboys,DAL,1970,TMDL,0,DAL,266,dallascowboys,6.0,2336.0,427.0,,,,,,,,,,,,,,Cowboys,Dallas
Dallas Cowboys,DAL,1970,TMDL,0,DAL,266,dallascowboys,6.0,2336.0,327.0,,,,,,,,,,,,,,Cowboys,Dallas
Dallas Cowboys,DAL,1970,TMDL,0,DAL,266,dallascowboys,6.0,2336.0,527.0,,,,,,,,,,,,,,Cowboys,Dallas
New York Giants,NYG,1970,TMDL,0,NYG,267,giants,19.0,2348.0,408.0,,,,,,,,,,,,,,Giants,New York
New York Giants,NYG,1970,TMDL,0,NYG,267,giants,19.0,2348.0,308.0,,,,,,,,,,,,,,Giants,New York
New York Giants,NYG,1970,TMDL,0,NYG,267,giants,19.0,2348.0,508.0,,,,,,,,,,,,,,Giants,New York
Philadelphia Eagles,PHI,1970,TMDL,0,PHI,268,Eagles,21.0,2351.0,411.0,,,,,,,,,,,,,,Eagles,Philadelphia
Philadelphia Eagles,PHI,1970,TMDL,0,PHI,268,Eagles,21.0,2351.0,311.0,,,,,,,,,,,,,,Eagles,Philadelphia
Philadelphia Eagles,PHI,1970,TMDL,0,PHI,268,Eagles,21.0,2351.0,511.0,,,,,,,,,,,,,,Eagles,Philadelphia
Arizona Cardinals,ARI,1970,TMDL,0,ARI,269,AZCardinals,22.0,2328.0,412.0,,,,,,,,,,,,,,Cardinals,Arizona
Arizona Cardinals,ARI,1970,TMDL,0,ARI,269,AZCardinals,22.0,2328.0,312.0,,,,,,,,,,,,,,Cardinals,Arizona
Arizona Cardinals,ARI,1970,TMDL,0,ARI,269,AZCardinals,22.0,2328.0,512.0,,,,,,,,,,,,,,Cardinals,Arizona
Washington Commanders,WAS,1970,TMDL,0,WAS,270,Redskins,28.0,,418.0,,,,,,,,,,,,,,Commanders,Washington
Washington Commanders,WAS,1970,TMDL,0,WAS,270,Redskins,28.0,,318.0,,,,,,,,,,,,,,Commanders,Washington
Washington Commanders,WAS,1970,TMDL,0,WAS,270,Redskins,28.0,,518.0,,,,,,,,,,,,,,Commanders,Washington
Chicago Bears,CHI,1970,TMDL,0,CHI,271,ChicagoBears,3.0,2333.0,421.0,,,,,,,,,,,,,,Bears,Chicago
Chicago Bears,CHI,1970,TMDL,0,CHI,271,ChicagoBears,3.0,2333.0,321.0,,,,,,,,,,,,,,Bears,Chicago
Detroit Lions,DET,1970,TMDL,0,DET,272,detroitlionsnfl,8.0,2338.0,429.0,,,,,,,,,,,,,,Lions,Detroit
Detroit Lions,DET,1970,TMDL,0,DET,272,detroitlionsnfl,8.0,2338.0,329.0,,,,,,,,,,,,,,Lions,Detroit
Detroit Lions,DET,1970,TMDL,0,DET,272,detroitlionsnfl,8.0,2338.0,529.0,,,,,,,,,,,,,,Lions,Detroit
Green Bay Packers,GBP,1970,TMDL,0,GBP,273,packers,9.0,2339.0,430.0,,,,,,,,,,,,,,Packers,Green Bay
Green Bay Packers,GBP,1970,TMDL,0,GBP,273,packers,9.0,2339.0,330.0,,,,,,,,,,,,,,Packers,Green Bay
Green Bay Packers,GBP,1970,TMDL,0,GBP,273,packers,9.0,2339.0,530.0,,,,,,,,,,,,,,Packers,Green Bay
Minnesota Vikings,MIN,1970,TMDL,0,MIN,274,Vikings,16.0,2345.0,405.0,,,,,,,,,,,,,,Vikings,Minnesota
Minnesota Vikings,MIN,1970,TMDL,0,MIN,274,Vikings,16.0,2345.0,305.0,,,,,,,,,,,,,,Vikings,Minnesota
Minnesota Vikings,MIN,1970,TMDL,0,MIN,274,Vikings,16.0,2345.0,505.0,,,,,,,,,,,,,,Vikings,Minnesota
Tampa Bay Buccaneers,TBB,1970,TMDL,0,TBB,275,TBBuccaneers,27.0,2357.0,417.0,,,,,,,,,,,,,,Buccaneers,Tampa Bay
Tampa Bay Buccaneers,TBB,1970,TMDL,0,TBB,275,TBBuccaneers,27.0,2357.0,317.0,,,,,,,,,,,,,,Buccaneers,Tampa Bay
Atlanta Falcons,ATL,1970,TMDL,0,ATL,276,AtlantaFalcons,1.0,2329.0,401.0,,,,,,,,,,,,,,Falcons,Atlanta
Atlanta Falcons,ATL,1970,TMDL,0,ATL,276,AtlantaFalcons,1.0,2329.0,301.0,,,,,,,,,,,,,,Falcons,Atlanta
Atlanta Falcons,ATL,1970,TMDL,0,ATL,276,AtlantaFalcons,1.0,2329.0,501.0,,,,,,,,,,,,,,Falcons,Atlanta
Carolina Panthers,CAR,1970,TMDL,0,CAR,277,Panthers,29.0,2332.0,420.0,,,,,,,,,,,,,,Panthers,Carolina
Carolina Panthers,CAR,1970,TMDL,0,CAR,277,Panthers,29.0,2332.0,320.0,,,,,,,,,,,,,,Panthers,Carolina
Carolina Panthers,CAR,1970,TMDL,0,CAR,277,Panthers,29.0,2332.0,520.0,,,,,,,,,,,,,,Panthers,Carolina
Los Angeles Rams,FA,1970,TMDL,0,LAR,278,STLouisRams,14.0,,423.0,,,,,,,,,,,,,,Rams,Los Angeles
Los Angeles Rams,FA,1970,TMDL,0,LAR,278,STLouisRams,14.0,,323.0,,,,,,,,,,,,,,Rams,Los Angeles
Los Angeles Rams,FA,1970,TMDL,0,LAR,278,STLouisRams,14.0,,523.0,,,,,,,,,,,,,,Rams,Los Angeles
New Orleans Saints,NOS,1970,TMDL,0,NOS,279,saints,18.0,2347.0,407.0,,,,,,,,,,,,,,Saints,New Orleans
New Orleans Saints,NOS,1970,TMDL,0,NOS,279,saints,18.0,2347.0,307.0,,,,,,,,,,,,,,Saints,New Orleans
New Orleans Saints,NOS,1970,TMDL,0,NOS,279,saints,18.0,2347.0,507.0,,,,,,,,,,,,,,Saints,New Orleans
San Francisco 49ers,SFO,1970,TMDL,0,SFO,280,49ers,25.0,,415.0,,,,,,,,,,,,,,49ers,San Francisco
San Francisco 49ers,SFO,1970,TMDL,0,SFO,280,49ers,25.0,,315.0,,,,,,,,,,,,,,49ers,San Francisco
Baltimore Ravens,BAL,1970,TMDL,0,BAL,281,ravens,33.0,2330.0,425.0,,,,,,,,,,,,,,Ravens,Baltimore
Baltimore Ravens,BAL,1970,TMDL,0,BAL,281,ravens,33.0,2330.0,325.0,,,,,,,,,,,,,,Ravens,Baltimore
Baltimore Ravens,BAL,1970,TMDL,0,BAL,281,ravens,33.0,2330.0,525.0,,,,,,,,,,,,,,Ravens,Baltimore
Houston Texans,HOU,1970,TMDL,0,HOU,282,houstontexans,34.0,2340.0,432.0,,,,,,,,,,,,,,Texans,Houston
Houston Texans,HOU,1970,TMDL,0,HOU,282,houstontexans,34.0,2340.0,332.0,,,,,,,,,,,,,,Texans,Houston
Houston Texans,HOU,1970,TMDL,0,HOU,282,houstontexans,34.0,2340.0,532.0,,,,,,,,,,,,,,Texans,Houston
Buffalo Bills,BUF,1970,TMLB,0,BUF,301,buffalobills,2.0,2331.0,409.0,,,,,,,,,,,,,,Bills,Buffalo
Buffalo Bills,BUF,1970,TMLB,0,BUF,301,buffalobills,2.0,2331.0,309.0,,,,,,,,,,,,,,Bills,Buffalo
Indianapolis Colts,IND,1970,TMLB,0,IND,302,nflcolts,11.0,2341.0,402.0,,,,,,,,,,,,,,Colts,Indianapolis
Indianapolis Colts,IND,1970,TMLB,0,IND,302,nflcolts,11.0,2341.0,302.0,,,,,,,,,,,,,,Colts,Indianapolis
Indianapolis Colts,IND,1970,TMLB,0,IND,302,nflcolts,11.0,2341.0,502.0,,,,,,,,,,,,,,Colts,Indianapolis
Miami Dolphins,MIA,1970,TMLB,0,MIA,303,MiamiDolphins,15.0,2344.0,404.0,,,,,,,,,,,,,,Dolphins,Miami
Miami Dolphins,MIA,1970,TMLB,0,MIA,303,MiamiDolphins,15.0,2344.0,304.0,,,,,,,,,,,,,,Dolphins,Miami
Miami Dolphins,MIA,1970,TMLB,0,MIA,303,MiamiDolphins,15.0,2344.0,504.0,,,,,,,,,,,,,,Dolphins,Miami
New England Patriots,NEP,1970,TMLB,0,NEP,304,patriots,17.0,2346.0,406.0,,,,,,,,,,,,,,Patriots,New England
New England Patriots,NEP,1970,TMLB,0,NEP,304,patriots,17.0,2346.0,306.0,,,,,,,,,,,,,,Patriots,New England
New England Patriots,NEP,1970,TMLB,0,NEP,304,patriots,17.0,2346.0,506.0,,,,,,,,,,,,,,Patriots,New England
New York Jets,NYJ,1970,TMLB,0,NYJ,305,nyjets,20.0,2349.0,410.0,,,,,,,,,,,,,,Jets,New York
New York Jets,NYJ,1970,TMLB,0,NYJ,305,nyjets,20.0,2349.0,310.0,,,,,,,,,,,,,,Jets,New York
New York Jets,NYJ,1970,TMLB,0,NYJ,305,nyjets,20.0,2349.0,510.0,,,,,,,,,,,,,,Jets,New York
Cincinnati Bengals,CIN,1970,TMLB,0,CIN,306,Bengals,4.0,2334.0,426.0,,,,,,,,,,,,,,Bengals,Cincinnati
Cincinnati Bengals,CIN,1970,TMLB,0,CIN,306,Bengals,4.0,2334.0,326.0,,,,,,,,,,,,,,Bengals,Cincinnati
Cleveland Browns,CLE,1970,TMLB,0,CLE,307,OfficialBrowns,5.0,2335.0,419.0,,,,,,,,,,,,,,Browns,Cleveland
Cleveland Browns,CLE,1970,TMLB,0,CLE,307,OfficialBrowns,5.0,2335.0,319.0,,,,,,,,,,,,,,Browns,Cleveland
Tennessee Titans,TEN,1970,TMLB,0,TEN,308,tennesseetitans,10.0,2358.0,431.0,,,,,,,,,,,,,,Titans,Tennessee
Tennessee Titans,TEN,1970,TMLB,0,TEN,308,tennesseetitans,10.0,2358.0,331.0,,,,,,,,,,,,,,Titans,Tennessee
Tennessee Titans,TEN,1970,TMLB,0,TEN,308,tennesseetitans,10.0,2358.0,531.0,,,,,,,,,,,,,,Titans,Tennessee
Jacksonville Jaguars,JAC,1970,TMLB,0,JAC,309,jaguarsinsider,30.0,2342.0,422.0,,,,,,,,,,,,,,Jaguars,Jacksonville
Jacksonville Jaguars,JAC,1970,TMLB,0,JAC,309,jaguarsinsider,30.0,2342.0,322.0,,,,,,,,,,,,,,Jaguars,Jacksonville
Jacksonville Jaguars,JAC,1970,TMLB,0,JAC,309,jaguarsinsider,30.0,2342.0,522.0,,,,,,,,,,,,,,Jaguars,Jacksonville
Pittsburgh Steelers,PIT,1970,TMLB,0,PIT,310,steelers,23.0,2352.0,413.0,,,,,,,,,,,,,,Steelers,Pittsburgh
Pittsburgh Steelers,PIT,1970,TMLB,0,PIT,310,steelers,23.0,2352.0,313.0,,,,,,,,,,,,,,Steelers,Pittsburgh
Pittsburgh Steelers,PIT,1970,TMLB,0,PIT,310,steelers,23.0,2352.0,513.0,,,,,,,,,,,,,,Steelers,Pittsburgh
Denver Broncos,DEN,1970,TMLB,0,DEN,311,DenverBroncos,7.0,2337.0,428.0,,,,,,,,,,,,,,Broncos,Denver
Denver Broncos,DEN,1970,TMLB,0,DEN,311,DenverBroncos,7.0,2337.0,328.0,,,,,,,,,,,,,,Broncos,Denver
Kansas City Chiefs,KCC,1970,TMLB,0,KCC,312,kcchiefs,12.0,2343.0,403.0,,,,,,,,,,,,,,Chiefs,Kansas City
Kansas City Chiefs,KCC,1970,TMLB,0,KCC,312,kcchiefs,12.0,2343.0,303.0,,,,,,,,,,,,,,Chiefs,Kansas City
Kansas City Chiefs,KCC,1970,TMLB,0,KCC,312,kcchiefs,12.0,2343.0,503.0,,,,,,,,,,,,,,Chiefs,Kansas City
Las Vegas Raiders,OAK,1970,TMLB,0,LVR,313,raiders,13.0,2350.0,424.0,,,,,,,,,,,,,,Raiders,Las Vegas
Las Vegas Raiders,OAK,1970,TMLB,0,LVR,313,raiders,13.0,2350.0,324.0,,,,,,,,,,,,,,Raiders,Las Vegas
Las Vegas Raiders,OAK,1970,TMLB,0,LVR,313,raiders,13.0,2350.0,524.0,,,,,,,,,,,,,,Raiders,Las Vegas
Los Angeles Chargers,FA,1970,TMLB,0,LAC,314,chargers,24.0,,414.0,,,,,,,,,,,,,,Chargers,Los Angeles
Los Angeles Chargers,FA,1970,TMLB,0,LAC,314,chargers,24.0,,314.0,,,,,,,,,,,,,,Chargers,Los Angeles
Los Angeles Chargers,FA,1970,TMLB,0,LAC,314,chargers,24.0,,514.0,,,,,,,,,,,,,,Chargers,Los Angeles
Seattle Seahawks,SEA,1970,TMLB,0,SEA,315,seahawks,26.0,2354.0,416.0,,,,,,,,,,,,,,Seahawks,Seattle
Seattle Seahawks,SEA,1970,TMLB,0,SEA,315,seahawks,26.0,2354.0,316.0,,,,,,,,,,,,,,Seahawks,Seattle
Seattle Seahawks,SEA,1970,TMLB,0,SEA,315,seahawks,26.0,2354.0,516.0,,,,,,,,,,,,,,Seahawks,Seattle
Dallas Cowboys,DAL,1970,TMLB,0,DAL,316,dallascowboys,6.0,2336.0,427.0,,,,,,,,,,,,,,Cowboys,Dallas
Dallas Cowboys,DAL,1970,TMLB,0,DAL,316,dallascowboys,6.0,2336.0,327.0,,,,,,,,,,,,,,Cowboys,Dallas
Dallas Cowboys,DAL,1970,TMLB,0,DAL,316,dallascowboys,6.0,2336.0,527.0,,,,,,,,,,,,,,Cowboys,Dallas
New York Giants,NYG,1970,TMLB,0,NYG,317,giants,19.0,2348.0,408.0,,,,,,,,,,,,,,Giants,New York
New York Giants,NYG,1970,TMLB,0,NYG,317,giants,19.0,2348.0,308.0,,,,,,,,,,,,,,Giants,New York
New York Giants,NYG,1970,TMLB,0,NYG,317,giants,19.0,2348.0,508.0,,,,,,,,,,,,,,Giants,New York
Philadelphia Eagles,PHI,1970,TMLB,0,PHI,318,Eagles,21.0,2351.0,411.0,,,,,,,,,,,,,,Eagles,Philadelphia
Philadelphia Eagles,PHI,1970,TMLB,0,PHI,318,Eagles,21.0,2351.0,311.0,,,,,,,,,,,,,,Eagles,Philadelphia
Philadelphia Eagles,PHI,1970,TMLB,0,PHI,318,Eagles,21.0,2351.0,511.0,,,,,,,,,,,,,,Eagles,Philadelphia
Arizona Cardinals,ARI,1970,TMLB,0,ARI,319,AZCardinals,22.0,2328.0,412.0,,,,,,,,,,,,,,Cardinals,Arizona
Arizona Cardinals,ARI,1970,TMLB,0,ARI,319,AZCardinals,22.0,2328.0,312.0,,,,,,,,,,,,,,Cardinals,Arizona
Arizona Cardinals,ARI,1970,TMLB,0,ARI,319,AZCardinals,22.0,2328.0,512.0,,,,,,,,,,,,,,Cardinals,Arizona
Washington Commanders,WAS,1970,TMLB,0,WAS,320,Redskins,28.0,,418.0,,,,,,,,,,,,,,Commanders,Washington
Washington Commanders,WAS,1970,TMLB,0,WAS,320,Redskins,28.0,,318.0,,,,,,,,,,,,,,Commanders,Washington
Washington Commanders,WAS,1970,TMLB,0,WAS,320,Redskins,28.0,,518.0,,,,,,,,,,,,,,Commanders,Washington
Chicago Bears,CHI,1970,TMLB,0,CHI,321,ChicagoBears,3.0,2333.0,421.0,,,,,,,,,,,,,,Bears,Chicago
Chicago Bears,CHI,1970,TMLB,0,CHI,321,ChicagoBears,3.0,2333.0,321.0,,,,,,,,,,,,,,Bears,Chicago
Detroit Lions,DET,1970,TMLB,0,DET,322,detroitlionsnfl,8.0,2338.0,429.0,,,,,,,,,,,,,,Lions,Detroit
Detroit Lions,DET,1970,TMLB,0,DET,322,detroitlionsnfl,8.0,2338.0,329.0,,,,,,,,,,,,,,Lions,Detroit
Detroit Lions,DET,1970,TMLB,0,DET,322,detroitlionsnfl,8.0,2338.0,529.0,,,,,,,,,,,,,,Lions,Detroit
Green Bay Packers,GBP,1970,TMLB,0,GBP,323,packers,9.0,2339.0,430.0,,,,,,,,,,,,,,Packers,Green Bay
Green Bay Packers,GBP,1970,TMLB,0,GBP,323,packers,9.0,2339.0,330.0,,,,,,,,,,,,,,Packers,Green Bay
Green Bay Packers,GBP,1970,TMLB,0,GBP,323,packers,9.0,2339.0,530.0,,,,,,,,,,,,,,Packers,Green Bay
Minnesota Vikings,MIN,1970,TMLB,0,MIN,324,Vikings,16.0,2345.0,405.0,,,,,,,,,,,,,,Vikings,Minnesota
Minnesota Vikings,MIN,1970,TMLB,0,MIN,324,Vikings,16.0,2345.0,305.0,,,,,,,,,,,,,,Vikings,Minnesota
Minnesota Vikings,MIN,1970,TMLB,0,MIN,324,Vikings,16.0,2345.0,505.0,,,,,,,,,,,,,,Vikings,Minnesota
Tampa Bay Buccaneers,TBB,1970,TMLB,0,TBB,325,TBBuccaneers,27.0,2357.0,417.0,,,,,,,,,,,,,,Buccaneers,Tampa Bay
Tampa Bay Buccaneers,TBB,1970,TMLB,0,TBB,325,TBBuccaneers,27.0,2357.0,317.0,,,,,,,,,,,,,,Buccaneers,Tampa Bay
Atlanta Falcons,ATL,1970,TMLB,0,ATL,326,AtlantaFalcons,1.0,2329.0,401.0,,,,,,,,,,,,,,Falcons,Atlanta
Atlanta Falcons,ATL,1970,TMLB,0,ATL,326,AtlantaFalcons,1.0,2329.0,301.0,,,,,,,,,,,,,,Falcons,Atlanta
Atlanta Falcons,ATL,1970,TMLB,0,ATL,326,AtlantaFalcons,1.0,2329.0,501.0,,,,,,,,,,,,,,Falcons,Atlanta
Carolina Panthers,CAR,1970,TMLB,0,CAR,327,Panthers,29.0,2332.0,420.0,,,,,,,,,,,,,,Panthers,Carolina
Carolina Panthers,CAR,1970,TMLB,0,CAR,327,Panthers,29.0,2332.0,320.0,,,,,,,,,,,,,,Panthers,Carolina
Carolina Panthers,CAR,1970,TMLB,0,CAR,327,Panthers,29.0,2332.0,520.0,,,,,,,,,,,,,,Panthers,Carolina
Los Angeles Rams,FA,1970,TMLB,0,LAR,328,STLouisRams,14.0,,423.0,,,,,,,,,,,,,,Rams,Los Angeles
Los Angeles Rams,FA,1970,TMLB,0,LAR,328,STLouisRams,14.0,,323.0,,,,,,,,,,,,,,Rams,Los Angeles
Los Angeles Rams,FA,1970,TMLB,0,LAR,328,STLouisRams,14.0,,523.0,,,,,,,,,,,,,,Rams,Los Angeles
New Orleans Saints,NOS,1970,TMLB,0,NOS,329,saints,18.0,2347.0,407.0,,,,,,,,,,,,,,Saints,New Orleans
New Orleans Saints,NOS,1970,TMLB,0,NOS,329,saints,18.0,2347.0,307.0,,,,,,,,,,,,,,Saints,New Orleans
New Orleans Saints,NOS,1970,TMLB,0,NOS,329,saints,18.0,2347.0,507.0,,,,,,,,,,,,,,Saints,New Orleans
San Francisco 49ers,SFO,1970,TMLB,0,SFO,330,49ers,25.0,,415.0,,,,,,,,,,,,,,49ers,San Francisco
San Francisco 49ers,SFO,1970,TMLB,0,SFO,330,49ers,25.0,,315.0,,,,,,,,,,,,,,49ers,San Francisco
Baltimore Ravens,BAL,1970,TMLB,0,BAL,331,ravens,33.0,2330.0,425.0,,,,,,,,,,,,,,Ravens,Baltimore
Baltimore Ravens,BAL,1970,TMLB,0,BAL,331,ravens,33.0,2330.0,325.0,,,,,,,,,,,,,,Ravens,Baltimore
Baltimore Ravens,BAL,1970,TMLB,0,BAL,331,ravens,33.0,2330.0,525.0,,,,,,,,,,,,,,Ravens,Baltimore
Houston Texans,HOU,1970,TMLB,0,HOU,332,houstontexans,34.0,2340.0,432.0,,,,,,,,,,,,,,Texans,Houston
Houston Texans,HOU,1970,TMLB,0,HOU,332,houstontexans,34.0,2340.0,332.0,,,,,,,,,,,,,,Texans,Houston
Houston Texans,HOU,1970,TMLB,0,HOU,332,houstontexans,34.0,2340.0,532.0,,,,,,,,,,,,,,Texans,Houston
Buffalo Bills,BUF,1970,TMDB,0,BUF,351,buffalobills,2.0,2331.0,409.0,,,,,,,,,,,,,,Bills,Buffalo
Buffalo Bills,BUF,1970,TMDB,0,BUF,351,buffalobills,2.0,2331.0,309.0,,,,,,,,,,,,,,Bills,Buffalo
Indianapolis Colts,IND,1970,TMDB,0,IND,352,nflcolts,11.0,2341.0,402.0,,,,,,,,,,,,,,Colts,Indianapolis
Indianapolis Colts,IND,1970,TMDB,0,IND,352,nflcolts,11.0,2341.0,302.0,,,,,,,,,,,,,,Colts,Indianapolis
Indianapolis Colts,IND,1970,TMDB,0,IND,352,nflcolts,11.0,2341.0,502.0,,,,,,,,,,,,,,Colts,Indianapolis
Miami Dolphins,MIA,1970,TMDB,0,MIA,353,MiamiDolphins,15.0,2344.0,404.0,,,,,,,,,,,,,,Dolphins,Miami
Miami Dolphins,MIA,1970,TMDB,0,MIA,353,MiamiDolphins,15.0,2344.0,304.0,,,,,,,,,,,,,,Dolphins,Miami
Miami Dolphins,MIA,1970,TMDB,0,MIA,353,MiamiDolphins,15.0,2344.0,504.0,,,,,,,,,,,,,,Dolphins,Miami
New England Patriots,NEP,1970,TMDB,0,NEP,354,patriots,17.0,2346.0,406.0,,,,,,,,,,,,,,Patriots,New England
New England Patriots,NEP,1970,TMDB,0,NEP,354,patriots,17.0,2346.0,306.0,,,,,,,,,,,,,,Patriots,New England
New England Patriots,NEP,1970,TMDB,0,NEP,354,patriots,17.0,2346.0,506.0,,,,,,,,,,,,,,Patriots,New England
New York Jets,NYJ,1970,TMDB,0,NYJ,355,nyjets,20.0,2349.0,410.0,,,,,,,,,,,,,,Jets,New York
New York Jets,NYJ,1970,TMDB,0,NYJ,355,nyjets,20.0,2349.0,310.0,,,,,,,,,,,,,,Jets,New York
New York Jets,NYJ,1970,TMDB,0,NYJ,355,nyjets,20.0,2349.0,510.0,,,,,,,,,,,,,,Jets,New York
Cincinnati Bengals,CIN,1970,TMDB,0,CIN,356,Bengals,4.0,2334.0,426.0,,,,,,,,,,,,,,Bengals,Cincinnati
Cincinnati Bengals,CIN,1970,TMDB,0,CIN,356,Bengals,4.0,2334.0,326.0,,,,,,,,,,,,,,Bengals,Cincinnati
Cleveland Browns,CLE,1970,TMDB,0,CLE,357,OfficialBrowns,5.0,2335.0,419.0,,,,,,,,,,,,,,Browns,Cleveland
Cleveland Browns,CLE,1970,TMDB,0,CLE,357,OfficialBrowns,5.0,2335.0,319.0,,,,,,,,,,,,,,Browns,Cleveland
Tennessee Titans,TEN,1970,TMDB,0,TEN,358,tennesseetitans,10.0,2358.0,431.0,,,,,,,,,,,,,,Titans,Tennessee
Tennessee Titans,TEN,1970,TMDB,0,TEN,358,tennesseetitans,10.0,2358.0,331.0,,,,,,,,,,,,,,Titans,Tennessee
Tennessee Titans,TEN,1970,TMDB,0,TEN,358,tennesseetitans,10.0,2358.0,531.0,,,,,,,,,,,,,,Titans,Tennessee
Jacksonville Jaguars,JAC,1970,TMDB,0,JAC,359,jaguarsinsider,30.0,2342.0,422.0,,,,,,,,,,,,,,Jaguars,Jacksonville
Jacksonville Jaguars,JAC,1970,TMDB,0,JAC,359,jaguarsinsider,30.0,2342.0,322.0,,,,,,,,,,,,,,Jaguars,Jacksonville
Jacksonville Jaguars,JAC,1970,TMDB,0,JAC,359,jaguarsinsider,30.0,2342.0,522.0,,,,,,,,,,,,,,Jaguars,Jacksonville
Pittsburgh Steelers,PIT,1970,TMDB,0,PIT,360,steelers,23.0,2352.0,413.0,,,,,,,,,,,,,,Steelers,Pittsburgh
Pittsburgh Steelers,PIT,1970,TMDB,0,PIT,360,steelers,23.0,2352.0,313.0,,,,,,,,,,,,,,Steelers,Pittsburgh
Pittsburgh Steelers,PIT,1970,TMDB,0,PIT,360,steelers,23.0,2352.0,513.0,,,,,,,,,,,,,,Steelers,Pittsburgh
Denver Broncos,DEN,1970,TMDB,0,DEN,361,DenverBroncos,7.0,2337.0,428.0,,,,,,,,,,,,,,Broncos,Denver
Denver Broncos,DEN,1970,TMDB,0,DEN,361,DenverBroncos,7.0,2337.0,328.0,,,,,,,,,,,,,,Broncos,Denver
Kansas City Chiefs,KCC,1970,TMDB,0,KCC,362,kcchiefs,12.0,2343.0,403.0,,,,,,,,,,,,,,Chiefs,Kansas City
Kansas City Chiefs,KCC,1970,TMDB,0,KCC,362,kcchiefs,12.0,2343.0,303.0,,,,,,,,,,,,,,Chiefs,Kansas City
Kansas City Chiefs,KCC,1970,TMDB,0,KCC,362,kcchiefs,12.0,2343.0,503.0,,,,,,,,,,,,,,Chiefs,Kansas City
Las Vegas Raiders,OAK,1970,TMDB,0,LVR,363,raiders,13.0,2350.0,424.0,,,,,,,,,,,,,,Raiders,Las Vegas
Las Vegas Raiders,OAK,1970,TMDB,0,LVR,363,raiders,13.0,2350.0,324.0,,,,,,,,,,,,,,Raiders,Las Vegas
Las Vegas Raiders,OAK,1970,TMDB,0,LVR,363,raiders,13.0,2350.0,524.0,,,,,,,,,,,,,,Raiders,Las Vegas
Los Angeles Chargers,FA,1970,TMDB,0,LAC,364,chargers,24.0,,414.0,,,,,,,,,,,,,,Chargers,Los Angeles
Los Angeles Chargers,FA,1970,TMDB,0,LAC,364,chargers,24.0,,314.0,,,,,,,,,,,,,,Chargers,Los Angeles
Los Angeles Chargers,FA,1970,TMDB,0,LAC,364,chargers,24.0,,514.0,,,,,,,,,,,,,,Chargers,Los Angeles
Seattle Seahawks,SEA,1970,TMDB,0,SEA,365,seahawks,26.0,2354.0,416.0,,,,,,,,,,,,,,Seahawks,Seattle
Seattle Seahawks,SEA,1970,TMDB,0,SEA,365,seahawks,26.0,2354.0,316.0,,,,,,,,,,,,,,Seahawks,Seattle
Seattle Seahawks,SEA,1970,TMDB,0,SEA,365,seahawks,26.0,2354.0,516.0,,,,,,,,,,,,,,Seahawks,Seattle
Dallas Cowboys,DAL,1970,TMDB,0,DAL,366,dallascowboys,6.0,2336.0,427.0,,,,,,,,,,,,,,Cowboys,Dallas
Dallas Cowboys,DAL,1970,TMDB,0,DAL,366,dallascowboys,6.0,2336.0,327.0,,,,,,,,,,,,,,Cowboys,Dallas
Dallas Cowboys,DAL,1970,TMDB,0,DAL,366,dallascowboys,6.0,2336.0,527.0,,,,,,,,,,,,,,Cowboys,Dallas
New York Giants,NYG,1970,TMDB,0,NYG,367,giants,19.0,2348.0,408.0,,,,,,,,,,,,,,Giants,New York
New York Giants,NYG,1970,TMDB,0,NYG,367,giants,19.0,2348.0,308.0,,,,,,,,,,,,,,Giants,New York
New York Giants,NYG,1970,TMDB,0,NYG,367,giants,19.0,2348.0,508.0,,,,,,,,,,,,,,Giants,New York
Philadelphia Eagles,PHI,1970,TMDB,0,PHI,368,Eagles,21.0,2351.0,411.0,,,,,,,,,,,,,,Eagles,Philadelphia
Philadelphia Eagles,PHI,1970,TMDB,0,PHI,368,Eagles,21.0,2351.0,311.0,,,,,,,,,,,,,,Eagles,Philadelphia
Philadelphia Eagles,PHI,1970,TMDB,0,PHI,368,Eagles,21.0,2351.0,511.0,,,,,,,,,,,,,,Eagles,Philadelphia
Arizona Cardinals,ARI,1970,TMDB,0,ARI,369,AZCardinals,22.0,2328.0,412.0,,,,,,,,,,,,,,Cardinals,Arizona
Arizona Cardinals,ARI,1970,TMDB,0,ARI,369,AZCardinals,22.0,2328.0,312.0,,,,,,,,,,,,,,Cardinals,Arizona
Arizona Cardinals,ARI,1970,TMDB,0,ARI,369,AZCardinals,22.0,2328.0,512.0,,,,,,,,,,,,,,Cardinals,Arizona
Washington Commanders,WAS,1970,TMDB,0,WAS,370,Redskins,28.0,,418.0,,,,,,,,,,,,,,Commanders,Washington
Washington Commanders,WAS,1970,TMDB,0,WAS,370,Redskins,28.0,,318.0,,,,,,,,,,,,,,Commanders,Washington
Washington Commanders,WAS,1970,TMDB,0,WAS,370,Redskins,28.0,,518.0,,,,,,,,,,,,,,Commanders,Washington
Chicago Bears,CHI,1970,TMDB,0,CHI,371,ChicagoBears,3.0,2333.0,421.0,,,,,,,,,,,,,,Bears,Chicago
Chicago Bears,CHI,1970,TMDB,0,CHI,371,ChicagoBears,3.0,2333.0,321.0,,,,,,,,,,,,,,Bears,Chicago
Detroit Lions,DET,1970,TMDB,0,DET,372,detroitlionsnfl,8.0,2338.0,429.0,,,,,,,,,,,,,,Lions,Detroit
Detroit Lions,DET,1970,TMDB,0,DET,372,detroitlionsnfl,8.0,2338.0,329.0,,,,,,,,,,,,,,Lions,Detroit
Detroit Lions,DET,1970,TMDB,0,DET,372,detroitlionsnfl,8.0,2338.0,529.0,,,,,,,,,,,,,,Lions,Detroit
Green Bay Packers,GBP,1970,TMDB,0,GBP,373,packers,9.0,2339.0,430.0,,,,,,,,,,,,,,Packers,Green Bay
Green Bay Packers,GBP,1970,TMDB,0,GBP,373,packers,9.0,2339.0,330.0,,,,,,,,,,,,,,Packers,Green Bay
Green Bay Packers,GBP,1970,TMDB,0,GBP,373,packers,9.0,2339.0,530.0,,,,,,,,,,,,,,Packers,Green Bay
Minnesota Vikings,MIN,1970,TMDB,0,MIN,374,Vikings,16.0,2345.0,405.0,,,,,,,,,,,,,,Vikings,Minnesota
Minnesota Vikings,MIN,1970,TMDB,0,MIN,374,Vikings,16.0,2345.0,305.0,,,,,,,,,,,,,,Vikings,Minnesota
Minnesota Vikings,MIN,1970,TMDB,0,MIN,374,Vikings,16.0,2345.0,505.0,,,,,,,,,,,,,,Vikings,Minnesota
Tampa Bay Buccaneers,TBB,1970,TMDB,0,TBB,375,TBBuccaneers,27.0,2357.0,417.0,,,,,,,,,,,,,,Buccaneers,Tampa Bay
Tampa Bay Buccaneers,TBB,1970,TMDB,0,TBB,375,TBBuccaneers,27.0,2357.0,317.0,,,,,,,,,,,,,,Buccaneers,Tampa Bay
Atlanta Falcons,ATL,1970,TMDB,0,ATL,376,AtlantaFalcons,1.0,2329.0,401.0,,,,,,,,,,,,,,Falcons,Atlanta
Atlanta Falcons,ATL,1970,TMDB,0,ATL,376,AtlantaFalcons,1.0,2329.0,301.0,,,,,,,,,,,,,,Falcons,Atlanta
Atlanta Falcons,ATL,1970,TMDB,0,ATL,376,AtlantaFalcons,1.0,2329.0,501.0,,,,,,,,,,,,,,Falcons,Atlanta
Carolina Panthers,CAR,1970,TMDB,0,CAR,377,Panthers,29.0,2332.0,420.0,,,,,,,,,,,,,,Panthers,Carolina
Carolina Panthers,CAR,1970,TMDB,0,CAR,377,Panthers,29.0,2332.0,320.0,,,,,,,,,,,,,,Panthers,Carolina
Carolina Panthers,CAR,1970,TMDB,0,CAR,377,Panthers,29.0,2332.0,520.0,,,,,,,,,,,,,,Panthers,Carolina
Los Angeles Rams,FA,1970,TMDB,0,LAR,378,STLouisRams,14.0,,423.0,,,,,,,,,,,,,,Rams,Los Angeles
Los Angeles Rams,FA,1970,TMDB,0,LAR,378,STLouisRams,14.0,,323.0,,,,,,,,,,,,,,Rams,Los Angeles
Los Angeles Rams,FA,1970,TMDB,0,LAR,378,STLouisRams,14.0,,523.0,,,,,,,,,,,,,,Rams,Los Angeles
New Orleans Saints,NOS,1970,TMDB,0,NOS,379,saints,18.0,2347.0,407.0,,,,,,,,,,,,,,Saints,New Orleans
New Orleans Saints,NOS,1970,TMDB,0,NOS,379,saints,18.0,2347.0,307.0,,,,,,,,,,,,,,Saints,New Orleans
New Orleans Saints,NOS,1970,TMDB,0,NOS,379,saints,18.0,2347.0,507.0,,,,,,,,,,,,,,Saints,New Orleans
San Francisco 49ers,SFO,1970,TMDB,0,SFO,380,49ers,25.0,,415.0,,,,,,,,,,,,,,49ers,San Francisco
San Francisco 49ers,SFO,1970,TMDB,0,SFO,380,49ers,25.0,,315.0,,,,,,,,,,,,,,49ers,San Francisco
Baltimore Ravens,BAL,1970,TMDB,0,BAL,381,ravens,33.0,2330.0,425.0,,,,,,,,,,,,,,Ravens,Baltimore
Baltimore Ravens,BAL,1970,TMDB,0,BAL,381,ravens,33.0,2330.0,325.0,,,,,,,,,,,,,,Ravens,Baltimore
Baltimore Ravens,BAL,1970,TMDB,0,BAL,381,ravens,33.0,2330.0,525.0,,,,,,,,,,,,,,Ravens,Baltimore
Houston Texans,HOU,1970,TMDB,0,HOU,382,houstontexans,34.0,2340.0,432.0,,,,,,,,,,,,,,Texans,Houston
Houston Texans,HOU,1970,TMDB,0,HOU,382,houstontexans,34.0,2340.0,332.0,,,,,,,,,,,,,,Texans,Houston
Houston Texans,HOU,1970,TMDB,0,HOU,382,houstontexans,34.0,2340.0,532.0,,,,,,,,,,,,,,Texans,Houston
Buffalo Bills,BUF,1970,TMTE,0,BUF,401,buffalobills,2.0,2331.0,409.0,,,,,,,,,,,,,,Bills,Buffalo
Buffalo Bills,BUF,1970,TMTE,0,BUF,401,buffalobills,2.0,2331.0,309.0,,,,,,,,,,,,,,Bills,Buffalo
Indianapolis Colts,IND,1970,TMTE,0,IND,402,nflcolts,11.0,2341.0,402.0,,,,,,,,,,,,,,Colts,Indianapolis
Indianapolis Colts,IND,1970,TMTE,0,IND,402,nflcolts,11.0,2341.0,302.0,,,,,,,,,,,,,,Colts,Indianapolis
Indianapolis Colts,IND,1970,TMTE,0,IND,402,nflcolts,11.0,2341.0,502.0,,,,,,,,,,,,,,Colts,Indianapolis
Miami Dolphins,MIA,1970,TMTE,0,MIA,403,MiamiDolphins,15.0,2344.0,404.0,,,,,,,,,,,,,,Dolphins,Miami
Miami Dolphins,MIA,1970,TMTE,0,MIA,403,MiamiDolphins,15.0,2344.0,304.0,,,,,,,,,,,,,,Dolphins,Miami
Miami Dolphins,MIA,1970,TMTE,0,MIA,403,MiamiDolphins,15.0,2344.0,504.0,,,,,,,,,,,,,,Dolphins,Miami
New England Patriots,NEP,1970,TMTE,0,NEP,404,patriots,17.0,2346.0,406.0,,,,,,,,,,,,,,Patriots,New England
New England Patriots,NEP,1970,TMTE,0,NEP,404,patriots,17.0,2346.0,306.0,,,,,,,,,,,,,,Patriots,New England
New England Patriots,NEP,1970,TMTE,0,NEP,404,patriots,17.0,2346.0,506.0,,,,,,,,,,,,,,Patriots,New England
New York Jets,NYJ,1970,TMTE,0,NYJ,405,nyjets,20.0,2349.0,410.0,,,,,,,,,,,,,,Jets,New York
New York Jets,NYJ,1970,TMTE,0,NYJ,405,nyjets,20.0,2349.0,310.0,,,,,,,,,,,,,,Jets,New York
New York Jets,NYJ,1970,TMTE,0,NYJ,405,nyjets,20.0,2349.0,510.0,,,,,,,,,,,,,,Jets,New York
Cincinnati Bengals,CIN,1970,TMTE,0,CIN,406,Bengals,4.0,2334.0,426.0,,,,,,,,,,,,,,Bengals,Cincinnati
Cincinnati Bengals,CIN,1970,TMTE,0,CIN,406,Bengals,4.0,2334.0,326.0,,,,,,,,,,,,,,Bengals,Cincinnati
Cleveland Browns,CLE,1970,TMTE,0,CLE,407,OfficialBrowns,5.0,2335.0,419.0,,,,,,,,,,,,,,Browns,Cleveland
Cleveland Browns,CLE,1970,TMTE,0,CLE,407,OfficialBrowns,5.0,2335.0,319.0,,,,,,,,,,,,,,Browns,Cleveland
Tennessee Titans,TEN,1970,TMTE,0,TEN,408,tennesseetitans,10.0,2358.0,431.0,,,,,,,,,,,,,,Titans,Tennessee
Tennessee Titans,TEN,1970,TMTE,0,TEN,408,tennesseetitans,10.0,2358.0,331.0,,,,,,,,,,,,,,Titans,Tennessee
Tennessee Titans,TEN,1970,TMTE,0,TEN,408,tennesseetitans,10.0,2358.0,531.0,,,,,,,,,,,,,,Titans,Tennessee
Jacksonville Jaguars,JAC,1970,TMTE,0,JAC,409,jaguarsinsider,30.0,2342.0,422.0,,,,,,,,,,,,,,Jaguars,Jacksonville
Jacksonville Jaguars,JAC,1970,TMTE,0,JAC,409,jaguarsinsider,30.0,2342.0,322.0,,,,,,,,,,,,,,Jaguars,Jacksonville
Jacksonville Jaguars,JAC,1970,TMTE,0,JAC,409,jaguarsinsider,30.0,2342.0,522.0,,,,,,,,,,,,,,Jaguars,Jacksonville
Pittsburgh Steelers,PIT,1970,TMTE,0,PIT,410,steelers,23.0,2352.0,413.0,,,,,,,,,,,,,,Steelers,Pittsburgh
Pittsburgh Steelers,PIT,1970,TMTE,0,PIT,410,steelers,23.0,2352.0,313.0,,,,,,,,,,,,,,Steelers,Pittsburgh
Pittsburgh Steelers,PIT,1970,TMTE,0,PIT,410,steelers,23.0,2352.0,513.0,,,,,,,,,,,,,,Steelers,Pittsburgh
Denver Broncos,DEN,1970,TMTE,0,DEN,411,DenverBroncos,7.0,2337.0,428.0,,,,,,,,,,,,,,Broncos,Denver
Denver Broncos,DEN,1970,TMTE,0,DEN,411,DenverBroncos,7.0,2337.0,328.0,,,,,,,,,,,,,,Broncos,Denver
Kansas City Chiefs,KCC,1970,TMTE,0,KCC,412,kcchiefs,12.0,2343.0,403.0,,,,,,,,,,,,,,Chiefs,Kansas City
Kansas City Chiefs,KCC,1970,TMTE,0,KCC,412,kcchiefs,12.0,2343.0,303.0,,,,,,,,,,,,,,Chiefs,Kansas City
Kansas City Chiefs,KCC,1970,TMTE,0,KCC,412,kcchiefs,12.0,2343.0,503.0,,,,,,,,,,,,,,Chiefs,Kansas City
Las Vegas Raiders,OAK,1970,TMTE,0,LVR,413,raiders,13.0,2350.0,424.0,,,,,,,,,,,,,,Raiders,Las Vegas
Las Vegas Raiders,OAK,1970,TMTE,0,LVR,413,raiders,13.0,2350.0,324.0,,,,,,,,,,,,,,Raiders,Las Vegas
Las Vegas Raiders,OAK,1970,TMTE,0,LVR,413,raiders,13.0,2350.0,524.0,,,,,,,,,,,,,,Raiders,Las Vegas
Los Angeles Chargers,FA,1970,TMTE,0,LAC,414,chargers,24.0,,414.0,,,,,,,,,,,,,,Chargers,Los Angeles
Los Angeles Chargers,FA,1970,TMTE,0,LAC,414,chargers,24.0,,314.0,,,,,,,,,,,,,,Chargers,Los Angeles
Los Angeles Chargers,FA,1970,TMTE,0,LAC,414,chargers,24.0,,514.0,,,,,,,,,,,,,,Chargers,Los Angeles
Seattle Seahawks,SEA,1970,TMTE,0,SEA,415,seahawks,26.0,2354.0,416.0,,,,,,,,,,,,,,Seahawks,Seattle
Seattle Seahawks,SEA,1970,TMTE,0,SEA,415,seahawks,26.0,2354.0,316.0,,,,,,,,,,,,,,Seahawks,Seattle
Seattle Seahawks,SEA,1970,TMTE,0,SEA,415,seahawks,26.0,2354.0,516.0,,,,,,,,,,,,,,Seahawks,Seattle
Dallas Cowboys,DAL,1970,TMTE,0,DAL,416,dallascowboys,6.0,2336.0,427.0,,,,,,,,,,,,,,Cowboys,Dallas
Dallas Cowboys,DAL,1970,TMTE,0,DAL,416,dallascowboys,6.0,2336.0,327.0,,,,,,,,,,,,,,Cowboys,Dallas
Dallas Cowboys,DAL,1970,TMTE,0,DAL,416,dallascowboys,6.0,2336.0,527.0,,,,,,,,,,,,,,Cowboys,Dallas
New York Giants,NYG,1970,TMTE,0,NYG,417,giants,19.0,2348.0,408.0,,,,,,,,,,,,,,Giants,New York
New York Giants,NYG,1970,TMTE,0,NYG,417,giants,19.0,2348.0,308.0,,,,,,,,,,,,,,Giants,New York
New York Giants,NYG,1970,TMTE,0,NYG,417,giants,19.0,2348.0,508.0,,,,,,,,,,,,,,Giants,New York
Philadelphia Eagles,PHI,1970,TMTE,0,PHI,418,Eagles,21.0,2351.0,411.0,,,,,,,,,,,,,,Eagles,Philadelphia
Philadelphia Eagles,PHI,1970,TMTE,0,PHI,418,Eagles,21.0,2351.0,311.0,,,,,,,,,,,,,,Eagles,Philadelphia
Philadelphia Eagles,PHI,1970,TMTE,0,PHI,418,Eagles,21.0,2351.0,511.0,,,,,,,,,,,,,,Eagles,Philadelphia
Arizona Cardinals,ARI,1970,TMTE,0,ARI,419,AZCardinals,22.0,2328.0,412.0,,,,,,,,,,,,,,Cardinals,Arizona
Arizona Cardinals,ARI,1970,TMTE,0,ARI,419,AZCardinals,22.0,2328.0,312.0,,,,,,,,,,,,,,Cardinals,Arizona
Arizona Cardinals,ARI,1970,TMTE,0,ARI,419,AZCardinals,22.0,2328.0,512.0,,,,,,,,,,,,,,Cardinals,Arizona
Washington Commanders,WAS,1970,TMTE,0,WAS,420,Redskins,28.0,,418.0,,,,,,,,,,,,,,Commanders,Washington
Washington Commanders,WAS,1970,TMTE,0,WAS,420,Redskins,28.0,,318.0,,,,,,,,,,,,,,Commanders,Washington
Washington Commanders,WAS,1970,TMTE,0,WAS,420,Redskins,28.0,,518.0,,,,,,,,,,,,,,Commanders,Washington
Chicago Bears,CHI,1970,TMTE,0,CHI,421,ChicagoBears,3.0,2333.0,421.0,,,,,,,,,,,,,,Bears,Chicago
Chicago Bears,CHI,1970,TMTE,0,CHI,421,ChicagoBears,3.0,2333.0,321.0,,,,,,,,,,,,,,Bears,Chicago
Detroit Lions,DET,1970,TMTE,0,DET,422,detroitlionsnfl,8.0,2338.0,429.0,,,,,,,,,,,,,,Lions,Detroit
Detroit Lions,DET,1970,TMTE,0,DET,422,detroitlionsnfl,8.0,2338.0,329.0,,,,,,,,,,,,,,Lions,Detroit
Detroit Lions,DET,1970,TMTE,0,DET,422,detroitlionsnfl,8.0,2338.0,529.0,,,,,,,,,,,,,,Lions,Detroit
Green Bay Packers,GBP,1970,TMTE,0,GBP,423,packers,9.0,2339.0,430.0,,,,,,,,,,,,,,Packers,Green Bay
Green Bay Packers,GBP,1970,TMTE,0,GBP,423,packers,9.0,2339.0,330.0,,,,,,,,,,,,,,Packers,Green Bay
Green Bay Packers,GBP,1970,TMTE,0,GBP,423,packers,9.0,2339.0,530.0,,,,,,,,,,,,,,Packers,Green Bay
Minnesota Vikings,MIN,1970,TMTE,0,MIN,424,Vikings,16.0,2345.0,405.0,,,,,,,,,,,,,,Vikings,Minnesota
Minnesota Vikings,MIN,1970,TMTE,0,MIN,424,Vikings,16.0,2345.0,305.0,,,,,,,,,,,,,,Vikings,Minnesota
Minnesota Vikings,MIN,1970,TMTE,0,MIN,424,Vikings,16.0,2345.0,505.0,,,,,,,,,,,,,,Vikings,Minnesota
Tampa Bay Buccaneers,TBB,1970,TMTE,0,TBB,425,TBBuccaneers,27.0,2357.0,417.0,,,,,,,,,,,,,,Buccaneers,Tampa Bay
Tampa Bay Buccaneers,TBB,1970,TMTE,0,TBB,425,TBBuccaneers,27.0,2357.0,317.0,,,,,,,,,,,,,,Buccaneers,Tampa Bay
Atlanta Falcons,ATL,1970,TMTE,0,ATL,426,AtlantaFalcons,1.0,2329.0,401.0,,,,,,,,,,,,,,Falcons,Atlanta
Atlanta Falcons,ATL,1970,TMTE,0,ATL,426,AtlantaFalcons,1.0,2329.0,301.0,,,,,,,,,,,,,,Falcons,Atlanta
Atlanta Falcons,ATL,1970,TMTE,0,ATL,426,AtlantaFalcons,1.0,2329.0,501.0,,,,,,,,,,,,,,Falcons,Atlanta
Carolina Panthers,CAR,1970,TMTE,0,CAR,427,Panthers,29.0,2332.0,420.0,,,,,,,,,,,,,,Panthers,Carolina
Carolina Panthers,CAR,1970,TMTE,0,CAR,427,Panthers,29.0,2332.0,320.0,,,,,,,,,,,,,,Panthers,Carolina
Carolina Panthers,CAR,1970,TMTE,0,CAR,427,Panthers,29.0,2332.0,520.0,,,,,,,,,,,,,,Panthers,Carolina
Los Angeles Rams,FA,1970,TMTE,0,LAR,428,STLouisRams,14.0,,423.0,,,,,,,,,,,,,,Rams,Los Angeles
Los Angeles Rams,FA,1970,TMTE,0,LAR,428,STLouisRams,14.0,,323.0,,,,,,,,,,,,,,Rams,Los Angeles
Los Angeles Rams,FA,1970,TMTE,0,LAR,428,STLouisRams,14.0,,523.0,,,,,,,,,,,,,,Rams,Los Angeles
New Orleans Saints,NOS,1970,TMTE,0,NOS,429,saints,18.0,2347.0,407.0,,,,,,,,,,,,,,Saints,New Orleans
New Orleans Saints,NOS,1970,TMTE,0,NOS,429,saints,18.0,2347.0,307.0,,,,,,,,,,,,,,Saints,New Orleans
New Orleans Saints,NOS,1970,TMTE,0,NOS,429,saints,18.0,2347.0,507.0,,,,,,,,,,,,,,Saints,New Orleans
San Francisco 49ers,SFO,1970,TMTE,0,SFO,430,49ers,25.0,,415.0,,,,,,,,,,,,,,49ers,San Francisco
San Francisco 49ers,SFO,1970,TMTE,0,SFO,430,49ers,25.0,,315.0,,,,,,,,,,,,,,49ers,San Francisco
Baltimore Ravens,BAL,1970,TMTE,0,BAL,431,ravens,33.0,2330.0,425.0,,,,,,,,,,,,,,Ravens,Baltimore
Baltimore Ravens,BAL,1970,TMTE,0,BAL,431,ravens,33.0,2330.0,325.0,,,,,,,,,,,,,,Ravens,Baltimore
Baltimore Ravens,BAL,1970,TMTE,0,BAL,431,ravens,33.0,2330.0,525.0,,,,,,,,,,,,,,Ravens,Baltimore
Houston Texans,HOU,1970,TMTE,0,HOU,432,houstontexans,34.0,2340.0,432.0,,,,,,,,,,,,,,Texans,Houston
Houston Texans,HOU,1970,TMTE,0,HOU,432,houstontexans,34.0,2340.0,332.0,,,,,,,,,,,,,,Texans,Houston
Houston Texans,HOU,1970,TMTE,0,HOU,432,houstontexans,34.0,2340.0,532.0,,,,,,,,,,,,,,Texans,Houston
Buffalo Bills,BUF,1970,Def,0,BUF,501,buffalobills,2.0,2331.0,409.0,,,,,,,,,,,,,,Bills,Buffalo
Buffalo Bills,BUF,1970,Def,0,BUF,501,buffalobills,2.0,2331.0,309.0,,,,,,,,,,,,,,Bills,Buffalo
Indianapolis Colts,IND,1970,Def,0,IND,502,nflcolts,11.0,2341.0,402.0,,,,,,,,,,,,,,Colts,Indianapolis
Indianapolis Colts,IND,1970,Def,0,IND,502,nflcolts,11.0,2341.0,302.0,,,,,,,,,,,,,,Colts,Indianapolis
Indianapolis Colts,IND,1970,Def,0,IND,502,nflcolts,11.0,2341.0,502.0,,,,,,,,,,,,,,Colts,Indianapolis
Miami Dolphins,MIA,1970,Def,0,MIA,503,MiamiDolphins,15.0,2344.0,404.0,,,,,,,,,,,,,,Dolphins,Miami
Miami Dolphins,MIA,1970,Def,0,MIA,503,MiamiDolphins,15.0,2344.0,304.0,,,,,,,,,,,,,,Dolphins,Miami
Miami Dolphins,MIA,1970,Def,0,MIA,503,MiamiDolphins,15.0,2344.0,504.0,,,,,,,,,,,,,,Dolphins,Miami
New England Patriots,NEP,1970,Def,0,NEP,504,patriots,17.0,2346.0,406.0,,,,,,,,,,,,,,Patriots,New England
New England Patriots,NEP,1970,Def,0,NEP,504,patriots,17.0,2346.0,306.0,,,,,,,,,,,,,,Patriots,New England
New England Patriots,NEP,1970,Def,0,NEP,504,patriots,17.0,2346.0,506.0,,,,,,,,,,,,,,Patriots,New England
New York Jets,NYJ,1970,Def,0,NYJ,505,nyjets,20.0,2349.0,410.0,,,,,,,,,,,,,,Jets,New York
New York Jets,NYJ,1970,Def,0,NYJ,505,nyjets,20.0,2349.0,310.0,,,,,,,,,,,,,,Jets,New York
New York Jets,NYJ,1970,Def,0,NYJ,505,nyjets,20.0,2349.0,510.0,,,,,,,,,,,,,,Jets,New York
Cincinnati Bengals,CIN,1970,Def,0,CIN,506,Bengals,4.0,2334.0,426.0,,,,,,,,,,,,,,Bengals,Cincinnati
Cincinnati Bengals,CIN,1970,Def,0,CIN,506,Bengals,4.0,2334.0,326.0,,,,,,,,,,,,,,Bengals,Cincinnati
Cleveland Browns,CLE,1970,Def,0,CLE,507,OfficialBrowns,5.0,2335.0,419.0,,,,,,,,,,,,,,Browns,Cleveland
Cleveland Browns,CLE,1970,Def,0,CLE,507,OfficialBrowns,5.0,2335.0,319.0,,,,,,,,,,,,,,Browns,Cleveland
Tennessee Titans,TEN,1970,Def,0,TEN,508,tennesseetitans,10.0,2358.0,431.0,,,,,,,,,,,,,,Titans,Tennessee
Tennessee Titans,TEN,1970,Def,0,TEN,508,tennesseetitans,10.0,2358.0,331.0,,,,,,,,,,,,,,Titans,Tennessee
Tennessee Titans,TEN,1970,Def,0,TEN,508,tennesseetitans,10.0,2358.0,531.0,,,,,,,,,,,,,,Titans,Tennessee
Jacksonville Jaguars,JAC,1970,Def,0,JAC,509,jaguarsinsider,30.0,2342.0,422.0,,,,,,,,,,,,,,Jaguars,Jacksonville
Jacksonville Jaguars,JAC,1970,Def,0,JAC,509,jaguarsinsider,30.0,2342.0,322.0,,,,,,,,,,,,,,Jaguars,Jacksonville
Jacksonville Jaguars,JAC,1970,Def,0,JAC,509,jaguarsinsider,30.0,2342.0,522.0,,,,,,,,,,,,,,Jaguars,Jacksonville
Pittsburgh Steelers,PIT,1970,Def,0,PIT,510,steelers,23.0,2352.0,413.0,,,,,,,,,,,,,,Steelers,Pittsburgh
Pittsburgh Steelers,PIT,1970,Def,0,PIT,510,steelers,23.0,2352.0,313.0,,,,,,,,,,,,,,Steelers,Pittsburgh
Pittsburgh Steelers,PIT,1970,Def,0,PIT,510,steelers,23.0,2352.0,513.0,,,,,,,,,,,,,,Steelers,Pittsburgh
Denver Broncos,DEN,1970,Def,0,DEN,511,DenverBroncos,7.0,2337.0,428.0,,,,,,,,,,,,,,Broncos,Denver
Denver Broncos,DEN,1970,Def,0,DEN,511,DenverBroncos,7.0,2337.0,328.0,,,,,,,,,,,,,,Broncos,Denver
Kansas City Chiefs,KCC,1970,Def,0,KCC,512,kcchiefs,12.0,2343.0,403.0,,,,,,,,,,,,,,Chiefs,Kansas City
Kansas City Chiefs,KCC,1970,Def,0,KCC,512,kcchiefs,12.0,2343.0,303.0,,,,,,,,,,,,,,Chiefs,Kansas City
Kansas City Chiefs,KCC,1970,Def,0,KCC,512,kcchiefs,12.0,2343.0,503.0,,,,,,,,,,,,,,Chiefs,Kansas City
Las Vegas Raiders,OAK,1970,Def,0,LVR,513,raiders,13.0,2350.0,424.0,,,,,,,,,,,,,,Raiders,Las Vegas
Las Vegas Raiders,OAK,1970,Def,0,LVR,513,raiders,13.0,2350.0,324.0,,,,,,,,,,,,,,Raiders,Las Vegas
Las Vegas Raiders,OAK,1970,Def,0,LVR,513,raiders,13.0,2350.0,524.0,,,,,,,,,,,,,,Raiders,Las Vegas
Los Angeles Chargers,FA,1970,Def,0,LAC,514,chargers,24.0,,414.0,,,,,,,,,,,,,,Chargers,Los Angeles
Los Angeles Chargers,FA,1970,Def,0,LAC,514,chargers,24.0,,314.0,,,,,,,,,,,,,,Chargers,Los Angeles
Los Angeles Chargers,FA,1970,Def,0,LAC,514,chargers,24.0,,514.0,,,,,,,,,,,,,,Chargers,Los Angeles
Seattle Seahawks,SEA,1970,Def,0,SEA,515,seahawks,26.0,2354.0,416.0,,,,,,,,,,,,,,Seahawks,Seattle
Seattle Seahawks,SEA,1970,Def,0,SEA,515,seahawks,26.0,2354.0,316.0,,,,,,,,,,,,,,Seahawks,Seattle
Seattle Seahawks,SEA,1970,Def,0,SEA,515,seahawks,26.0,2354.0,516.0,,,,,,,,,,,,,,Seahawks,Seattle
Dallas Cowboys,DAL,1970,Def,0,DAL,516,dallascowboys,6.0,2336.0,427.0,,,,,,,,,,,,,,Cowboys,Dallas
Dallas Cowboys,DAL,1970,Def,0,DAL,516,dallascowboys,6.0,2336.0,327.0,,,,,,,,,,,,,,Cowboys,Dallas
Dallas Cowboys,DAL,1970,Def,0,DAL,516,dallascowboys,6.0,2336.0,527.0,,,,,,,,,,,,,,Cowboys,Dallas
New York Giants,NYG,1970,Def,0,NYG,517,giants,19.0,2348.0,408.0,,,,,,,,,,,,,,Giants,New York
New York Giants,NYG,1970,Def,0,NYG,517,giants,19.0,2348.0,308.0,,,,,,,,,,,,,,Giants,New York
New York Giants,NYG,1970,Def,0,NYG,517,giants,19.0,2348.0,508.0,,,,,,,,,,,,,,Giants,New York
Philadelphia Eagles,PHI,1970,Def,0,PHI,518,Eagles,21.0,2351.0,411.0,,,,,,,,,,,,,,Eagles,Philadelphia
Philadelphia Eagles,PHI,1970,Def,0,PHI,518,Eagles,21.0,2351.0,311.0,,,,,,,,,,,,,,Eagles,Philadelphia
Philadelphia Eagles,PHI,1970,Def,0,PHI,518,Eagles,21.0,2351.0,511.0,,,,,,,,,,,,,,Eagles,Philadelphia
Arizona Cardinals,ARI,1970,Def,0,ARI,519,AZCardinals,22.0,2328.0,412.0,,,,,,,,,,,,,,Cardinals,Arizona
Arizona Cardinals,ARI,1970,Def,0,ARI,519,AZCardinals,22.0,2328.0,312.0,,,,,,,,,,,,,,Cardinals,Arizona
Arizona Cardinals,ARI,1970,Def,0,ARI,519,AZCardinals,22.0,2328.0,512.0,,,,,,,,,,,,,,Cardinals,Arizona
Washington Commanders,WAS,1970,Def,0,WAS,520,Redskins,28.0,,418.0,,,,,,,,,,,,,,Commanders,Washington
Washington Commanders,WAS,1970,Def,0,WAS,520,Redskins,28.0,,318.0,,,,,,,,,,,,,,Commanders,Washington
Washington Commanders,WAS,1970,Def,0,WAS,520,Redskins,28.0,,518.0,,,,,,,,,,,,,,Commanders,Washington
Chicago Bears,CHI,1970,Def,0,CHI,521,ChicagoBears,3.0,2333.0,421.0,,,,,,,,,,,,,,Bears,Chicago
Chicago Bears,CHI,1970,Def,0,CHI,521,ChicagoBears,3.0,2333.0,321.0,,,,,,,,,,,,,,Bears,Chicago
Detroit Lions,DET,1970,Def,0,DET,522,detroitlionsnfl,8.0,2338.0,429.0,,,,,,,,,,,,,,Lions,Detroit
Detroit Lions,DET,1970,Def,0,DET,522,detroitlionsnfl,8.0,2338.0,329.0,,,,,,,,,,,,,,Lions,Detroit
Detroit Lions,DET,1970,Def,0,DET,522,detroitlionsnfl,8.0,2338.0,529.0,,,,,,,,,,,,,,Lions,Detroit
Green Bay Packers,GBP,1970,Def,0,GBP,523,packers,9.0,2339.0,430.0,,,,,,,,,,,,,,Packers,Green Bay
Green Bay Packers,GBP,1970,Def,0,GBP,523,packers,9.0,2339.0,330.0,,,,,,,,,,,,,,Packers,Green Bay
Green Bay Packers,GBP,1970,Def,0,GBP,523,packers,9.0,2339.0,530.0,,,,,,,,,,,,,,Packers,Green Bay
Minnesota Vikings,MIN,1970,Def,0,MIN,524,Vikings,16.0,2345.0,405.0,,,,,,,,,,,,,,Vikings,Minnesota
Minnesota Vikings,MIN,1970,Def,0,MIN,524,Vikings,16.0,2345.0,305.0,,,,,,,,,,,,,,Vikings,Minnesota
Minnesota Vikings,MIN,1970,Def,0,MIN,524,Vikings,16.0,2345.0,505.0,,,,,,,,,,,,,,Vikings,Minnesota
Tampa Bay Buccaneers,TBB,1970,Def,0,TBB,525,TBBuccaneers,27.0,2357.0,417.0,,,,,,,,,,,,,,Buccaneers,Tampa Bay
Tampa Bay Buccaneers,TBB,1970,Def,0,TBB,525,TBBuccaneers,27.0,2357.0,317.0,,,,,,,,,,,,,,Buccaneers,Tampa Bay
Atlanta Falcons,ATL,1970,Def,0,ATL,526,AtlantaFalcons,1.0,2329.0,401.0,,,,,,,,,,,,,,Falcons,Atlanta
Atlanta Falcons,ATL,1970,Def,0,ATL,526,AtlantaFalcons,1.0,2329.0,301.0,,,,,,,,,,,,,,Falcons,Atlanta
Atlanta Falcons,ATL,1970,Def,0,ATL,526,AtlantaFalcons,1.0,2329.0,501.0,,,,,,,,,,,,,,Falcons,Atlanta
Carolina Panthers,CAR,1970,Def,0,CAR,527,Panthers,29.0,2332.0,420.0,,,,,,,,,,,,,,Panthers,Carolina
Carolina Panthers,CAR,1970,Def,0,CAR,527,Panthers,29.0,2332.0,320.0,,,,,,,,,,,,,,Panthers,Carolina
Carolina Panthers,CAR,1970,Def,0,CAR,527,Panthers,29.0,2332.0,520.0,,,,,,,,,,,,,,Panthers,Carolina
Los Angeles Rams,FA,1970,Def,0,LAR,528,STLouisRams,14.0,,423.0,,,,,,,,,,,,,,Rams,Los Angeles
Los Angeles Rams,FA,1970,Def,0,LAR,528,STLouisRams,14.0,,323.0,,,,,,,,,,,,,,Rams,Los Angeles
Los Angeles Rams,FA,1970,Def,0,LAR,528,STLouisRams,14.0,,523.0,,,,,,,,,,,,,,Rams,Los Angeles
New Orleans Saints,NOS,1970,Def,0,NOS,529,saints,18.0,2347.0,407.0,,,,,,,,,,,,,,Saints,New Orleans
New Orleans Saints,NOS,1970,Def,0,NOS,529,saints,18.0,2347.0,307.0,,,,,,,,,,,,,,Saints,New Orleans
New Orleans Saints,NOS,1970,Def,0,NOS,529,saints,18.0,2347.0,507.0,,,,,,,,,,,,,,Saints,New Orleans
San Francisco 49ers,SFO,1970,Def,0,SFO,530,49ers,25.0,,415.0,,,,,,,,,,,,,,49ers,San Francisco
San Francisco 49ers,SFO,1970,Def,0,SFO,530,49ers,25.0,,315.0,,,,,,,,,,,,,,49ers,San Francisco
Baltimore Ravens,BAL,1970,Def,0,BAL,531,ravens,33.0,2330.0,425.0,,,,,,,,,,,,,,Ravens,Baltimore
Baltimore Ravens,BAL,1970,Def,0,BAL,531,ravens,33.0,2330.0,325.0,,,,,,,,,,,,,,Ravens,Baltimore
Baltimore Ravens,BAL,1970,Def,0,BAL,531,ravens,33.0,2330.0,525.0,,,,,,,,,,,,,,Ravens,Baltimore
Houston Texans,HOU,1970,Def,0,HOU,532,houstontexans,34.0,2340.0,432.0,,,,,,,,,,,,,,Texans,Houston
Houston Texans,HOU,1970,Def,0,HOU,532,houstontexans,34.0,2340.0,332.0,,,,,,,,,,,,,,Texans,Houston
Houston Texans,HOU,1970,Def,0,HOU,532,houstontexans,34.0,2340.0,532.0,,,,,,,,,,,,,,Texans,Houston
Buffalo Bills,BUF,1970,ST,0,BUF,551,buffalobills,2.0,2331.0,409.0,,,,,,,,,,,,,,Bills,Buffalo
Buffalo Bills,BUF,1970,ST,0,BUF,551,buffalobills,2.0,2331.0,309.0,,,,,,,,,,,,,,Bills,Buffalo
Indianapolis Colts,IND,1970,ST,0,IND,552,nflcolts,11.0,2341.0,402.0,,,,,,,,,,,,,,Colts,Indianapolis
Indianapolis Colts,IND,1970,ST,0,IND,552,nflcolts,11.0,2341.0,302.0,,,,,,,,,,,,,,Colts,Indianapolis
Indianapolis Colts,IND,1970,ST,0,IND,552,nflcolts,11.0,2341.0,502.0,,,,,,,,,,,,,,Colts,Indianapolis
Miami Dolphins,MIA,1970,ST,0,MIA,553,MiamiDolphins,15.0,2344.0,404.0,,,,,,,,,,,,,,Dolphins,Miami
Miami Dolphins,MIA,1970,ST,0,MIA,553,MiamiDolphins,15.0,2344.0,304.0,,,,,,,,,,,,,,Dolphins,Miami
Miami Dolphins,MIA,1970,ST,0,MIA,553,MiamiDolphins,15.0,2344.0,504.0,,,,,,,,,,,,,,Dolphins,Miami
New England Patriots,NEP,1970,ST,0,NEP,554,patriots,17.0,2346.0,406.0,,,,,,,,,,,,,,Patriots,New England
New England Patriots,NEP,1970,ST,0,NEP,554,patriots,17.0,2346.0,306.0,,,,,,,,,,,,,,Patriots,New England
New England Patriots,NEP,1970,ST,0,NEP,554,patriots,17.0,2346.0,506.0,,,,,,,,,,,,,,Patriots,New England
New York Jets,NYJ,1970,ST,0,NYJ,555,nyjets,20.0,2349.0,410.0,,,,,,,,,,,,,,Jets,New York
New York Jets,NYJ,1970,ST,0,NYJ,555,nyjets,20.0,2349.0,310.0,,,,,,,,,,,,,,Jets,New York
New York Jets,NYJ,1970,ST,0,NYJ,555,nyjets,20.0,2349.0,510.0,,,,,,,,,,,,,,Jets,New York
Cincinnati Bengals,CIN,1970,ST,0,CIN,556,Bengals,4.0,2334.0,426.0,,,,,,,,,,,,,,Bengals,Cincinnati
Cincinnati Bengals,CIN,1970,ST,0,CIN,556,Bengals,4.0,2334.0,326.0,,,,,,,,,,,,,,Bengals,Cincinnati
Cleveland Browns,CLE,1970,ST,0,CLE,557,OfficialBrowns,5.0,2335.0,419.0,,,,,,,,,,,,,,Browns,Cleveland
Cleveland Browns,CLE,1970,ST,0,CLE,557,OfficialBrowns,5.0,2335.0,319.0,,,,,,,,,,,,,,Browns,Cleveland
Tennessee Titans,TEN,1970,ST,0,TEN,558,tennesseetitans,10.0,2358.0,431.0,,,,,,,,,,,,,,Titans,Tennessee
Tennessee Titans,TEN,1970,ST,0,TEN,558,tennesseetitans,10.0,2358.0,331.0,,,,,,,,,,,,,,Titans,Tennessee
Tennessee Titans,TEN,1970,ST,0,TEN,558,tennesseetitans,10.0,2358.0,531.0,,,,,,,,,,,,,,Titans,Tennessee
Jacksonville Jaguars,JAC,1970,ST,0,JAC,559,jaguarsinsider,30.0,2342.0,422.0,,,,,,,,,,,,,,Jaguars,Jacksonville
Jacksonville Jaguars,JAC,1970,ST,0,JAC,559,jaguarsinsider,30.0,2342.0,322.0,,,,,,,,,,,,,,Jaguars,Jacksonville
Jacksonville Jaguars,JAC,1970,ST,0,JAC,559,jaguarsinsider,30.0,2342.0,522.0,,,,,,,,,,,,,,Jaguars,Jacksonville
Pittsburgh Steelers,PIT,1970,ST,0,PIT,560,steelers,23.0,2352.0,413.0,,,,,,,,,,,,,,Steelers,Pittsburgh
Pittsburgh Steelers,PIT,1970,ST,0,PIT,560,steelers,23.0,2352.0,313.0,,,,,,,,,,,,,,Steelers,Pittsburgh
Pittsburgh Steelers,PIT,1970,ST,0,PIT,560,steelers,23.0,2352.0,513.0,,,,,,,,,,,,,,Steelers,Pittsburgh
Denver Broncos,DEN,1970,ST,0,DEN,561,DenverBroncos,7.0,2337.0,428.0,,,,,,,,,,,,,,Broncos,Denver
Denver Broncos,DEN,1970,ST,0,DEN,561,DenverBroncos,7.0,2337.0,328.0,,,,,,,,,,,,,,Broncos,Denver
Kansas City Chiefs,KCC,1970,ST,0,KCC,562,kcchiefs,12.0,2343.0,403.0,,,,,,,,,,,,,,Chiefs,Kansas City
Kansas City Chiefs,KCC,1970,ST,0,KCC,562,kcchiefs,12.0,2343.0,303.0,,,,,,,,,,,,,,Chiefs,Kansas City
Kansas City Chiefs,KCC,1970,ST,0,KCC,562,kcchiefs,12.0,2343.0,503.0,,,,,,,,,,,,,,Chiefs,Kansas City
Las Vegas Raiders,OAK,1970,ST,0,LVR,563,raiders,13.0,2350.0,424.0,,,,,,,,,,,,,,Raiders,Las Vegas
Las Vegas Raiders,OAK,1970,ST,0,LVR,563,raiders,13.0,2350.0,324.0,,,,,,,,,,,,,,Raiders,Las Vegas
Las Vegas Raiders,OAK,1970,ST,0,LVR,563,raiders,13.0,2350.0,524.0,,,,,,,,,,,,,,Raiders,Las Vegas
Los Angeles Chargers,FA,1970,ST,0,LAC,564,chargers,24.0,,414.0,,,,,,,,,,,,,,Chargers,Los Angeles
Los Angeles Chargers,FA,1970,ST,0,LAC,564,chargers,24.0,,314.0,,,,,,,,,,,,,,Chargers,Los Angeles
Los Angeles Chargers,FA,1970,ST,0,LAC,564,chargers,24.0,,514.0,,,,,,,,,,,,,,Chargers,Los Angeles
Seattle Seahawks,SEA,1970,ST,0,SEA,565,seahawks,26.0,2354.0,416.0,,,,,,,,,,,,,,Seahawks,Seattle
Seattle Seahawks,SEA,1970,ST,0,SEA,565,seahawks,26.0,2354.0,316.0,,,,,,,,,,,,,,Seahawks,Seattle
Seattle Seahawks,SEA,1970,ST,0,SEA,565,seahawks,26.0,2354.0,516.0,,,,,,,,,,,,,,Seahawks,Seattle
Dallas Cowboys,DAL,1970,ST,0,DAL,566,dallascowboys,6.0,2336.0,427.0,,,,,,,,,,,,,,Cowboys,Dallas
Dallas Cowboys,DAL,1970,ST,0,DAL,566,dallascowboys,6.0,2336.0,327.0,,,,,,,,,,,,,,Cowboys,Dallas
Dallas Cowboys,DAL,1970,ST,0,DAL,566,dallascowboys,6.0,2336.0,527.0,,,,,,,,,,,,,,Cowboys,Dallas
New York Giants,NYG,1970,ST,0,NYG,567,giants,19.0,2348.0,408.0,,,,,,,,,,,,,,Giants,New York
New York Giants,NYG,1970,ST,0,NYG,567,giants,19.0,2348.0,308.0,,,,,,,,,,,,,,Giants,New York
New York Giants,NYG,1970,ST,0,NYG,567,giants,19.0,2348.0,508.0,,,,,,,,,,,,,,Giants,New York
Philadelphia Eagles,PHI,1970,ST,0,PHI,568,Eagles,21.0,2351.0,411.0,,,,,,,,,,,,,,Eagles,Philadelphia
Philadelphia Eagles,PHI,1970,ST,0,PHI,568,Eagles,21.0,2351.0,311.0,,,,,,,,,,,,,,Eagles,Philadelphia
Philadelphia Eagles,PHI,1970,ST,0,PHI,568,Eagles,21.0,2351.0,511.0,,,,,,,,,,,,,,Eagles,Philadelphia
Arizona Cardinals,ARI,1970,ST,0,ARI,569,AZCardinals,22.0,2328.0,412.0,,,,,,,,,,,,,,Cardinals,Arizona
Arizona Cardinals,ARI,1970,ST,0,ARI,569,AZCardinals,22.0,2328.0,312.0,,,,,,,,,,,,,,Cardinals,Arizona
Arizona Cardinals,ARI,1970,ST,0,ARI,569,AZCardinals,22.0,2328.0,512.0,,,,,,,,,,,,,,Cardinals,Arizona
Washington Commanders,WAS,1970,ST,0,WAS,570,Redskins,28.0,,418.0,,,,,,,,,,,,,,Commanders,Washington
Washington Commanders,WAS,1970,ST,0,WAS,570,Redskins,28.0,,318.0,,,,,,,,,,,,,,Commanders,Washington
Washington Commanders,WAS,1970,ST,0,WAS,570,Redskins,28.0,,518.0,,,,,,,,,,,,,,Commanders,Washington
Chicago Bears,CHI,1970,ST,0,CHI,571,ChicagoBears,3.0,2333.0,421.0,,,,,,,,,,,,,,Bears,Chicago
Chicago Bears,CHI,1970,ST,0,CHI,571,ChicagoBears,3.0,2333.0,321.0,,,,,,,,,,,,,,Bears,Chicago
Detroit Lions,DET,1970,ST,0,DET,572,detroitlionsnfl,8.0,2338.0,429.0,,,,,,,,,,,,,,Lions,Detroit
Detroit Lions,DET,1970,ST,0,DET,572,detroitlionsnfl,8.0,2338.0,329.0,,,,,,,,,,,,,,Lions,Detroit
Detroit Lions,DET,1970,ST,0,DET,572,detroitlionsnfl,8.0,2338.0,529.0,,,,,,,,,,,,,,Lions,Detroit
Green Bay Packers,GBP,1970,ST,0,GBP,573,packers,9.0,2339.0,430.0,,,,,,,,,,,,,,Packers,Green Bay
Green Bay Packers,GBP,1970,ST,0,GBP,573,packers,9.0,2339.0,330.0,,,,,,,,,,,,,,Packers,Green Bay
Green Bay Packers,GBP,1970,ST,0,GBP,573,packers,9.0,2339.0,530.0,,,,,,,,,,,,,,Packers,Green Bay
Minnesota Vikings,MIN,1970,ST,0,MIN,574,Vikings,16.0,2345.0,405.0,,,,,,,,,,,,,,Vikings,Minnesota
Minnesota Vikings,MIN,1970,ST,0,MIN,574,Vikings,16.0,2345.0,305.0,,,,,,,,,,,,,,Vikings,Minnesota
Minnesota Vikings,MIN,1970,ST,0,MIN,574,Vikings,16.0,2345.0,505.0,,,,,,,,,,,,,,Vikings,Minnesota
Tampa Bay Buccaneers,TBB,1970,ST,0,TBB,575,TBBuccaneers,27.0,2357.0,417.0,,,,,,,,,,,,,,Buccaneers,Tampa Bay
Tampa Bay Buccaneers,TBB,1970,ST,0,TBB,575,TBBuccaneers,27.0,2357.0,317.0,,,,,,,,,,,,,,Buccaneers,Tampa Bay
Atlanta Falcons,ATL,1970,ST,0,ATL,576,AtlantaFalcons,1.0,2329.0,401.0,,,,,,,,,,,,,,Falcons,Atlanta
Atlanta Falcons,ATL,1970,ST,0,ATL,576,AtlantaFalcons,1.0,2329.0,301.0,,,,,,,,,,,,,,Falcons,Atlanta
Atlanta Falcons,ATL,1970,ST,0,ATL,576,AtlantaFalcons,1.0,2329.0,501.0,,,,,,,,,,,,,,Falcons,Atlanta
Carolina Panthers,CAR,1970,ST,0,CAR,577,Panthers,29.0,2332.0,420.0,,,,,,,,,,,,,,Panthers,Carolina
Carolina Panthers,CAR,1970,ST,0,CAR,577,Panthers,29.0,2332.0,320.0,,,,,,,,,,,,,,Panthers,Carolina
Carolina Panthers,CAR,1970,ST,0,CAR,577,Panthers,29.0,2332.0,520.0,,,,,,,,,,,,,,Panthers,Carolina
Los Angeles Rams,FA,1970,ST,0,LAR,578,STLouisRams,14.0,,423.0,,,,,,,,,,,,,,Rams,Los Angeles
Los Angeles Rams,FA,1970,ST,0,LAR,578,STLouisRams,14.0,,323.0,,,,,,,,,,,,,,Rams,Los Angeles
Los Angeles Rams,FA,1970,ST,0,LAR,578,STLouisRams,14.0,,523.0,,,,,,,,,,,,,,Rams,Los Angeles
New Orleans Saints,NOS,1970,ST,0,NOS,579,saints,18.0,2347.0,407.0,,,,,,,,,,,,,,Saints,New Orleans
New Orleans Saints,NOS,1970,ST,0,NOS,579,saints,18.0,2347.0,307.0,,,,,,,,,,,,,,Saints,New Orleans
New Orleans Saints,NOS,1970,ST,0,NOS,579,saints,18.0,2347.0,507.0,,,,,,,,,,,,,,Saints,New Orleans
San Francisco 49ers,SFO,1970,ST,0,SFO,580,49ers,25.0,,415.0,,,,,,,,,,,,,,49ers,San Francisco
San Francisco 49ers,SFO,1970,ST,0,SFO,580,49ers,25.0,,315.0,,,,,,,,,,,,,,49ers,San Francisco
Baltimore Ravens,BAL,1970,ST,0,BAL,581,ravens,33.0,2330.0,425.0,,,,,,,,,,,,,,Ravens,Baltimore
Baltimore Ravens,BAL,1970,ST,0,BAL,581,ravens,33.0,2330.0,325.0,,,,,,,,,,,,,,Ravens,Baltimore
Baltimore Ravens,BAL,1970,ST,0,BAL,581,ravens,33.0,2330.0,525.0,,,,,,,,,,,,,,Ravens,Baltimore
Houston Texans,HOU,1970,ST,0,HOU,582,houstontexans,34.0,2340.0,432.0,,,,,,,,,,,,,,Texans,Houston
Houston Texans,HOU,1970,ST,0,HOU,582,houstontexans,34.0,2340.0,332.0,,,,,,,,,,,,,,Texans,Houston
Houston Texans,HOU,1970,ST,0,HOU,582,houstontexans,34.0,2340.0,532.0,,,,,,,,,,,,,,Texans,Houston
Buffalo Bills,BUF,1970,Off,0,BUF,601,buffalobills,2.0,2331.0,409.0,,,,,,,,,,,,,,Bills,Buffalo
Buffalo Bills,BUF,1970,Off,0,BUF,601,buffalobills,2.0,2331.0,309.0,,,,,,,,,,,,,,Bills,Buffalo
Indianapolis Colts,IND,1970,Off,0,IND,602,nflcolts,11.0,2341.0,402.0,,,,,,,,,,,,,,Colts,Indianapolis
Indianapolis Colts,IND,1970,Off,0,IND,602,nflcolts,11.0,2341.0,302.0,,,,,,,,,,,,,,Colts,Indianapolis
Indianapolis Colts,IND,1970,Off,0,IND,602,nflcolts,11.0,2341.0,502.0,,,,,,,,,,,,,,Colts,Indianapolis
Miami Dolphins,MIA,1970,Off,0,MIA,603,MiamiDolphins,15.0,2344.0,404.0,,,,,,,,,,,,,,Dolphins,Miami
Miami Dolphins,MIA,1970,Off,0,MIA,603,MiamiDolphins,15.0,2344.0,304.0,,,,,,,,,,,,,,Dolphins,Miami
Miami Dolphins,MIA,1970,Off,0,MIA,603,MiamiDolphins,15.0,2344.0,504.0,,,,,,,,,,,,,,Dolphins,Miami
New England Patriots,NEP,1970,Off,0,NEP,604,patriots,17.0,2346.0,406.0,,,,,,,,,,,,,,Patriots,New England
New England Patriots,NEP,1970,Off,0,NEP,604,patriots,17.0,2346.0,306.0,,,,,,,,,,,,,,Patriots,New England
New England Patriots,NEP,1970,Off,0,NEP,604,patriots,17.0,2346.0,506.0,,,,,,,,,,,,,,Patriots,New England
New York Jets,NYJ,1970,Off,0,NYJ,605,nyjets,20.0,2349.0,410.0,,,,,,,,,,,,,,Jets,New York
New York Jets,NYJ,1970,Off,0,NYJ,605,nyjets,20.0,2349.0,310.0,,,,,,,,,,,,,,Jets,New York
New York Jets,NYJ,1970,Off,0,NYJ,605,nyjets,20.0,2349.0,510.0,,,,,,,,,,,,,,Jets,New York
Cincinnati Bengals,CIN,1970,Off,0,CIN,606,Bengals,4.0,2334.0,426.0,,,,,,,,,,,,,,Bengals,Cincinnati
Cincinnati Bengals,CIN,1970,Off,0,CIN,606,Bengals,4.0,2334.0,326.0,,,,,,,,,,,,,,Bengals,Cincinnati
Cleveland Browns,CLE,1970,Off,0,CLE,607,OfficialBrowns,5.0,2335.0,419.0,,,,,,,,,,,,,,Browns,Cleveland
Cleveland Browns,CLE,1970,Off,0,CLE,607,OfficialBrowns,5.0,2335.0,319.0,,,,,,,,,,,,,,Browns,Cleveland
Tennessee Titans,TEN,1970,Off,0,TEN,608,tennesseetitans,10.0,2358.0,431.0,,,,,,,,,,,,,,Titans,Tennessee
Tennessee Titans,TEN,1970,Off,0,TEN,608,tennesseetitans,10.0,2358.0,331.0,,,,,,,,,,,,,,Titans,Tennessee
Tennessee Titans,TEN,1970,Off,0,TEN,608,tennesseetitans,10.0,2358.0,531.0,,,,,,,,,,,,,,Titans,Tennessee
Jacksonville Jaguars,JAC,1970,Off,0,JAC,609,jaguarsinsider,30.0,2342.0,422.0,,,,,,,,,,,,,,Jaguars,Jacksonville
Jacksonville Jaguars,JAC,1970,Off,0,JAC,609,jaguarsinsider,30.0,2342.0,322.0,,,,,,,,,,,,,,Jaguars,Jacksonville
Jacksonville Jaguars,JAC,1970,Off,0,JAC,609,jaguarsinsider,30.0,2342.0,522.0,,,,,,,,,,,,,,Jaguars,Jacksonville
Pittsburgh Steelers,PIT,1970,Off,0,PIT,610,steelers,23.0,2352.0,413.0,,,,,,,,,,,,,,Steelers,Pittsburgh
Pittsburgh Steelers,PIT,1970,Off,0,PIT,610,steelers,23.0,2352.0,313.0,,,,,,,,,,,,,,Steelers,Pittsburgh
Pittsburgh Steelers,PIT,1970,Off,0,PIT,610,steelers,23.0,2352.0,513.0,,,,,,,,,,,,,,Steelers,Pittsburgh
Denver Broncos,DEN,1970,Off,0,DEN,611,DenverBroncos,7.0,2337.0,428.0,,,,,,,,,,,,,,Broncos,Denver
Denver Broncos,DEN,1970,Off,0,DEN,611,DenverBroncos,7.0,2337.0,328.0,,,,,,,,,,,,,,Broncos,Denver
Kansas City Chiefs,KCC,1970,Off,0,KCC,612,kcchiefs,12.0,2343.0,403.0,,,,,,,,,,,,,,Chiefs,Kansas City
Kansas City Chiefs,KCC,1970,Off,0,KCC,612,kcchiefs,12.0,2343.0,303.0,,,,,,,,,,,,,,Chiefs,Kansas City
Kansas City Chiefs,KCC,1970,Off,0,KCC,612,kcchiefs,12.0,2343.0,503.0,,,,,,,,,,,,,,Chiefs,Kansas City
Las Vegas Raiders,OAK,1970,Off,0,LVR,613,raiders,13.0,2350.0,424.0,,,,,,,,,,,,,,Raiders,Las Vegas
Las Vegas Raiders,OAK,1970,Off,0,LVR,613,raiders,13.0,2350.0,324.0,,,,,,,,,,,,,,Raiders,Las Vegas
Las Vegas Raiders,OAK,1970,Off,0,LVR,613,raiders,13.0,2350.0,524.0,,,,,,,,,,,,,,Raiders,Las Vegas
Los Angeles Chargers,FA,1970,Off,0,LAC,614,chargers,24.0,,414.0,,,,,,,,,,,,,,Chargers,Los Angeles
Los Angeles Chargers,FA,1970,Off,0,LAC,614,chargers,24.0,,314.0,,,,,,,,,,,,,,Chargers,Los Angeles
Los Angeles Chargers,FA,1970,Off,0,LAC,614,chargers,24.0,,514.0,,,,,,,,,,,,,,Chargers,Los Angeles
Seattle Seahawks,SEA,1970,Off,0,SEA,615,seahawks,26.0,2354.0,416.0,,,,,,,,,,,,,,Seahawks,Seattle
Seattle Seahawks,SEA,1970,Off,0,SEA,615,seahawks,26.0,2354.0,316.0,,,,,,,,,,,,,,Seahawks,Seattle
Seattle Seahawks,SEA,1970,Off,0,SEA,615,seahawks,26.0,2354.0,516.0,,,,,,,,,,,,,,Seahawks,Seattle
Dallas Cowboys,DAL,1970,Off,0,DAL,616,dallascowboys,6.0,2336.0,427.0,,,,,,,,,,,,,,Cowboys,Dallas
Dallas Cowboys,DAL,1970,Off,0,DAL,616,dallascowboys,6.0,2336.0,327.0,,,,,,,,,,,,,,Cowboys,Dallas
Dallas Cowboys,DAL,1970,Off,0,DAL,616,dallascowboys,6.0,2336.0,527.0,,,,,,,,,,,,,,Cowboys,Dallas
New York Giants,NYG,1970,Off,0,NYG,617,giants,19.0,2348.0,408.0,,,,,,,,,,,,,,Giants,New York
New York Giants,NYG,1970,Off,0,NYG,617,giants,19.0,2348.0,308.0,,,,,,,,,,,,,,Giants,New York
New York Giants,NYG,1970,Off,0,NYG,617,giants,19.0,2348.0,508.0,,,,,,,,,,,,,,Giants,New York
Philadelphia Eagles,PHI,1970,Off,0,PHI,618,Eagles,21.0,2351.0,411.0,,,,,,,,,,,,,,Eagles,Philadelphia
Philadelphia Eagles,PHI,1970,Off,0,PHI,618,Eagles,21.0,2351.0,311.0,,,,,,,,,,,,,,Eagles,Philadelphia
Philadelphia Eagles,PHI,1970,Off,0,PHI,618,Eagles,21.0,2351.0,511.0,,,,,,,,,,,,,,Eagles,Philadelphia
Arizona Cardinals,ARI,1970,Off,0,ARI,619,AZCardinals,22.0,2328.0,412.0,,,,,,,,,,,,,,Cardinals,Arizona
Arizona Cardinals,ARI,1970,Off,0,ARI,619,AZCardinals,22.0,2328.0,312.0,,,,,,,,,,,,,,Cardinals,Arizona
Arizona Cardinals,ARI,1970,Off,0,ARI,619,AZCardinals,22.0,2328.0,512.0,,,,,,,,,,,,,,Cardinals,Arizona
Washington Commanders,WAS,1970,Off,0,WAS,620,Redskins,28.0,,418.0,,,,,,,,,,,,,,Commanders,Washington
Washington Commanders,WAS,1970,Off,0,WAS,620,Redskins,28.0,,318.0,,,,,,,,,,,,,,Commanders,Washington
Washington Commanders,WAS,1970,Off,0,WAS,620,Redskins,28.0,,518.0,,,,,,,,,,,,,,Commanders,Washington
Chicago Bears,CHI,1970,Off,0,CHI,621,ChicagoBears,3.0,2333.0,421.0,,,,,,,,,,,,,,Bears,Chicago
Chicago Bears,CHI,1970,Off,0,CHI,621,ChicagoBears,3.0,2333.0,321.0,,,,,,,,,,,,,,Bears,Chicago
Detroit Lions,DET,1970,Off,0,DET,622,detroitlionsnfl,8.0,2338.0,429.0,,,,,,,,,,,,,,Lions,Detroit
Detroit Lions,DET,1970,Off,0,DET,622,detroitlionsnfl,8.0,2338.0,329.0,,,,,,,,,,,,,,Lions,Detroit
Detroit Lions,DET,1970,Off,0,DET,622,detroitlionsnfl,8.0,2338.0,529.0,,,,,,,,,,,,,,Lions,Detroit
Green Bay Packers,GBP,1970,Off,0,GBP,623,packers,9.0,2339.0,430.0,,,,,,,,,,,,,,Packers,Green Bay
Green Bay Packers,GBP,1970,Off,0,GBP,623,packers,9.0,2339.0,330.0,,,,,,,,,,,,,,Packers,Green Bay
Green Bay Packers,GBP,1970,Off,0,GBP,623,packers,9.0,2339.0,530.0,,,,,,,,,,,,,,Packers,Green Bay
Minnesota Vikings,MIN,1970,Off,0,MIN,624,Vikings,16.0,2345.0,405.0,,,,,,,,,,,,,,Vikings,Minnesota
Minnesota Vikings,MIN,1970,Off,0,MIN,624,Vikings,16.0,2345.0,305.0,,,,,,,,,,,,,,Vikings,Minnesota
Minnesota Vikings,MIN,1970,Off,0,MIN,624,Vikings,16.0,2345.0,505.0,,,,,,,,,,,,,,Vikings,Minnesota
Tampa Bay Buccaneers,TBB,1970,Off,0,TBB,625,TBBuccaneers,27.0,2357.0,417.0,,,,,,,,,,,,,,Buccaneers,Tampa Bay
Tampa Bay Buccaneers,TBB,1970,Off,0,TBB,625,TBBuccaneers,27.0,2357.0,317.0,,,,,,,,,,,,,,Buccaneers,Tampa Bay
Atlanta Falcons,ATL,1970,Off,0,ATL,626,AtlantaFalcons,1.0,2329.0,401.0,,,,,,,,,,,,,,Falcons,Atlanta
Atlanta Falcons,ATL,1970,Off,0,ATL,626,AtlantaFalcons,1.0,2329.0,301.0,,,,,,,,,,,,,,Falcons,Atlanta
Atlanta Falcons,ATL,1970,Off,0,ATL,626,AtlantaFalcons,1.0,2329.0,501.0,,,,,,,,,,,,,,Falcons,Atlanta
Carolina Panthers,CAR,1970,Off,0,CAR,627,Panthers,29.0,2332.0,420.0,,,,,,,,,,,,,,Panthers,Carolina
Carolina Panthers,CAR,1970,Off,0,CAR,627,Panthers,29.0,2332.0,320.0,,,,,,,,,,,,,,Panthers,Carolina
Carolina Panthers,CAR,1970,Off,0,CAR,627,Panthers,29.0,2332.0,520.0,,,,,,,,,,,,,,Panthers,Carolina
Los Angeles Rams,FA,1970,Off,0,LAR,628,STLouisRams,14.0,,423.0,,,,,,,,,,,,,,Rams,Los Angeles
Los Angeles Rams,FA,1970,Off,0,LAR,628,STLouisRams,14.0,,323.0,,,,,,,,,,,,,,Rams,Los Angeles
Los Angeles Rams,FA,1970,Off,0,LAR,628,STLouisRams,14.0,,523.0,,,,,,,,,,,,,,Rams,Los Angeles
New Orleans Saints,NOS,1970,Off,0,NOS,629,saints,18.0,2347.0,407.0,,,,,,,,,,,,,,Saints,New Orleans
New Orleans Saints,NOS,1970,Off,0,NOS,629,saints,18.0,2347.0,307.0,,,,,,,,,,,,,,Saints,New Orleans
New Orleans Saints,NOS,1970,Off,0,NOS,629,saints,18.0,2347.0,507.0,,,,,,,,,,,,,,Saints,New Orleans
San Francisco 49ers,SFO,1970,Off,0,SFO,630,49ers,25.0,,415.0,,,,,,,,,,,,,,49ers,San Francisco
San Francisco 49ers,SFO,1970,Off,0,SFO,630,49ers,25.0,,315.0,,,,,,,,,,,,,,49ers,San Francisco
Baltimore Ravens,BAL,1970,Off,0,BAL,631,ravens,33.0,2330.0,425.0,,,,,,,,,,,,,,Ravens,Baltimore
Baltimore Ravens,BAL,1970,Off,0,BAL,631,ravens,33.0,2330.0,325.0,,,,,,,,,,,,,,Ravens,Baltimore
Baltimore Ravens,BAL,1970,Off,0,BAL,631,ravens,33.0,2330.0,525.0,,,,,,,,,,,,,,Ravens,Baltimore
Houston Texans,HOU,1970,Off,0,HOU,632,houstontexans,34.0,2340.0,432.0,,,,,,,,,,,,,,Texans,Houston
Houston Texans,HOU,1970,Off,0,HOU,632,houstontexans,34.0,2340.0,332.0,,,,,,,,,,,,,,Texans,Houston
Houston Texans,HOU,1970,Off,0,HOU,632,houstontexans,34.0,2340.0,532.0,,,,,,,,,,,,,,Texans,Houston
Buffalo Bills,BUF,1970,TMQB,0,BUF,651,buffalobills,2.0,2331.0,409.0,,,,,,,,,,,,,,Bills,Buffalo
Buffalo Bills,BUF,1970,TMQB,0,BUF,651,buffalobills,2.0,2331.0,309.0,,,,,,,,,,,,,,Bills,Buffalo
Indianapolis Colts,IND,1970,TMQB,0,IND,652,nflcolts,11.0,2341.0,402.0,,,,,,,,,,,,,,Colts,Indianapolis
Indianapolis Colts,IND,1970,TMQB,0,IND,652,nflcolts,11.0,2341.0,302.0,,,,,,,,,,,,,,Colts,Indianapolis
Indianapolis Colts,IND,1970,TMQB,0,IND,652,nflcolts,11.0,2341.0,502.0,,,,,,,,,,,,,,Colts,Indianapolis
Miami Dolphins,MIA,1970,TMQB,0,MIA,653,MiamiDolphins,15.0,2344.0,404.0,,,,,,,,,,,,,,Dolphins,Miami
Miami Dolphins,MIA,1970,TMQB,0,MIA,653,MiamiDolphins,15.0,2344.0,304.0,,,,,,,,,,,,,,Dolphins,Miami
Miami Dolphins,MIA,1970,TMQB,0,MIA,653,MiamiDolphins,15.0,2344.0,504.0,,,,,,,,,,,,,,Dolphins,Miami
New England Patriots,NEP,1970,TMQB,0,NEP,654,patriots,17.0,2346.0,406.0,,,,,,,,,,,,,,Patriots,New England
New England Patriots,NEP,1970,TMQB,0,NEP,654,patriots,17.0,2346.0,306.0,,,,,,,,,,,,,,Patriots,New England
New England Patriots,NEP,1970,TMQB,0,NEP,654,patriots,17.0,2346.0,506.0,,,,,,,,,,,,,,Patriots,New England
New York Jets,NYJ,1970,TMQB,0,NYJ,655,nyjets,20.0,2349.0,410.0,,,,,,,,,,,,,,Jets,New York
New York Jets,NYJ,1970,TMQB,0,NYJ,655,nyjets,20.0,2349.0,310.0,,,,,,,,,,,,,,Jets,New York
New York Jets,NYJ,1970,TMQB,0,NYJ,655,nyjets,20.0,2349.0,510.0,,,,,,,,,,,,,,Jets,New York
Cincinnati Bengals,CIN,1970,TMQB,0,CIN,656,Bengals,4.0,2334.0,426.0,,,,,,,,,,,,,,Bengals,Cincinnati
Cincinnati Bengals,CIN,1970,TMQB,0,CIN,656,Bengals,4.0,2334.0,326.0,,,,,,,,,,,,,,Bengals,Cincinnati
Cleveland Browns,CLE,1970,TMQB,0,CLE,657,OfficialBrowns,5.0,2335.0,419.0,,,,,,,,,,,,,,Browns,Cleveland
Cleveland Browns,CLE,1970,TMQB,0,CLE,657,OfficialBrowns,5.0,2335.0,319.0,,,,,,,,,,,,,,Browns,Cleveland
Tennessee Titans,TEN,1970,TMQB,0,TEN,658,tennesseetitans,10.0,2358.0,431.0,,,,,,,,,,,,,,Titans,Tennessee
Tennessee Titans,TEN,1970,TMQB,0,TEN,658,tennesseetitans,10.0,2358.0,331.0,,,,,,,,,,,,,,Titans,Tennessee
Tennessee Titans,TEN,1970,TMQB,0,TEN,658,tennesseetitans,10.0,2358.0,531.0,,,,,,,,,,,,,,Titans,Tennessee
Jacksonville Jaguars,JAC,1970,TMQB,0,JAC,659,jaguarsinsider,30.0,2342.0,422.0,,,,,,,,,,,,,,Jaguars,Jacksonville
Jacksonville Jaguars,JAC,1970,TMQB,0,JAC,659,jaguarsinsider,30.0,2342.0,322.0,,,,,,,,,,,,,,Jaguars,Jacksonville
Jacksonville Jaguars,JAC,1970,TMQB,0,JAC,659,jaguarsinsider,30.0,2342.0,522.0,,,,,,,,,,,,,,Jaguars,Jacksonville
Pittsburgh Steelers,PIT,1970,TMQB,0,PIT,660,steelers,23.0,2352.0,413.0,,,,,,,,,,,,,,Steelers,Pittsburgh
Pittsburgh Steelers,PIT,1970,TMQB,0,PIT,660,steelers,23.0,2352.0,313.0,,,,,,,,,,,,,,Steelers,Pittsburgh
Pittsburgh Steelers,PIT,1970,TMQB,0,PIT,660,steelers,23.0,2352.0,513.0,,,,,,,,,,,,,,Steelers,Pittsburgh
Denver Broncos,DEN,1970,TMQB,0,DEN,661,DenverBroncos,7.0,2337.0,428.0,,,,,,,,,,,,,,Broncos,Denver
Denver Broncos,DEN,1970,TMQB,0,DEN,661,DenverBroncos,7.0,2337.0,328.0,,,,,,,,,,,,,,Broncos,Denver
Kansas City Chiefs,KCC,1970,TMQB,0,KCC,662,kcchiefs,12.0,2343.0,403.0,,,,,,,,,,,,,,Chiefs,Kansas City
Kansas City Chiefs,KCC,1970,TMQB,0,KCC,662,kcchiefs,12.0,2343.0,303.0,,,,,,,,,,,,,,Chiefs,Kansas City
Kansas City Chiefs,KCC,1970,TMQB,0,KCC,662,kcchiefs,12.0,2343.0,503.0,,,,,,,,,,,,,,Chiefs,Kansas City
Las Vegas Raiders,OAK,1970,TMQB,0,LVR,663,raiders,13.0,2350.0,424.0,,,,,,,,,,,,,,Raiders,Las Vegas
Las Vegas Raiders,OAK,1970,TMQB,0,LVR,663,raiders,13.0,2350.0,324.0,,,,,,,,,,,,,,Raiders,Las Vegas
Las Vegas Raiders,OAK,1970,TMQB,0,LVR,663,raiders,13.0,2350.0,524.0,,,,,,,,,,,,,,Raiders,Las Vegas
Los Angeles Chargers,FA,1970,TMQB,0,LAC,664,chargers,24.0,,414.0,,,,,,,,,,,,,,Chargers,Los Angeles
Los Angeles Chargers,FA,1970,TMQB,0,LAC,664,chargers,24.0,,314.0,,,,,,,,,,,,,,Chargers,Los Angeles
Los Angeles Chargers,FA,1970,TMQB,0,LAC,664,chargers,24.0,,514.0,,,,,,,,,,,,,,Chargers,Los Angeles
Seattle Seahawks,SEA,1970,TMQB,0,SEA,665,seahawks,26.0,2354.0,416.0,,,,,,,,,,,,,,Seahawks,Seattle
Seattle Seahawks,SEA,1970,TMQB,0,SEA,665,seahawks,26.0,2354.0,316.0,,,,,,,,,,,,,,Seahawks,Seattle
Seattle Seahawks,SEA,1970,TMQB,0,SEA,665,seahawks,26.0,2354.0,516.0,,,,,,,,,,,,,,Seahawks,Seattle
Dallas Cowboys,DAL,1970,TMQB,0,DAL,666,dallascowboys,6.0,2336.0,427.0,,,,,,,,,,,,,,Cowboys,Dallas
Dallas Cowboys,DAL,1970,TMQB,0,DAL,666,dallascowboys,6.0,2336.0,327.0,,,,,,,,,,,,,,Cowboys,Dallas
Dallas Cowboys,DAL,1970,TMQB,0,DAL,666,dallascowboys,6.0,2336.0,527.0,,,,,,,,,,,,,,Cowboys,Dallas
New York Giants,NYG,1970,TMQB,0,NYG,667,giants,19.0,2348.0,408.0,,,,,,,,,,,,,,Giants,New York
New York Giants,NYG,1970,TMQB,0,NYG,667,giants,19.0,2348.0,308.0,,,,,,,,,,,,,,Giants,New York
New York Giants,NYG,1970,TMQB,0,NYG,667,giants,19.0,2348.0,508.0,,,,,,,,,,,,,,Giants,New York
Philadelphia Eagles,PHI,1970,TMQB,0,PHI,668,Eagles,21.0,2351.0,411.0,,,,,,,,,,,,,,Eagles,Philadelphia
Philadelphia Eagles,PHI,1970,TMQB,0,PHI,668,Eagles,21.0,2351.0,311.0,,,,,,,,,,,,,,Eagles,Philadelphia
Philadelphia Eagles,PHI,1970,TMQB,0,PHI,668,Eagles,21.0,2351.0,511.0,,,,,,,,,,,,,,Eagles,Philadelphia
Arizona Cardinals,ARI,1970,TMQB,0,ARI,669,AZCardinals,22.0,2328.0,412.0,,,,,,,,,,,,,,Cardinals,Arizona
Arizona Cardinals,ARI,1970,TMQB,0,ARI,669,AZCardinals,22.0,2328.0,312.0,,,,,,,,,,,,,,Cardinals,Arizona
Arizona Cardinals,ARI,1970,TMQB,0,ARI,669,AZCardinals,22.0,2328.0,512.0,,,,,,,,,,,,,,Cardinals,Arizona
Washington Commanders,WAS,1970,TMQB,0,WAS,670,Redskins,28.0,,418.0,,,,,,,,,,,,,,Commanders,Washington
Washington Commanders,WAS,1970,TMQB,0,WAS,670,Redskins,28.0,,318.0,,,,,,,,,,,,,,Commanders,Washington
Washington Commanders,WAS,1970,TMQB,0,WAS,670,Redskins,28.0,,518.0,,,,,,,,,,,,,,Commanders,Washington
Chicago Bears,CHI,1970,TMQB,0,CHI,671,ChicagoBears,3.0,2333.0,421.0,,,,,,,,,,,,,,Bears,Chicago
Chicago Bears,CHI,1970,TMQB,0,CHI,671,ChicagoBears,3.0,2333.0,321.0,,,,,,,,,,,,,,Bears,Chicago
Detroit Lions,DET,1970,TMQB,0,DET,672,detroitlionsnfl,8.0,2338.0,429.0,,,,,,,,,,,,,,Lions,Detroit
Detroit Lions,DET,1970,TMQB,0,DET,672,detroitlionsnfl,8.0,2338.0,329.0,,,,,,,,,,,,,,Lions,Detroit
Detroit Lions,DET,1970,TMQB,0,DET,672,detroitlionsnfl,8.0,2338.0,529.0,,,,,,,,,,,,,,Lions,Detroit
Green Bay Packers,GBP,1970,TMQB,0,GBP,673,packers,9.0,2339.0,430.0,,,,,,,,,,,,,,Packers,Green Bay
Green Bay Packers,GBP,1970,TMQB,0,GBP,673,packers,9.0,2339.0,330.0,,,,,,,,,,,,,,Packers,Green Bay
Green Bay Packers,GBP,1970,TMQB,0,GBP,673,packers,9.0,2339.0,530.0,,,,,,,,,,,,,,Packers,Green Bay
Minnesota Vikings,MIN,1970,TMQB,0,MIN,674,Vikings,16.0,2345.0,405.0,,,,,,,,,,,,,,Vikings,Minnesota
Minnesota Vikings,MIN,1970,TMQB,0,MIN,674,Vikings,16.0,2345.0,305.0,,,,,,,,,,,,,,Vikings,Minnesota
Minnesota Vikings,MIN,1970,TMQB,0,MIN,674,Vikings,16.0,2345.0,505.0,,,,,,,,,,,,,,Vikings,Minnesota
Tampa Bay Buccaneers,TBB,1970,TMQB,0,TBB,675,TBBuccaneers,27.0,2357.0,417.0,,,,,,,,,,,,,,Buccaneers,Tampa Bay
Tampa Bay Buccaneers,TBB,1970,TMQB,0,TBB,675,TBBuccaneers,27.0,2357.0,317.0,,,,,,,,,,,,,,Buccaneers,Tampa Bay
Atlanta Falcons,ATL,1970,TMQB,0,ATL,676,AtlantaFalcons,1.0,2329.0,401.0,,,,,,,,,,,,,,Falcons,Atlanta
Atlanta Falcons,ATL,1970,TMQB,0,ATL,676,AtlantaFalcons,1.0,2329.0,301.0,,,,,,,,,,,,,,Falcons,Atlanta
Atlanta Falcons,ATL,1970,TMQB,0,ATL,676,AtlantaFalcons,1.0,2329.0,501.0,,,,,,,,,,,,,,Falcons,Atlanta
Carolina Panthers,CAR,1970,TMQB,0,CAR,677,Panthers,29.0,2332.0,420.0,,,,,,,,,,,,,,Panthers,Carolina
Carolina Panthers,CAR,1970,TMQB,0,CAR,677,Panthers,29.0,2332.0,320.0,,,,,,,,,,,,,,Panthers,Carolina
Carolina Panthers,CAR,1970,TMQB,0,CAR,677,Panthers,29.0,2332.0,520.0,,,,,,,,,,,,,,Panthers,Carolina
Los Angeles Rams,FA,1970,TMQB,0,LAR,678,STLouisRams,14.0,,423.0,,,,,,,,,,,,,,Rams,Los Angeles
Los Angeles Rams,FA,1970,TMQB,0,LAR,678,STLouisRams,14.0,,323.0,,,,,,,,,,,,,,Rams,Los Angeles
Los Angeles Rams,FA,1970,TMQB,0,LAR,678,STLouisRams,14.0,,523.0,,,,,,,,,,,,,,Rams,Los Angeles
New Orleans Saints,NOS,1970,TMQB,0,NOS,679,saints,18.0,2347.0,407.0,,,,,,,,,,,,,,Saints,New Orleans
New Orleans Saints,NOS,1970,TMQB,0,NOS,679,saints,18.0,2347.0,307.0,,,,,,,,,,,,,,Saints,New Orleans
New Orleans Saints,NOS,1970,TMQB,0,NOS,679,saints,18.0,2347.0,507.0,,,,,,,,,,,,,,Saints,New Orleans
San Francisco 49ers,SFO,1970,TMQB,0,SFO,680,49ers,25.0,,415.0,,,,,,,,,,,,,,49ers,San Francisco
San Francisco 49ers,SFO,1970,TMQB,0,SFO,680,49ers,25.0,,315.0,,,,,,,,,,,,,,49ers,San Francisco
Baltimore Ravens,BAL,1970,TMQB,0,BAL,681,ravens,33.0,2330.0,425.0,,,,,,,,,,,,,,Ravens,Baltimore
Baltimore Ravens,BAL,1970,TMQB,0,BAL,681,ravens,33.0,2330.0,325.0,,,,,,,,,,,,,,Ravens,Baltimore
Baltimore Ravens,BAL,1970,TMQB,0,BAL,681,ravens,33.0,2330.0,525.0,,,,,,,,,,,,,,Ravens,Baltimore
Houston Texans,HOU,1970,TMQB,0,HOU,682,houstontexans,34.0,2340.0,432.0,,,,,,,,,,,,,,Texans,Houston
Houston Texans,HOU,1970,TMQB,0,HOU,682,houstontexans,34.0,2340.0,332.0,,,,,,,,,,,,,,Texans,Houston
Houston Texans,HOU,1970,TMQB,0,HOU,682,houstontexans,34.0,2340.0,532.0,,,,,,,,,,,,,,Texans,Houston
Buffalo Bills,BUF,1970,TMPK,0,BUF,701,buffalobills,2.0,2331.0,409.0,,,,,,,,,,,,,,Bills,Buffalo
Buffalo Bills,BUF,1970,TMPK,0,BUF,701,buffalobills,2.0,2331.0,309.0,,,,,,,,,,,,,,Bills,Buffalo
Indianapolis Colts,IND,1970,TMPK,0,IND,702,nflcolts,11.0,2341.0,402.0,,,,,,,,,,,,,,Colts,Indianapolis
Indianapolis Colts,IND,1970,TMPK,0,IND,702,nflcolts,11.0,2341.0,302.0,,,,,,,,,,,,,,Colts,Indianapolis
Indianapolis Colts,IND,1970,TMPK,0,IND,702,nflcolts,11.0,2341.0,502.0,,,,,,,,,,,,,,Colts,Indianapolis
Miami Dolphins,MIA,1970,TMPK,0,MIA,703,MiamiDolphins,15.0,2344.0,404.0,,,,,,,,,,,,,,Dolphins,Miami
Miami Dolphins,MIA,1970,TMPK,0,MIA,703,MiamiDolphins,15.0,2344.0,304.0,,,,,,,,,,,,,,Dolphins,Miami
Miami Dolphins,MIA,1970,TMPK,0,MIA,703,MiamiDolphins,15.0,2344.0,504.0,,,,,,,,,,,,,,Dolphins,Miami
New England Patriots,NEP,1970,TMPK,0,NEP,704,patriots,17.0,2346.0,406.0,,,,,,,,,,,,,,Patriots,New England
New England Patriots,NEP,1970,TMPK,0,NEP,704,patriots,17.0,2346.0,306.0,,,,,,,,,,,,,,Patriots,New England
New England Patriots,NEP,1970,TMPK,0,NEP,704,patriots,17.0,2346.0,506.0,,,,,,,,,,,,,,Patriots,New England
New York Jets,NYJ,1970,TMPK,0,NYJ,705,nyjets,20.0,2349.0,410.0,,,,,,,,,,,,,,Jets,New York
New York Jets,NYJ,1970,TMPK,0,NYJ,705,nyjets,20.0,2349.0,310.0,,,,,,,,,,,,,,Jets,New York
New York Jets,NYJ,1970,TMPK,0,NYJ,705,nyjets,20.0,2349.0,510.0,,,,,,,,,,,,,,Jets,New York
Cincinnati Bengals,CIN,1970,TMPK,0,CIN,706,Bengals,4.0,2334.0,426.0,,,,,,,,,,,,,,Bengals,Cincinnati
Cincinnati Bengals,CIN,1970,TMPK,0,CIN,706,Bengals,4.0,2334.0,326.0,,,,,,,,,,,,,,Bengals,Cincinnati
Cleveland Browns,CLE,1970,TMPK,0,CLE,707,OfficialBrowns,5.0,2335.0,419.0,,,,,,,,,,,,,,Browns,Cleveland
Cleveland Browns,CLE,1970,TMPK,0,CLE,707,OfficialBrowns,5.0,2335.0,319.0,,,,,,,,,,,,,,Browns,Cleveland
Tennessee Titans,TEN,1970,TMPK,0,TEN,708,tennesseetitans,10.0,2358.0,431.0,,,,,,,,,,,,,,Titans,Tennessee
Tennessee Titans,TEN,1970,TMPK,0,TEN,708,tennesseetitans,10.0,2358.0,331.0,,,,,,,,,,,,,,Titans,Tennessee
Tennessee Titans,TEN,1970,TMPK,0,TEN,708,tennesseetitans,10.0,2358.0,531.0,,,,,,,,,,,,,,Titans,Tennessee
Jacksonville Jaguars,JAC,1970,TMPK,0,JAC,709,jaguarsinsider,30.0,2342.0,422.0,,,,,,,,,,,,,,Jaguars,Jacksonville
Jacksonville Jaguars,JAC,1970,TMPK,0,JAC,709,jaguarsinsider,30.0,2342.0,322.0,,,,,,,,,,,,,,Jaguars,Jacksonville
Jacksonville Jaguars,JAC,1970,TMPK,0,JAC,709,jaguarsinsider,30.0,2342.0,522.0,,,,,,,,,,,,,,Jaguars,Jacksonville
Pittsburgh Steelers,PIT,1970,TMPK,0,PIT,710,steelers,23.0,2352.0,413.0,,,,,,,,,,,,,,Steelers,Pittsburgh
Pittsburgh Steelers,PIT,1970,TMPK,0,PIT,710,steelers,23.0,2352.0,313.0,,,,,,,,,,,,,,Steelers,Pittsburgh
Pittsburgh Steelers,PIT,1970,TMPK,0,PIT,710,steelers,23.0,2352.0,513.0,,,,,,,,,,,,,,Steelers,Pittsburgh
Denver Broncos,DEN,1970,TMPK,0,DEN,711,DenverBroncos,7.0,2337.0,428.0,,,,,,,,,,,,,,Broncos,Denver
Denver Broncos,DEN,1970,TMPK,0,DEN,711,DenverBroncos,7.0,2337.0,328.0,,,,,,,,,,,,,,Broncos,Denver
Kansas City Chiefs,KCC,1970,TMPK,0,KCC,712,kcchiefs,12.0,2343.0,403.0,,,,,,,,,,,,,,Chiefs,Kansas City
Kansas City Chiefs,KCC,1970,TMPK,0,KCC,712,kcchiefs,12.0,2343.0,303.0,,,,,,,,,,,,,,Chiefs,Kansas City
Kansas City Chiefs,KCC,1970,TMPK,0,KCC,712,kcchiefs,12.0,2343.0,503.0,,,,,,,,,,,,,,Chiefs,Kansas City
Las Vegas Raiders,OAK,1970,TMPK,0,LVR,713,raiders,13.0,2350.0,424.0,,,,,,,,,,,,,,Raiders,Las Vegas
Las Vegas Raiders,OAK,1970,TMPK,0,LVR,713,raiders,13.0,2350.0,324.0,,,,,,,,,,,,,,Raiders,Las Vegas
Las Vegas Raiders,OAK,1970,TMPK,0,LVR,713,raiders,13.0,2350.0,524.0,,,,,,,,,,,,,,Raiders,Las Vegas
Los Angeles Chargers,FA,1970,TMPK,0,LAC,714,chargers,24.0,,414.0,,,,,,,,,,,,,,Chargers,Los Angeles
Los Angeles Chargers,FA,1970,TMPK,0,LAC,714,chargers,24.0,,314.0,,,,,,,,,,,,,,Chargers,Los Angeles
Los Angeles Chargers,FA,1970,TMPK,0,LAC,714,chargers,24.0,,514.0,,,,,,,,,,,,,,Chargers,Los Angeles
Seattle Seahawks,SEA,1970,TMPK,0,SEA,715,seahawks,26.0,2354.0,416.0,,,,,,,,,,,,,,Seahawks,Seattle
Seattle Seahawks,SEA,1970,TMPK,0,SEA,715,seahawks,26.0,2354.0,316.0,,,,,,,,,,,,,,Seahawks,Seattle
Seattle Seahawks,SEA,1970,TMPK,0,SEA,715,seahawks,26.0,2354.0,516.0,,,,,,,,,,,,,,Seahawks,Seattle
Dallas Cowboys,DAL,1970,TMPK,0,DAL,716,dallascowboys,6.0,2336.0,427.0,,,,,,,,,,,,,,Cowboys,Dallas
Dallas Cowboys,DAL,1970,TMPK,0,DAL,716,dallascowboys,6.0,2336.0,327.0,,,,,,,,,,,,,,Cowboys,Dallas
Dallas Cowboys,DAL,1970,TMPK,0,DAL,716,dallascowboys,6.0,2336.0,527.0,,,,,,,,,,,,,,Cowboys,Dallas
New York Giants,NYG,1970,TMPK,0,NYG,717,giants,19.0,2348.0,408.0,,,,,,,,,,,,,,Giants,New York
New York Giants,NYG,1970,TMPK,0,NYG,717,giants,19.0,2348.0,308.0,,,,,,,,,,,,,,Giants,New York
New York Giants,NYG,1970,TMPK,0,NYG,717,giants,19.0,2348.0,508.0,,,,,,,,,,,,,,Giants,New York
Philadelphia Eagles,PHI,1970,TMPK,0,PHI,718,Eagles,21.0,2351.0,411.0,,,,,,,,,,,,,,Eagles,Philadelphia
Philadelphia Eagles,PHI,1970,TMPK,0,PHI,718,Eagles,21.0,2351.0,311.0,,,,,,,,,,,,,,Eagles,Philadelphia
Philadelphia Eagles,PHI,1970,TMPK,0,PHI,718,Eagles,21.0,2351.0,511.0,,,,,,,,,,,,,,Eagles,Philadelphia
Arizona Cardinals,ARI,1970,TMPK,0,ARI,719,AZCardinals,22.0,2328.0,412.0,,,,,,,,,,,,,,Cardinals,Arizona
Arizona Cardinals,ARI,1970,TMPK,0,ARI,719,AZCardinals,22.0,2328.0,312.0,,,,,,,,,,,,,,Cardinals,Arizona
Arizona Cardinals,ARI,1970,TMPK,0,ARI,719,AZCardinals,22.0,2328.0,512.0,,,,,,,,,,,,,,Cardinals,Arizona
Washington Commanders,WAS,1970,TMPK,0,WAS,720,Redskins,28.0,,418.0,,,,,,,,,,,,,,Commanders,Washington
Washington Commanders,WAS,1970,TMPK,0,WAS,720,Redskins,28.0,,318.0,,,,,,,,,,,,,,Commanders,Washington
Washington Commanders,WAS,1970,TMPK,0,WAS,720,Redskins,28.0,,518.0,,,,,,,,,,,,,,Commanders,Washington
Chicago Bears,CHI,1970,TMPK,0,CHI,721,ChicagoBears,3.0,2333.0,421.0,,,,,,,,,,,,,,Bears,Chicago
Chicago Bears,CHI,1970,TMPK,0,CHI,721,ChicagoBears,3.0,2333.0,321.0,,,,,,,,,,,,,,Bears,Chicago
Detroit Lions,DET,1970,TMPK,0,DET,722,detroitlionsnfl,8.0,2338.0,429.0,,,,,,,,,,,,,,Lions,Detroit
Detroit Lions,DET,1970,TMPK,0,DET,722,detroitlionsnfl,8.0,2338.0,329.0,,,,,,,,,,,,,,Lions,Detroit
Detroit Lions,DET,1970,TMPK,0,DET,722,detroitlionsnfl,8.0,2338.0,529.0,,,,,,,,,,,,,,Lions,Detroit
Green Bay Packers,GBP,1970,TMPK,0,GBP,723,packers,9.0,2339.0,430.0,,,,,,,,,,,,,,Packers,Green Bay
Green Bay Packers,GBP,1970,TMPK,0,GBP,723,packers,9.0,2339.0,330.0,,,,,,,,,,,,,,Packers,Green Bay
Green Bay Packers,GBP,1970,TMPK,0,GBP,723,packers,9.0,2339.0,530.0,,,,,,,,,,,,,,Packers,Green Bay
Minnesota Vikings,MIN,1970,TMPK,0,MIN,724,Vikings,16.0,2345.0,405.0,,,,,,,,,,,,,,Vikings,Minnesota
Minnesota Vikings,MIN,1970,TMPK,0,MIN,724,Vikings,16.0,2345.0,305.0,,,,,,,,,,,,,,Vikings,Minnesota
Minnesota Vikings,MIN,1970,TMPK,0,MIN,724,Vikings,16.0,2345.0,505.0,,,,,,,,,,,,,,Vikings,Minnesota
Tampa Bay Buccaneers,TBB,1970,TMPK,0,TBB,725,TBBuccaneers,27.0,2357.0,417.0,,,,,,,,,,,,,,Buccaneers,Tampa Bay
Tampa Bay Buccaneers,TBB,1970,TMPK,0,TBB,725,TBBuccaneers,27.0,2357.0,317.0,,,,,,,,,,,,,,Buccaneers,Tampa Bay
Atlanta Falcons,ATL,1970,TMPK,0,ATL,726,AtlantaFalcons,1.0,2329.0,401.0,,,,,,,,,,,,,,Falcons,Atlanta
Atlanta Falcons,ATL,1970,TMPK,0,ATL,726,AtlantaFalcons,1.0,2329.0,301.0,,,,,,,,,,,,,,Falcons,Atlanta
Atlanta Falcons,ATL,1970,TMPK,0,ATL,726,AtlantaFalcons,1.0,2329.0,501.0,,,,,,,,,,,,,,Falcons,Atlanta
Carolina Panthers,CAR,1970,TMPK,0,CAR,727,Panthers,29.0,2332.0,420.0,,,,,,,,,,,,,,Panthers,Carolina
Carolina Panthers,CAR,1970,TMPK,0,CAR,727,Panthers,29.0,2332.0,320.0,,,,,,,,,,,,,,Panthers,Carolina
Carolina Panthers,CAR,1970,TMPK,0,CAR,727,Panthers,29.0,2332.0,520.0,,,,,,,,,,,,,,Panthers,Carolina
Los Angeles Rams,FA,1970,TMPK,0,LAR,728,STLouisRams,14.0,,423.0,,,,,,,,,,,,,,Rams,Los Angeles
Los Angeles Rams,FA,1970,TMPK,0,LAR,728,STLouisRams,14.0,,323.0,,,,,,,,,,,,,,Rams,Los Angeles
Los Angeles Rams,FA,1970,TMPK,0,LAR,728,STLouisRams,14.0,,523.0,,,,,,,,,,,,,,Rams,Los Angeles
New Orleans Saints,NOS,1970,TMPK,0,NOS,729,saints,18.0,2347.0,407.0,,,,,,,,,,,,,,Saints,New Orleans
New Orleans Saints,NOS,1970,TMPK,0,NOS,729,saints,18.0,2347.0,307.0,,,,,,,,,,,,,,Saints,New Orleans
New Orleans Saints,NOS,1970,TMPK,0,NOS,729,saints,18.0,2347.0,507.0,,,,,,,,,,,,,,Saints,New Orleans
San Francisco 49ers,SFO,1970,TMPK,0,SFO,730,49ers,25.0,,415.0,,,,,,,,,,,,,,49ers,San Francisco
San Francisco 49ers,SFO,1970,TMPK,0,SFO,730,49ers,25.0,,315.0,,,,,,,,,,,,,,49ers,San Francisco
Baltimore Ravens,BAL,1970,TMPK,0,BAL,731,ravens,33.0,2330.0,425.0,,,,,,,,,,,,,,Ravens,Baltimore
Baltimore Ravens,BAL,1970,TMPK,0,BAL,731,ravens,33.0,2330.0,325.0,,,,,,,,,,,,,,Ravens,Baltimore
Baltimore Ravens,BAL,1970,TMPK,0,BAL,731,ravens,33.0,2330.0,525.0,,,,,,,,,,,,,,Ravens,Baltimore
Houston Texans,HOU,1970,TMPK,0,HOU,732,houstontexans,34.0,2340.0,432.0,,,,,,,,,,,,,,Texans,Houston
Houston Texans,HOU,1970,TMPK,0,HOU,732,houstontexans,34.0,2340.0,332.0,,,,,,,,,,,,,,Texans,Houston
Houston Texans,HOU,1970,TMPK,0,HOU,732,houstontexans,34.0,2340.0,532.0,,,,,,,,,,,,,,Texans,Houston
Buffalo Bills,BUF,1970,TMPN,0,BUF,751,buffalobills,2.0,2331.0,409.0,,,,,,,,,,,,,,Bills,Buffalo
Buffalo Bills,BUF,1970,TMPN,0,BUF,751,buffalobills,2.0,2331.0,309.0,,,,,,,,,,,,,,Bills,Buffalo
Indianapolis Colts,IND,1970,TMPN,0,IND,752,nflcolts,11.0,2341.0,402.0,,,,,,,,,,,,,,Colts,Indianapolis
Indianapolis Colts,IND,1970,TMPN,0,IND,752,nflcolts,11.0,2341.0,302.0,,,,,,,,,,,,,,Colts,Indianapolis
Indianapolis Colts,IND,1970,TMPN,0,IND,752,nflcolts,11.0,2341.0,502.0,,,,,,,,,,,,,,Colts,Indianapolis
Miami Dolphins,MIA,1970,TMPN,0,MIA,753,MiamiDolphins,15.0,2344.0,404.0,,,,,,,,,,,,,,Dolphins,Miami
Miami Dolphins,MIA,1970,TMPN,0,MIA,753,MiamiDolphins,15.0,2344.0,304.0,,,,,,,,,,,,,,Dolphins,Miami
Miami Dolphins,MIA,1970,TMPN,0,MIA,753,MiamiDolphins,15.0,2344.0,504.0,,,,,,,,,,,,,,Dolphins,Miami
New England Patriots,NEP,1970,TMPN,0,NEP,754,patriots,17.0,2346.0,406.0,,,,,,,,,,,,,,Patriots,New England
New England Patriots,NEP,1970,TMPN,0,NEP,754,patriots,17.0,2346.0,306.0,,,,,,,,,,,,,,Patriots,New England
New England Patriots,NEP,1970,TMPN,0,NEP,754,patriots,17.0,2346.0,506.0,,,,,,,,,,,,,,Patriots,New England
New York Jets,NYJ,1970,TMPN,0,NYJ,755,nyjets,20.0,2349.0,410.0,,,,,,,,,,,,,,Jets,New York
New York Jets,NYJ,1970,TMPN,0,NYJ,755,nyjets,20.0,2349.0,310.0,,,,,,,,,,,,,,Jets,New York
New York Jets,NYJ,1970,TMPN,0,NYJ,755,nyjets,20.0,2349.0,510.0,,,,,,,,,,,,,,Jets,New York
Cincinnati Bengals,CIN,1970,TMPN,0,CIN,756,Bengals,4.0,2334.0,426.0,,,,,,,,,,,,,,Bengals,Cincinnati
Cincinnati Bengals,CIN,1970,TMPN,0,CIN,756,Bengals,4.0,2334.0,326.0,,,,,,,,,,,,,,Bengals,Cincinnati
Cleveland Browns,CLE,1970,TMPN,0,CLE,757,OfficialBrowns,5.0,2335.0,419.0,,,,,,,,,,,,,,Browns,Cleveland
Cleveland Browns,CLE,1970,TMPN,0,CLE,757,OfficialBrowns,5.0,2335.0,319.0,,,,,,,,,,,,,,Browns,Cleveland
Tennessee Titans,TEN,1970,TMPN,0,TEN,758,tennesseetitans,10.0,2358.0,431.0,,,,,,,,,,,,,,Titans,Tennessee
Tennessee Titans,TEN,1970,TMPN,0,TEN,758,tennesseetitans,10.0,2358.0,331.0,,,,,,,,,,,,,,Titans,Tennessee
Tennessee Titans,TEN,1970,TMPN,0,TEN,758,tennesseetitans,10.0,2358.0,531.0,,,,,,,,,,,,,,Titans,Tennessee
Jacksonville Jaguars,JAC,1970,TMPN,0,JAC,759,jaguarsinsider,30.0,2342.0,422.0,,,,,,,,,,,,,,Jaguars,Jacksonville
Jacksonville Jaguars,JAC,1970,TMPN,0,JAC,759,jaguarsinsider,30.0,2342.0,322.0,,,,,,,,,,,,,,Jaguars,Jacksonville
Jacksonville Jaguars,JAC,1970,TMPN,0,JAC,759,jaguarsinsider,30.0,2342.0,522.0,,,,,,,,,,,,,,Jaguars,Jacksonville
Pittsburgh Steelers,PIT,1970,TMPN,0,PIT,760,steelers,23.0,2352.0,413.0,,,,,,,,,,,,,,Steelers,Pittsburgh
Pittsburgh Steelers,PIT,1970,TMPN,0,PIT,760,steelers,23.0,2352.0,313.0,,,,,,,,,,,,,,Steelers,Pittsburgh
Pittsburgh Steelers,PIT,1970,TMPN,0,PIT,760,steelers,23.0,2352.0,513.0,,,,,,,,,,,,,,Steelers,Pittsburgh
Denver Broncos,DEN,1970,TMPN,0,DEN,761,DenverBroncos,7.0,2337.0,428.0,,,,,,,,,,,,,,Broncos,Denver
Denver Broncos,DEN,1970,TMPN,0,DEN,761,DenverBroncos,7.0,2337.0,328.0,,,,,,,,,,,,,,Broncos,Denver
Kansas City Chiefs,KCC,1970,TMPN,0,KCC,762,kcchiefs,12.0,2343.0,403.0,,,,,,,,,,,,,,Chiefs,Kansas City
Kansas City Chiefs,KCC,1970,TMPN,0,KCC,762,kcchiefs,12.0,2343.0,303.0,,,,,,,,,,,,,,Chiefs,Kansas City
Kansas City Chiefs,KCC,1970,TMPN,0,KCC,762,kcchiefs,12.0,2343.0,503.0,,,,,,,,,,,,,,Chiefs,Kansas City
Las Vegas Raiders,OAK,1970,TMPN,0,LVR,763,raiders,13.0,2350.0,424.0,,,,,,,,,,,,,,Raiders,Las Vegas
Las Vegas Raiders,OAK,1970,TMPN,0,LVR,763,raiders,13.0,2350.0,324.0,,,,,,,,,,,,,,Raiders,Las Vegas
Las Vegas Raiders,OAK,1970,TMPN,0,LVR,763,raiders,13.0,2350.0,524.0,,,,,,,,,,,,,,Raiders,Las Vegas
Los Angeles Chargers,FA,1970,TMPN,0,LAC,764,chargers,24.0,,414.0,,,,,,,,,,,,,,Chargers,Los Angeles
Los Angeles Chargers,FA,1970,TMPN,0,LAC,764,chargers,24.0,,314.0,,,,,,,,,,,,,,Chargers,Los Angeles
Los Angeles Chargers,FA,1970,TMPN,0,LAC,764,chargers,24.0,,514.0,,,,,,,,,,,,,,Chargers,Los Angeles
Seattle Seahawks,SEA,1970,TMPN,0,SEA,765,seahawks,26.0,2354.0,416.0,,,,,,,,,,,,,,Seahawks,Seattle
Seattle Seahawks,SEA,1970,TMPN,0,SEA,765,seahawks,26.0,2354.0,316.0,,,,,,,,,,,,,,Seahawks,Seattle
Seattle Seahawks,SEA,1970,TMPN,0,SEA,765,seahawks,26.0,2354.0,516.0,,,,,,,,,,,,,,Seahawks,Seattle
Dallas Cowboys,DAL,1970,TMPN,0,DAL,766,dallascowboys,6.0,2336.0,427.0,,,,,,,,,,,,,,Cowboys,Dallas
Dallas Cowboys,DAL,1970,TMPN,0,DAL,766,dallascowboys,6.0,2336.0,327.0,,,,,,,,,,,,,,Cowboys,Dallas
Dallas Cowboys,DAL,1970,TMPN,0,DAL,766,dallascowboys,6.0,2336.0,527.0,,,,,,,,,,,,,,Cowboys,Dallas
New York Giants,NYG,1970,TMPN,0,NYG,767,giants,19.0,2348.0,408.0,,,,,,,,,,,,,,Giants,New York
New York Giants,NYG,1970,TMPN,0,NYG,767,giants,19.0,2348.0,308.0,,,,,,,,,,,,,,Giants,New York
New York Giants,NYG,1970,TMPN,0,NYG,767,giants,19.0,2348.0,508.0,,,,,,,,,,,,,,Giants,New York
Philadelphia Eagles,PHI,1970,TMPN,0,PHI,768,Eagles,21.0,2351.0,411.0,,,,,,,,,,,,,,Eagles,Philadelphia
Philadelphia Eagles,PHI,1970,TMPN,0,PHI,768,Eagles,21.0,2351.0,311.0,,,,,,,,,,,,,,Eagles,Philadelphia
Philadelphia Eagles,PHI,1970,TMPN,0,PHI,768,Eagles,21.0,2351.0,511.0,,,,,,,,,,,,,,Eagles,Philadelphia
Arizona Cardinals,ARI,1970,TMPN,0,ARI,769,AZCardinals,22.0,2328.0,412.0,,,,,,,,,,,,,,Cardinals,Arizona
Arizona Cardinals,ARI,1970,TMPN,0,ARI,769,AZCardinals,22.0,2328.0,312.0,,,,,,,,,,,,,,Cardinals,Arizona
Arizona Cardinals,ARI,1970,TMPN,0,ARI,769,AZCardinals,22.0,2328.0,512.0,,,,,,,,,,,,,,Cardinals,Arizona
Washington Commanders,WAS,1970,TMPN,0,WAS,770,Redskins,28.0,,418.0,,,,,,,,,,,,,,Commanders,Washington
Washington Commanders,WAS,1970,TMPN,0,WAS,770,Redskins,28.0,,318.0,,,,,,,,,,,,,,Commanders,Washington
Washington Commanders,WAS,1970,TMPN,0,WAS,770,Redskins,28.0,,518.0,,,,,,,,,,,,,,Commanders,Washington
Chicago Bears,CHI,1970,TMPN,0,CHI,771,ChicagoBears,3.0,2333.0,421.0,,,,,,,,,,,,,,Bears,Chicago
Chicago Bears,CHI,1970,TMPN,0,CHI,771,ChicagoBears,3.0,2333.0,321.0,,,,,,,,,,,,,,Bears,Chicago
Detroit Lions,DET,1970,TMPN,0,DET,772,detroitlionsnfl,8.0,2338.0,429.0,,,,,,,,,,,,,,Lions,Detroit
Detroit Lions,DET,1970,TMPN,0,DET,772,detroitlionsnfl,8.0,2338.0,329.0,,,,,,,,,,,,,,Lions,Detroit
Detroit Lions,DET,1970,TMPN,0,DET,772,detroitlionsnfl,8.0,2338.0,529.0,,,,,,,,,,,,,,Lions,Detroit
Green Bay Packers,GBP,1970,TMPN,0,GBP,773,packers,9.0,2339.0,430.0,,,,,,,,,,,,,,Packers,Green Bay
Green Bay Packers,GBP,1970,TMPN,0,GBP,773,packers,9.0,2339.0,330.0,,,,,,,,,,,,,,Packers,Green Bay
Green Bay Packers,GBP,1970,TMPN,0,GBP,773,packers,9.0,2339.0,530.0,,,,,,,,,,,,,,Packers,Green Bay
Minnesota Vikings,MIN,1970,TMPN,0,MIN,774,Vikings,16.0,2345.0,405.0,,,,,,,,,,,,,,Vikings,Minnesota
Minnesota Vikings,MIN,1970,TMPN,0,MIN,774,Vikings,16.0,2345.0,305.0,,,,,,,,,,,,,,Vikings,Minnesota
Minnesota Vikings,MIN,1970,TMPN,0,MIN,774,Vikings,16.0,2345.0,505.0,,,,,,,,,,,,,,Vikings,Minnesota
Tampa Bay Buccaneers,TBB,1970,TMPN,0,TBB,775,TBBuccaneers,27.0,2357.0,417.0,,,,,,,,,,,,,,Buccaneers,Tampa Bay
Tampa Bay Buccaneers,TBB,1970,TMPN,0,TBB,775,TBBuccaneers,27.0,2357.0,317.0,,,,,,,,,,,,,,Buccaneers,Tampa Bay
Atlanta Falcons,ATL,1970,TMPN,0,ATL,776,AtlantaFalcons,1.0,2329.0,401.0,,,,,,,,,,,,,,Falcons,Atlanta
Atlanta Falcons,ATL,1970,TMPN,0,ATL,776,AtlantaFalcons,1.0,2329.0,301.0,,,,,,,,,,,,,,Falcons,Atlanta
Atlanta Falcons,ATL,1970,TMPN,0,ATL,776,AtlantaFalcons,1.0,2329.0,501.0,,,,,,,,,,,,,,Falcons,Atlanta
Carolina Panthers,CAR,1970,TMPN,0,CAR,777,Panthers,29.0,2332.0,420.0,,,,,,,,,,,,,,Panthers,Carolina
Carolina Panthers,CAR,1970,TMPN,0,CAR,777,Panthers,29.0,2332.0,320.0,,,,,,,,,,,,,,Panthers,Carolina
Carolina Panthers,CAR,1970,TMPN,0,CAR,777,Panthers,29.0,2332.0,520.0,,,,,,,,,,,,,,Panthers,Carolina
Los Angeles Rams,FA,1970,TMPN,0,LAR,778,STLouisRams,14.0,,423.0,,,,,,,,,,,,,,Rams,Los Angeles
Los Angeles Rams,FA,1970,TMPN,0,LAR,778,STLouisRams,14.0,,323.0,,,,,,,,,,,,,,Rams,Los Angeles
Los Angeles Rams,FA,1970,TMPN,0,LAR,778,STLouisRams,14.0,,523.0,,,,,,,,,,,,,,Rams,Los Angeles
New Orleans Saints,NOS,1970,TMPN,0,NOS,779,saints,18.0,2347.0,407.0,,,,,,,,,,,,,,Saints,New Orleans
New Orleans Saints,NOS,1970,TMPN,0,NOS,779,saints,18.0,2347.0,307.0,,,,,,,,,,,,,,Saints,New Orleans
New Orleans Saints,NOS,1970,TMPN,0,NOS,779,saints,18.0,2347.0,507.0,,,,,,,,,,,,,,Saints,New Orleans
San Francisco 49ers,SFO,1970,TMPN,0,SFO,780,49ers,25.0,,415.0,,,,,,,,,,,,,,49ers,San Francisco
San Francisco 49ers,SFO,1970,TMPN,0,SFO,780,49ers,25.0,,315.0,,,,,,,,,,,,,,49ers,San Francisco
Baltimore Ravens,BAL,1970,TMPN,0,BAL,781,ravens,33.0,2330.0,425.0,,,,,,,,,,,,,,Ravens,Baltimore
Baltimore Ravens,BAL,1970,TMPN,0,BAL,781,ravens,33.0,2330.0,325.0,,,,,,,,,,,,,,Ravens,Baltimore
Baltimore Ravens,BAL,1970,TMPN,0,BAL,781,ravens,33.0,2330.0,525.0,,,,,,,,,,,,,,Ravens,Baltimore
Houston Texans,HOU,1970,TMPN,0,HOU,782,houstontexans,34.0,2340.0,432.0,,,,,,,,,,,,,,Texans,Houston
Houston Texans,HOU,1970,TMPN,0,HOU,782,houstontexans,34.0,2340.0,332.0,,,,,,,,,,,,,,Texans,Houston
Houston Texans,HOU,1970,TMPN,0,HOU,782,houstontexans,34.0,2340.0,532.0,,,,,,,,,,,,,,Texans,Houston
Jim Harbaugh,CHI,1987,Coach,0,LAC,1276,CoachJim4UM,20545.0,,,75.0,Michigan,285.0,4.0,1a160398-b875-4143-8e9f-4a430d3a9755,26.0,215.0,1.0,,,,,,Harbaugh,Jim
Doug Pederson,FA,0,Coach,0,JAC,3144,,,,,75.0,Northeast Louisiana,241.0,,ce14b0d9-8857-4772-b8a3-505b88ea3aaa,,216.0,,9477.0,,,,,Pederson,Doug
Andy Reid,FA,0,Coach,0,KCC,3622,,39797.0,,,,,,,3af34d1f-d056-4d3b-8457-d27613275bec,,,,,,,,,Reid,Andy
Drew Brees,FA,2001,QB,25598,FA,4925,drewbrees,5479.0,,235197.0,72.0,Purdue,2178.0,9.0,bb5957e6-ce7d-47ab-8036-22191ffc1c44,1.0,209.0,2.0,591.0,drewbrees/2504775,285224400.0,2580.0,,Brees,Drew
Tom Brady,NEP,2000,QB,25347,FA,5848,,5228.0,,187741.0,76.0,Michigan,1350.0,12.0,41c44740-d0f6-44ab-8347-3b5d515e5ecf,33.0,225.0,6.0,1163.0,tombrady/2504211,239432400.0,2330.0,,Brady,Tom
Antonio Pierce,FA,0,Coach,0,LVR,6406,AntonioPierce,5742.0,,237172.0,73.0,Arizona,4216.0,58.0,43cc01f0-78ae-11ee-bc20-417b34808d82,,238.0,,97.0,,278226000.0,,,Pierce,Antonio
Ben Roethlisberger,PIT,2004,QB,246061,FA,7401,,6770.0,,493043.0,77.0,Miami (Ohio),3764.0,7.0,ea357add-1a41-4a8b-8f34-bbfade7f4d98,11.0,240.0,1.0,1181.0,benroethlisberger/2506109,383893200.0,5536.0,,Roethlisberger,Ben
Aaron Rodgers,FA,2005,QB,213957,NYJ,7836,AaronRodgers12,7200.0,,419780.0,74.0,California,4307.0,8.0,0ce48193-e2fa-466e-a986-33f751add206,24.0,223.0,1.0,3118.0,aaronrodgers/2506363,439189200.0,8439.0,,Rodgers,Aaron
Mike McCarthy,FA,0,Coach,0,DAL,8235,,325434.0,,,,,,,cf25a054-ebef-4dc2-b6c1-336f8e2af686,,,,,,,,,McCarthy,Mike
Sean Payton,FA,0,Coach,0,DEN,8237,,,,,,,,,60269cd5-9c09-4bd9-a544-59ff6753cfd0,,,,,,,,,Payton,Sean
Marcedes Lewis,JAC,2006,TE,214197,CHI,8269,MarcedesLewis89,7777.0,4007.0,415313.0,78.0,UCLA,4891.0,84.0,9c21e9af-681c-41ef-9b00-fbc9e1668ed1,28.0,267.0,1.0,3615.0,marcedeslewis/2495888,453790800.0,9614.0,,Lewis,Marcedes
DeMeco Ryans,HOU,2006,Coach,218591,HOU,8274,DRyans59,7782.0,,420098.0,73.0,Alabama,4919.0,59.0,acb46e0c-3826-49e4-a1f6-15ca2ceceb01,1.0,247.0,2.0,3657.0,demecoryans/2506888,459838800.0,9619.0,,Ryans,DeMeco
Mike Tomlin,FA,0,Coach,0,PIT,8653,CoachTomlin,381597.0,,,,,,,28ada093-9fca-4364-ac01-6638483bf49a,,,,,,69483600.0,,,Tomlin,Mike
Adrian Peterson,MIN,2007,RB,267443,FA,8658,AdrianPeterson,8261.0,,517568.0,73.0,Oklahoma,5215.0,28.0,ab58c0ac-a747-47e6-9b3c-505e41d2bd3d,7.0,220.0,1.0,4169.0,adrianpeterson/2507164,480229200.0,10452.0,,Peterson,Adrian
Mason Crosby,GBP,2007,PK,214574,FA,8742,crosbykicks2,8447.0,4715.0,408969.0,73.0,Colorado,5363.0,2.0,e0856548-6fd5-4f83-9aa0-91f1bf4cbbd8,19.0,212.0,6.0,4182.0,masoncrosby/2507232,463035600.0,10636.0,,Crosby,Mason
Nick Folk,DAL,2007,PK,213781,TEN,8851,nickfolk2,8432.0,,410721.0,73.0,Arizona,5365.0,6.0,b37c621e-1125-4c35-bea0-fcabb1527060,4.0,225.0,6.0,4273.0,nickfolk/2507225,468478800.0,10621.0,,Folk,Nick
Matt Prater,FA,2006,PK,218237,ARI,8930,,8565.0,,1109832.0,70.0,Central Florida,5051.0,5.0,67f5e782-f91c-4536-9818-cf4a0e7e821d,,201.0,,4502.0,mattprater/2506677,460962000.0,11122.0,,Prater,Matt
Calais Campbell,ARI,2008,DT,266767,MIA,9051,Campbell93,8827.0,5317.0,520548.0,80.0,Miami,5587.0,93.0,0333b8f0-3aab-45aa-a684-6d402a309413,19.0,307.0,2.0,4628.0,calaiscampbell/744,525934800.0,11284.0,,Campbell,Calais
Joe Flacco,BAL,2008,QB,216342,IND,9064,TeamFlacco,8795.0,,1250697.0,78.0,Delaware,5648.0,15.0,64797df2-efd3-4b27-86ee-1d48f7edb09f,18.0,230.0,1.0,4677.0,JoeFlacco,474699600.0,11252.0,,Flacco,Joe
Jerod Mayo,NEP,2008,Coach,266735,NEP,9086,,8787.0,,518626.0,73.0,Tennessee,5604.0,51.0,28a2a255-9227-4a5f-a4ec-0ee4b2bf629b,10.0,250.0,1.0,4804.0,jerodmayo/776,509518800.0,11244.0,,Mayo,Jerod
Matt Ryan,ATL,2008,QB,216263,FA,9099,M_Ryan02,8780.0,,420095.0,76.0,Boston College,5610.0,2.0,7e648a0b-fdc8-4661-a587-5826f2cac11b,3.0,217.0,1.0,4637.0,mattryan/310,485154000.0,11237.0,,Ryan,Matt
Kevin O'Connell,NEP,2008,Coach,227167,MIN,9151,,8871.0,,1245617.0,77.0,San Diego State,5655.0,8.0,daed5505-a63b-4a00-b1c4-592b15064bc8,31.0,225.0,3.0,4710.0,kevino'connell/371,485845200.0,11328.0,,O'Connell,Kevin
Matt Slater,NEP,2008,WR,0,FA,9200,,8930.0,,1615610.0,72.0,UCLA,5786.0,18.0,9d404288-65c5-414f-8ea5-ceb97eccaea0,18.0,205.0,5.0,4904.0,mattslater/4487,495090000.0,11387.0,,Slater,Matt
Josh Johnson,TBB,2008,QB,273278,BAL,9207,,8937.0,,1325808.0,75.0,San Diego,5653.0,17.0,73e133bf-d3f7-4fda-bd25-2fde66cb8ee1,25.0,214.0,5.0,4706.0,joshjohnson/264,516517200.0,11394.0,,Johnson,Josh
John Harbaugh,FA,0,Coach,0,BAL,9298,,450948.0,,,,,,,bf49a80f-9733-453e-8dca-7b0146e92cff,,,,,,,,,Harbaugh,John
Raheem Morris,FA,0,Coach,0,ATL,9424,,389.0,,,,,,,230165be-d850-4411-bf6a-98cffb3a4027,,,,,,210574800.0,,,Morris,Raheem
Matthew Stafford,DET,2009,QB,323205,LAR,9431,Staff_9,9265.0,6038.0,1114942.0,75.0,Georgia,5971.0,9.0,ade43b1a-0601-4672-83b6-d246bc066a19,1.0,214.0,1.0,5132.0,matthewstafford/79860,571208400.0,12483.0,,Stafford,Matthew
Jared Cook,TEN,2009,TE,296480,FA,9474,JaredCook89,9353.0,6126.0,584314.0,77.0,South Carolina,5981.0,87.0,3b7a1409-d154-4e5c-8c94-9d4a0e0993c7,25.0,254.0,3.0,5165.0,jaredcook/71265,544770000.0,12537.0,,Cook,Jared
Thomas Morstead,NOS,2009,PN,286840,NYJ,9596,thomasmorstead,9428.0,,520362.0,76.0,Southern Methodist,6301.0,6.0,e5371625-0c83-4f1f-9252-c7e0b6bc616e,28.0,225.0,5.0,5382.0,thomasmorstead/71407,510642000.0,12701.0,,Morstead,Thomas
Ryan Succop,KCC,2009,PK,296494,FA,9686,ryansuccop,9520.0,,1674148.0,74.0,South Carolina,6150.0,3.0,ecc4f0c1-64e0-46cc-9b58-91c2b215e62a,47.0,218.0,7.0,5461.0,ryansuccop/89802,527490000.0,12731.0,,Succop,Ryan
Graham Gano,FA,2009,PK,296451,NYG,9694,GrahamGano,9526.0,6304.0,558839.0,74.0,Florida State,6045.0,9.0,63f8a401-f308-4463-9d0b-4335b98da682,,202.0,,5468.0,grahamgano/71309,544942800.0,12460.0,,Gano,Graham
Brian Hoyer,FA,2009,QB,264725,FA,9714,bhoyer6,9547.0,6324.0,517243.0,74.0,Michigan State,6140.0,7.0,af4ba620-2f00-4b00-9111-7897f2b1cde8,,215.0,,5463.0,brianhoyer/81294,499582800.0,12477.0,,Hoyer,Brian
Ndamukong Suh,DET,2010,DT,301132,FA,9815,NdamukongSuh,23977.0,6579.0,563145.0,76.0,Nebraska,6537.0,93.0,f0f60621-a075-41f6-a07d-74fd9e1348f2,2.0,313.0,1.0,5593.0,ndamukongsuh/496861,536907600.0,13234.0,,Suh,Ndamukong
Brandon Graham,PHI,2010,DE,336730,PHI,9826,brandongraham55,23988.0,6562.0,1116725.0,74.0,Michigan,6571.0,55.0,b3e41b52-a8aa-4be8-8513-8ede6f3f83d3,13.0,265.0,1.0,5756.0,brandongraham/496788,576046800.0,13239.0,,Graham,Brandon
Jason Pierre-Paul,NYG,2010,DE,504295,FA,9833,DatBoyJPP,23990.0,,1692882.0,77.0,South Florida,6568.0,90.0,e56569f1-eaf4-473b-b92c-fc5c84cc7338,15.0,270.0,1.0,5681.0,jasonpierre-paul/496843,599634000.0,13256.0,,Pierre-Paul,Jason
Jerry Hughes,IND,2010,DE,322863,HOU,9853,Iam_jerryhughes,24006.0,,1125969.0,74.0,TCU,6576.0,52.0,f40e0707-1bf5-44d4-b447-7c03255aa423,31.0,254.0,1.0,5838.0,jerryhughes/496796,587451600.0,13245.0,,Hughes,Jerry
Kareem Jackson,HOU,2010,S,400131,FA,9861,ReemBoi25,23995.0,6567.0,1273346.0,70.0,Alabama,6622.0,27.0,f7b49d9d-2ce4-459f-8065-fa3b52d28069,20.0,196.0,1.0,5732.0,kareemjackson/496735,576651600.0,13254.0,,Jackson,Kareem
Tyson Alualu,JAC,2010,DT,324269,FA,9875,,23985.0,6555.0,559518.0,75.0,California,6590.0,92.0,1aa8d83f-c084-4893-b9b0-b1296ec822f1,10.0,304.0,1.0,5873.0,tysonalualu/496760,547794000.0,13233.0,,Alualu,Tyson
Colt McCoy,CLE,2010,QB,306296,FA,9899,ColtMcCoy,24060.0,6625.0,584648.0,73.0,Texas,6444.0,12.0,3699dfd9-d437-43f7-b674-adbb31e7e64b,21.0,212.0,3.0,5699.0,coltmccoy/497123,526280400.0,13199.0,,McCoy,Colt
Rob Gronkowski,NEP,2010,TE,381091,FA,9902,RobGronkowski,24017.0,,1244303.0,78.0,Arizona,6443.0,87.0,2142a164-48ad-47d6-bb27-0bc58c6b2e62,10.0,268.0,2.0,5729.0,robgronkowski/497240,611125200.0,13229.0,,Gronkowski,Rob
Linval Joseph,NYG,2010,DT,402468,DAL,9904,,24021.0,6617.0,1265317.0,76.0,East Carolina,6681.0,93.0,6c48b2a7-924e-43ec-bcd9-f1cda06b2332,14.0,328.0,2.0,5867.0,linvaljoseph/496802,592462800.0,13281.0,,Joseph,Linval
Jimmy Graham,NOS,2010,TE,295918,FA,9925,TheJimmyGraham,24070.0,,1691166.0,79.0,Miami,6532.0,80.0,fd85786d-3900-4dc0-9b30-334ee30413ed,31.0,265.0,3.0,5842.0,jimmygraham/497236,533192400.0,13232.0,,Graham,Jimmy
Al Woods,NOS,2010,DT,323244,FA,9940,,24098.0,6806.0,1116455.0,76.0,LSU,6714.0,96.0,7011a0e7-f402-4bc0-bba3-b31d3613e47f,25.0,309.0,4.0,5903.0,alwoods/496881,543646800.0,13493.0,,Woods,Al
Patrick Peterson,ARI,2011,CB,465739,FA,10260,RealPeterson21,24792.0,7379.0,1632296.0,73.0,LSU,7300.0,20.0,9f3b934e-52d6-4e16-ae92-d3e60be10493,5.0,203.0,1.0,6481.0,patrickpeterson/2495504,647672400.0,13980.0,,Peterson,Patrick
Blaine Gabbert,JAC,2011,QB,463393,FA,10262,BlaineGabbert,24797.0,7368.0,1630777.0,76.0,Missouri,7248.0,9.0,de816e24-8442-49a4-99cd-dde7e7c05863,10.0,235.0,1.0,6451.0,blainegabbert/2495441,624430800.0,13987.0,,Gabbert,Blaine
Cameron Heyward,PIT,2011,DT,397533,PIT,10266,CamHeyward,24818.0,7370.0,1243804.0,77.0,Ohio State,7449.0,97.0,9779acc7-ed88-4a16-b78d-230ace9ec3eb,31.0,295.0,1.0,6510.0,cameronheyward/2508109,610434000.0,13977.0,,Heyward,Cameron
Von Miller,DEN,2011,DE,409742,BUF,10267,Millerlite40,24789.0,7377.0,1620879.0,75.0,Texas A&M,7421.0,40.0,cc9528c4-3a18-4d3f-8d8f-cfef4dcd2d38,2.0,250.0,1.0,6500.0,vonmiller/2495202,606891600.0,13976.0,,Miller,Von
Robert Quinn,STL,2011,DE,463653,FA,10269,RQuinn94,24801.0,7382.0,1630332.0,76.0,North Carolina,7418.0,94.0,57bd3249-bae3-4e13-b4d6-f86dbc4978e7,14.0,260.0,1.0,6557.0,robertquinn/2495485,643006800.0,13984.0,,Quinn,Robert
Julio Jones,ATL,2011,WR,456614,FA,10271,juliojones_11,24793.0,,1623794.0,75.0,Alabama,7242.0,80.0,0b3217b9-ba37-4222-95cb-a7a222441e8b,6.0,220.0,1.0,6475.0,juliojones/2495454,602485200.0,13982.0,,Jones,Julio
Cam Newton,CAR,2011,QB,380750,FA,10273,CameronNewton,24788.0,,1273186.0,77.0,Auburn,7257.0,1.0,214e55e4-a089-412d-9598-a16495df0d25,1.0,245.0,1.0,6491.0,camnewton/2495455,610866000.0,13994.0,,Newton,Cam
Mark Ingram,NOS,2011,RB,456613,FA,10276,MarkIngram22,24815.0,,1623793.0,69.0,Alabama,7244.0,22.0,f336567d-44a9-4245-8452-1dd485fd70fb,28.0,215.0,1.0,6471.0,markingram/2495466,630219600.0,13981.0,,Ingram,Mark
Justin Houston,KCC,2011,DE,409479,FA,10277,JHouston50,24857.0,7417.0,1620558.0,75.0,Georgia,7476.0,52.0,98841eb4-0f2a-4073-bc91-0fa8548b305b,6.0,270.0,3.0,6556.0,justinhouston/2495493,601362000.0,14048.0,,Houston,Justin
Cameron Jordan,NOS,2011,DE,401762,NOS,10292,camjordan94,24811.0,7373.0,1272992.0,76.0,California,7447.0,94.0,543e5e1e-50e5-482d-a6ad-498d7fab497e,24.0,287.0,1.0,6507.0,cameronjordan/2495184,616050000.0,13971.0,,Jordan,Cameron
Colin Kaepernick,SFO,2011,QB,323273,FA,10297,Kaepernick7,24823.0,,1130583.0,76.0,Nevada,7353.0,7.0,068b70bc-9558-4e99-b729-754fd28937ed,4.0,230.0,2.0,6530.0,colinkaepernick/2495186,562914000.0,14001.0,,Kaepernick,Colin
Randall Cobb,GBP,2011,WR,465949,FA,10308,rcobb18,24851.0,7401.0,1632091.0,70.0,Kentucky,7256.0,18.0,3283f152-d373-43b3-b88f-f6f261c48e81,32.0,192.0,2.0,6497.0,randallcobb/2495448,651301200.0,14053.0,,Cobb,Randall
Andy Dalton,CIN,2011,QB,322858,CAR,10313,andydalton14,24822.0,,1125961.0,74.0,TCU,7355.0,14.0,d2a0e5af-3850-4f16-8e40-a0b1d15c2ce1,3.0,220.0,2.0,6493.0,andydalton/2495143,562482000.0,14012.0,,Dalton,Andy
Tyrod Taylor,BAL,2011,QB,399579,NYJ,10413,TyrodTaylor,24967.0,7592.0,1243338.0,73.0,Virginia Tech,7357.0,2.0,7f3ef024-eb34-46af-8b9e-544cdf09378f,15.0,217.0,6.0,6509.0,tyrodtaylor/2495240,618123600.0,14163.0,,Taylor,Tyrod
Lawrence Guy,GBP,2011,DT,461090,FA,10457,thatLGUY,25020.0,,1631775.0,76.0,Arizona State,7472.0,93.0,0861a57d-b468-4c21-ba3a-7523b6838ed0,30.0,315.0,7.0,6735.0,lawrenceguy/2495481,637650000.0,14185.0,,Guy,Lawrence
Nick Bellore,FA,2011,RB,382555,WAS,10514,NBELLORE54,25295.0,,1244136.0,73.0,Central Michigan,7504.0,44.0,eeb9e3f4-e378-44ca-94b6-a724011ad710,,250.0,,7015.0,nickbellore/2495262,610952400.0,14471.0,,Bellore,Nick
Todd Bowles,FA,0,Coach,0,TBB,10671,,,,,74.0,,,,f91993af-d418-4c0c-8ad0-9240f4d30d06,,205.0,,8353.0,,,,,Bowles,Todd
Dennis Allen,FA,0,Coach,0,NOS,10693,,,,,,,,,ef1b4704-0ce4-4977-a882-2b14413dd2d2,,,,,,85986000.0,,,Allen,Dennis
Ryan Tannehill,MIA,2012,QB,380960,FA,10697,ryantannehill1,25718.0,8514.0,1273654.0,76.0,Texas A&M,8040.0,17.0,5812204c-6dae-4450-8011-99e0f72864ac,8.0,217.0,1.0,7417.0,ryantannehill/2532956,585982800.0,14876.0,,Tannehill,Ryan
Nick Foles,PHI,2012,QB,403189,FA,10699,NFoles_9,25798.0,,1631750.0,78.0,Arizona,8066.0,9.0,c8232b55-6617-4dd9-a7cf-cf14cd9a29ab,25.0,243.0,3.0,7475.0,nickfoles/2532842,601275600.0,14877.0,,Foles,Nick
Kirk Cousins,WAS,2012,QB,403308,ATL,10700,KirkCousins8,25812.0,8625.0,1272574.0,75.0,Michigan State,8057.0,18.0,bbd0942c-6f77-4f83-a6d0-66ec6548019e,7.0,205.0,4.0,7486.0,kirkcousins/2532820,587970000.0,14880.0,,Cousins,Kirk
Russell Wilson,SEA,2012,QB,401534,PIT,10703,DangeRussWilson,25785.0,8598.0,1272242.0,71.0,Wisconsin,8043.0,3.0,409d4cac-ee90-4470-9710-ebe671678339,12.0,206.0,3.0,7460.0,russellwilson/2532975,596782800.0,14881.0,,Wilson,Russell
T.Y. Hilton,IND,2012,WR,468655,FA,10729,TYHilton13,25802.0,,1673733.0,70.0,Florida International,8098.0,13.0,b8426cea-f8b9-4061-8d56-e70d1230103e,29.0,183.0,3.0,7558.0,t.y.hilton/2532865,627022800.0,14924.0,,Hilton,T.Y.
Marvin Jones,CIN,2012,WR,461620,FA,10738,MarvinJonesJr,25876.0,,1631804.0,74.0,California,8223.0,11.0,1a2fbc23-e6db-4d2f-a152-2c774341b7c4,31.0,199.0,5.0,7503.0,marvinjones/2532884,637218000.0,15072.0,,Jones,Marvin
Melvin Ingram,FA,2012,DE,406454,FA,10749,MelvinIngram,25728.0,,1620606.0,74.0,South Carolina,8133.0,9.0,2cae991f-878e-434e-9f76-fad263fad23c,18.0,250.0,1.0,7419.0,melviningram/2532870,609570000.0,14926.0,,Ingram,Melvin
Chandler Jones,NEP,2012,DE,465583,FA,10753,Chan95Jones,25731.0,8531.0,1971327.0,77.0,Syracuse,8140.0,55.0,5197def5-f444-4561-ad28-7aac10dc748e,21.0,265.0,1.0,7429.0,chandlerjones/2533538,636094800.0,14927.0,,Jones,Chandler
Fletcher Cox,PHI,2012,DT,512216,FA,10762,fcoxx_91,25722.0,,1700843.0,76.0,Mississippi State,8154.0,91.0,49671677-0e37-4c70-ae1b-ec36be357eb9,12.0,310.0,1.0,7431.0,fletchercox/2533051,661064400.0,14941.0,,Cox,Fletcher
Bruce Irvin,SEA,2012,DE,556310,FA,10766,BIrvin_WVU11,25725.0,,1779111.0,75.0,West Virginia,8199.0,46.0,6fc3f73e-9c19-41cf-aa95-df4d83e29e9e,15.0,258.0,1.0,7515.0,bruceirvin/2532871,537339600.0,14946.0,,Irvin,Bruce
Lavonte David,TBB,2012,LB,540618,TBB,10768,NewEra_54,25768.0,8610.0,1769263.0,73.0,Nebraska,8184.0,54.0,9a612961-9fdf-47d0-b7ca-32b55adb1f61,26.0,233.0,2.0,7539.0,lavontedavid/2532828,633070800.0,14985.0,,David,Lavonte
Bobby Wagner,SEA,2012,LB,466010,WAS,10775,Bwagz54,25757.0,8597.0,1631476.0,72.0,Utah State,8208.0,54.0,706bc0ab-7200-47e9-9b09-726110eb83dc,15.0,241.0,2.0,7533.0,bobbywagner/2532966,646462800.0,14979.0,,Wagner,Bobby
Harrison Smith,MIN,2012,S,400486,MIN,10783,HarriSmith22,25739.0,8523.0,1265468.0,74.0,Notre Dame,8202.0,22.0,407f1923-6659-4564-800f-25b8746d6d3e,29.0,211.0,1.0,7488.0,harrisonsmith/2532948,602398800.0,14945.0,,Smith,Harrison
Stephon Gilmore,BUF,2012,CB,494377,MIN,10789,BumpNrunGilm0re,25720.0,8408.0,1664166.0,72.0,South Carolina,8165.0,23.0,c7c6dc46-a58a-4cfc-b626-2360434671cb,10.0,190.0,1.0,7442.0,stephongilmore/2533062,653720400.0,14942.0,,Gilmore,Stephon
Bryan Anger,JAC,2012,PN,401724,DAL,10814,,25780.0,,1272968.0,75.0,California,8251.0,5.0,6ee71282-c2b8-416a-8de1-29c0185d9b7b,7.0,202.0,3.0,7541.0,bryananger/2533000,592117200.0,14950.0,,Anger,Bryan
Demario Davis,NYJ,2012,LB,401178,NOS,10816,YouAreFree146,25787.0,8547.0,1263584.0,74.0,Arkansas State,8213.0,56.0,e6221da0-1ce0-4f60-85b5-f2094e9d2863,14.0,248.0,3.0,7547.0,demariodavis/2533008,600498000.0,14958.0,,Davis,Demario
Josh Norman,CAR,2012,CB,473857,FA,10851,J_No24,25853.0,8417.0,1731084.0,72.0,Coastal Carolina,8174.0,29.0,2bdf19ad-a957-4f3c-bb2f-2bb72b0b3595,8.0,200.0,5.0,7593.0,joshnorman/2532920,566542800.0,15124.0,,Norman,Josh
Randy Bullock,HOU,2012,PK,469127,FA,10862,randybullock28,25871.0,,1632503.0,69.0,Texas A&M,8222.0,46.0,c7d8781f-b9f6-4e0f-b0b6-29fce3985f3e,26.0,208.0,5.0,7610.0,randybullock/2533444,629787600.0,15091.0,,Bullock,Randy
Greg Zuerlein,STL,2012,PK,558684,NYJ,10868,,25881.0,8608.0,1971893.0,72.0,Missouri Western,8179.0,9.0,93d11276-45d2-4168-a9b7-df0cbf12dabb,1.0,195.0,6.0,7616.0,gregzuerlein/2534797,567579600.0,14993.0,,Zuerlein,Greg
Justin Bethel,ARI,2012,CB,461022,FA,10874,Jbet26,25887.0,8383.0,1971899.0,72.0,Presbyterian,8306.0,20.0,f403d099-29d4-43cd-bf79-4aeeb8dc6cd3,7.0,295.0,6.0,7622.0,justinbethel/2532792,645598800.0,15089.0,,Bethel,Justin
Brandon Bolden,FA,2012,RB,465752,FA,10932,BB_HulkSmash,26389.0,9114.0,1632301.0,71.0,Mississippi,8077.0,34.0,dba5e3ec-2c77-4f65-ad6e-cee246f816ef,,220.0,,8119.0,brandonbolden/2532797,633330000.0,15478.0,,Bolden,Brandon
Johnny Hekker,FA,2012,PN,459211,CAR,10945,JHekker,26350.0,,1974200.0,77.0,Oregon State,8381.0,10.0,380435a9-1833-4381-a12b-498a43732798,,225.0,,8073.0,johnnyhekker/2535663,634453200.0,15153.0,,Hekker,Johnny
Case Keenum,FA,2012,QB,338280,HOU,10948,casekeenum7,26483.0,,1137118.0,73.0,Houston,8065.0,18.0,1b3d350a-478b-4542-a430-d12cc96adc22,,215.0,,7696.0,casekeenum/2532888,571640400.0,15168.0,,Keenum,Case
Josh Gordon,FA,2012,WR,503496,FA,10960,JOSH_GORDONXII,26561.0,,1686045.0,75.0,Baylor,8415.0,10.0,b228c353-bb1f-4ba8-aa6d-d18ecf297259,,225.0,,8282.0,joshgordon/2537931,671518800.0,15705.0,,Gordon,Josh
Cole Beasley,FA,2012,WR,460830,FA,10973,Bease11,26060.0,,1977145.0,68.0,SMU,8249.0,11.0,7092bb09-a161-4ab9-8d19-fdcf1a91bb3d,,174.0,,7794.0,colebeasley/2535698,609570000.0,15349.0,,Beasley,Cole
Justin Tucker,FA,2012,PK,448132,BAL,10976,jtuck9,26534.0,8663.0,1985374.0,73.0,Texas,8398.0,9.0,20a0bad2-d530-4ff4-a2df-5c0a21a1f5db,,191.0,,8241.0,justintucker/2536340,627627600.0,15683.0,,Tucker,Justin
Tashaun Gipson,FA,2012,S,451104,JAC,11010,Gipson_duos24,26372.0,,1975901.0,71.0,Wyoming,8567.0,47.0,d5efd828-7339-43a7-ad7e-6f936dbbabb2,,212.0,,8095.0,tashaungipson/2532848,650005200.0,15235.0,,Gipson,Tashaun
Rodney McLeod,FA,2012,S,462236,CLE,11017,Rodney_McLeod4,26356.0,,1975886.0,70.0,Virginia,8509.0,12.0,b7253ed5-d2c3-4757-8b54-5176fe9f45df,,185.0,,8079.0,rodneymcleod/2534832,646117200.0,15222.0,,McLeod,Rodney
Geno Smith,NYJ,2013,QB,513856,SEA,11150,GenoSmith_12,26662.0,,1700358.0,75.0,West Virginia,8743.0,7.0,cfc93f5e-105e-4a5e-88d3-f4279893cfa8,7.0,221.0,2.0,8326.0,genosmith/2539335,655534800.0,15864.0,,Smith,Geno
Matt Barkley,PHI,2013,QB,494493,JAC,11151,MattBarkley,26721.0,,1664140.0,74.0,USC,8004.0,19.0,da7cb0cc-543e-47d5-b29a-2ba2b341bd14,1.0,227.0,4.0,7421.0,mattbarkley/2539308,652770000.0,15948.0,,Barkley,Matt
Rex Burkhead,CIN,2013,RB,498760,FA,11182,RBrex2022,26813.0,,1679738.0,70.0,Nebraska,8765.0,28.0,bd8052bd-0898-430b-99c9-2529e895ae79,22.0,215.0,6.0,8466.0,rexburkhead/2539265,646894800.0,15971.0,,Burkhead,Rex
Le'Veon Bell,PIT,2013,RB,543654,FA,11192,,26671.0,,1751828.0,73.0,Michigan State,8617.0,26.0,7735c02a-ee75-447c-86e6-6c2168500050,16.0,225.0,2.0,8390.0,le'veonbell/2540175,698389200.0,15825.0,,Bell,Le'Veon
Keenan Allen,SDC,2013,WR,557210,CHI,11222,Keenan13Allen,26699.0,,1737096.0,74.0,California,8627.0,13.0,5f424505-f29f-433c-b3f2-1a143a04a010,14.0,211.0,3.0,8379.0,keenanallen/2540154,704350800.0,15818.0,,Allen,Keenan
Cordarrelle Patterson,MIN,2013,RB,690153,PIT,11225,ceeflashpee84,26652.0,,1996183.0,74.0,Tennessee,8792.0,84.0,da85107c-365c-4d58-90ab-479d97d798b4,29.0,220.0,1.0,8327.0,cordarrellepatterson/2540145,669186000.0,15807.0,,Patterson,Cordarrelle
Robert Woods,BUF,2013,WR,555693,HOU,11228,robertwoods,26664.0,,1754280.0,72.0,USC,8628.0,2.0,618bedee-9259-4536-b0ff-fec98d2a20de,9.0,193.0,2.0,8407.0,robertwoods/2540169,702882000.0,15880.0,,Woods,Robert
DeAndre Hopkins,HOU,2013,WR,560241,TEN,11232,Nukdabomb,26650.0,,1737078.0,73.0,Clemson,8619.0,10.0,5c48ade7-4b9a-4757-9643-87a6e3839e2b,27.0,212.0,1.0,8404.0,deandrehopkins/2540165,707806800.0,15795.0,,Hopkins,DeAndre
Marquise Goodwin,BUF,2013,WR,507478,CLE,11239,,26701.0,,1691489.0,69.0,Texas,8807.0,3.0,bf52ff53-35a6-4696-ac6d-3fa952dc2c87,16.0,185.0,3.0,8461.0,marquisegoodwin/2539964,658990800.0,15839.0,,Goodwin,Marquise
Travis Kelce,KCC,2013,TE,448240,KCC,11244,,26686.0,,1725130.0,77.0,Cincinnati,8783.0,87.0,c3859e06-5f23-4302-a71b-04820a899d5f,1.0,250.0,3.0,8411.0,traviskelce/2540258,623566800.0,15847.0,,Kelce,Travis
Zach Ertz,PHI,2013,TE,503177,WAS,11247,ZERTZ_86,26658.0,,1685963.0,77.0,Stanford,8781.0,86.0,de3421f7-2147-4835-89a5-724e87bad463,3.0,250.0,2.0,8409.0,zachertz/2540158,658213200.0,15835.0,,Ertz,Zach
William Gholston,TBB,2013,DT,557359,TBB,11265,WILL_GHOLSTON2,26749.0,,1737134.0,78.0,Michigan State,8664.0,92.0,a0557106-4517-4516-a5e7-d46cba52fe44,29.0,281.0,4.0,8545.0,williamgholston/2540176,680936400.0,16019.0,,Gholston,William
Johnathan Hankins,NYG,2013,DT,553681,SEA,11281,,26672.0,,1759559.0,75.0,Ohio State,8669.0,97.0,9d53adf2-4c3f-48a4-b7f8-6bb7f207c1f8,17.0,325.0,2.0,8433.0,johnathanhankins/2540147,694242000.0,15841.0,,Hankins,Johnathan
John Jenkins,NOS,2013,DT,607087,LVR,11286,jenkinsjohn6,26705.0,,1877278.0,75.0,Georgia,8672.0,95.0,60d48e85-931c-45dc-b62f-024503a2e09b,20.0,327.0,3.0,8437.0,johnjenkins/2539231,616136400.0,15846.0,,Jenkins,John
Tyrann Mathieu,ARI,2013,S,540520,NOS,11313,Mathieu_Era,26692.0,,1737333.0,69.0,LSU,8593.0,32.0,8c8b7d6e-6ed8-4a10-8ae9-b50300bd766b,7.0,190.0,3.0,8387.0,tyrannmathieu/2540180,705733200.0,15851.0,,Mathieu,Tyrann
Logan Ryan,NEP,2013,S,511881,FA,11316,RealLoganRyan,26706.0,,1664604.0,71.0,Rutgers,8640.0,26.0,e829aa7e-04a7-425a-9717-c334ca9febe9,21.0,195.0,3.0,8516.0,loganryan/2540162,666075600.0,15861.0,,Ryan,Logan
Jordan Poyer,PHI,2013,S,498183,MIA,11317,J_Poy33,26841.0,,1665374.0,72.0,Oregon State,8639.0,21.0,95fab6fa-3ee1-47d0-93ad-c7ff41744be7,12.0,191.0,7.0,8448.0,jordanpoyer/2539290,672555600.0,15979.0,,Poyer,Jordan
Tony Jefferson,FA,2013,S,542885,FA,11327,tonyjefferson1,27081.0,,1737117.0,71.0,Oklahoma,8688.0,22.0,7690ab6a-2ae0-4449-abd5-74ec54403f2e,,212.0,,8653.0,tonyjefferson/2540164,696488400.0,16195.0,,Jefferson,Tony
Darius Slay,DET,2013,CB,604797,PHI,11348,_bigplayslay9,26659.0,,1852913.0,72.0,Mississippi State,8647.0,2.0,2c3ef101-5fa9-41d0-a0b1-32a1d27a1f69,4.0,190.0,2.0,8497.0,dariusslay/2540288,662706000.0,15863.0,,Slay,Darius
Duron Harmon,NEP,2013,S,511863,FA,11359,dharm32,26714.0,,2057478.0,72.0,Rutgers,8906.0,30.0,a2802951-e573-4e8f-ad31-14b9ae5f8e7c,29.0,205.0,3.0,8523.0,duronharmon/2541243,664693200.0,15842.0,,Harmon,Duron
Kyle Juszczyk,BAL,2013,RB,501150,SFO,11367,JuiceCheck44,26753.0,,1683145.0,74.0,Harvard,8930.0,44.0,67da5b5c-0db9-4fbc-b98d-7eb8e97b69f6,33.0,235.0,4.0,8548.0,kylejuszczyk/2540230,672382800.0,16002.0,,Juszczyk,Kyle
A.J. Klein,CAR,2013,LB,511218,FA,11375,AJKlein47,26771.0,,1665140.0,73.0,Iowa State,8942.0,52.0,9342eba6-e307-4c55-a0f7-993518dd4415,15.0,240.0,5.0,8558.0,a.j.klein/2539982,680850000.0,15964.0,,Klein,A.J.
Micah Hyde,GBP,2013,S,508611,FA,11382,micah_hyde,26782.0,,1691258.0,72.0,Iowa,8892.0,23.0,e030ef2b-1dcc-4c66-b8de-0016ca0d52d2,26.0,197.0,5.0,8568.0,micahhyde/2539240,662619600.0,15960.0,,Hyde,Micah
Sam Martin,DET,2013,PN,464237,BUF,11383,SamMartin_6,26788.0,,2057657.0,73.0,Appalachian State,9022.0,8.0,80b403da-381f-467e-883b-5b83ac02aac3,32.0,211.0,5.0,8572.0,sammartin/2541311,636094800.0,15928.0,,Martin,Sam
Dustin Hopkins,BUF,2013,PK,509358,CLE,11387,Dahop5,26800.0,,1664151.0,74.0,Florida State,8896.0,7.0,058c99fc-470c-4579-a165-03e043335cc1,9.0,210.0,6.0,8581.0,dustinhopkins/2539227,654757200.0,15965.0,,Hopkins,Dustin
Latavius Murray,FA,2013,RB,467405,FA,11390,LataviusM,26804.0,,1637004.0,75.0,UCF,8772.0,28.0,540f8b30-900e-4d17-8756-c262ba5fa039,13.0,230.0,6.0,8585.0,lataviusmurray/2541161,632638800.0,15920.0,,Murray,Latavius
Nick Williams,PIT,2013,DT,459747,FA,11412,,26846.0,,2009342.0,76.0,Samford,8969.0,95.0,e03775ef-3287-476c-9386-ff16ea31d7b8,17.0,310.0,7.0,8619.0,nickwilliams/2541479,635576400.0,2317118.0,,Williams,Nick
Cody Davis,FA,2013,S,461491,FA,11555,CodyDavis,27105.0,,2058187.0,74.0,Texas Tech,9173.0,22.0,4f454037-be8e-4575-b332-5e40f4788970,,205.0,,8897.0,codydavis/2541135,613112400.0,16286.0,,Davis,Cody
Teddy Bridgewater,MIN,2014,QB,592195,FA,11640,teddyb_h2o,27560.0,,1825122.0,74.0,Louisville,9245.0,10.0,d4cb52a9-f6b4-42ed-b40b-27bff5f1eea7,32.0,212.0,1.0,9274.0,teddybridgewater/2543465,718693200.0,16728.0,,Bridgewater,Teddy
A.J. McCarron,CIN,2014,QB,508649,FA,11643,10AJMcCarron,27692.0,,1691424.0,75.0,Alabama,9319.0,4.0,d4b30988-e8c5-4689-8037-f79a0d3c2774,24.0,220.0,5.0,9290.0,ajmccarron/2543497,653202000.0,16810.0,,McCarron,A.J.
Derek Carr,FA,2014,QB,496083,NOS,11644,derekcarrqb,27564.0,,1664819.0,75.0,Fresno State,9317.0,4.0,9f026fc0-4449-4dc5-a226-2e2830619381,4.0,215.0,2.0,9349.0,derekcarr/2543499,670136400.0,16757.0,,Carr,Derek
Logan Thomas,ARI,2014,TE,507528,FA,11647,LoganThomasSr_6,27648.0,,1691193.0,78.0,Virginia Tech,9323.0,48.0,b24625a0-d402-4d59-a778-aa4b073bfe5e,20.0,250.0,4.0,9354.0,loganthomas/2543767,678344400.0,16813.0,,Thomas,Logan
Sammy Watkins,BUF,2014,WR,602118,FA,11670,sammywatkins,27532.0,,1850743.0,73.0,Clemson,9249.0,11.0,7d80b51f-1462-442e-aa7f-8c320a62deed,4.0,211.0,1.0,9388.0,sammywatkins/2543457,740034000.0,16725.0,,Watkins,Sammy
Mike Evans,TBB,2014,WR,593587,TBB,11671,MikeEvans13_,27535.0,,1824909.0,77.0,Texas A&M,9253.0,13.0,c48c21d9-0ae5-478c-ad34-30a660cfa9b8,7.0,231.0,1.0,9296.0,mikeevans/2543468,745909200.0,16737.0,,Evans,Mike
Brandin Cooks,NOS,2014,WR,607864,DAL,11674,brandincooks,27548.0,,1880880.0,70.0,Oregon State,9260.0,3.0,b6b954eb-4591-4b7a-86b9-a481f15fdd58,20.0,189.0,1.0,9404.0,brandincooks/2543498,748933200.0,16731.0,,Cooks,Brandin
Davante Adams,GBP,2014,WR,611417,LVR,11675,tae15adams,27581.0,,1893167.0,73.0,Fresno State,9455.0,17.0,e7d6ae25-bf15-4660-8b37-c37716551de3,21.0,215.0,2.0,9273.0,davanteadams/2543495,725173200.0,16800.0,,Adams,Davante
Jordan Matthews,PHI,2014,TE,555648,CAR,11676,jmattjmattjmatt,27570.0,,1759816.0,75.0,Vanderbilt,9273.0,81.0,7b96a836-666b-47b6-a0a7-9dbb0b4c53e8,10.0,212.0,2.0,9420.0,jordanmatthews/2543500,711262800.0,16763.0,,Matthews,Jordan
Allen Robinson,JAC,2014,WR,609496,FA,11678,Thee_AR15,27589.0,,1889923.0,74.0,Penn State,9264.0,5.0,0fd32417-8410-4a8f-8919-386c433bca43,29.0,210.0,2.0,9297.0,allenrobinson/2543509,746168400.0,16799.0,,Robinson,Allen
Odell Beckham,NYG,2014,WR,589984,MIA,11679,OBJ_3,27540.0,,1824823.0,71.0,LSU,9255.0,3.0,354dec38-b88b-4ba0-8974-859123f27c45,12.0,200.0,1.0,9403.0,odellbeckham/2543496,720939600.0,16733.0,,Beckham,Odell
Jarvis Landry,MIA,2014,WR,589991,FA,11680,God_Son80,27591.0,,1824833.0,71.0,LSU,9454.0,80.0,06e41dc1-d5dc-4bdc-8fc3-e0d7c3a99ac4,31.0,196.0,2.0,9405.0,jarvislandry/2543488,722926800.0,16790.0,,Landry,Jarvis
Martavis Bryant,PIT,2014,WR,602091,FA,11688,ThaBestUNO,27646.0,,1737158.0,76.0,Clemson,9456.0,84.0,e9d4ab78-3572-47ab-b4d3-e04c5af231f3,18.0,211.0,4.0,9416.0,martavisbryant/2543572,693205200.0,16886.0,,Bryant,Martavis
Jadeveon Clowney,HOU,2014,DE,604912,CAR,11706,clownejd,27529.0,,1852852.0,77.0,South Carolina,9243.0,7.0,016d31ec-9b32-47e2-801b-9724c0a30f62,1.0,266.0,1.0,8375.0,jadeveonclowney/2543456,729666000.0,16734.0,,Clowney,Jadeveon
Anthony Barr,MIN,2014,LB,553112,FA,11720,AnthonyBarr,27537.0,,1759765.0,77.0,UCLA,9247.0,54.0,23616a22-8266-4b0c-b0b9-5f8187178168,9.0,257.0,1.0,9432.0,anthonybarr/2543459,700894800.0,16711.0,,Barr,Anthony
Khalil Mack,OAK,2014,DE,506500,LAC,11721,52Mack_,27533.0,,1692203.0,75.0,Buffalo,9251.0,52.0,33c74bf8-7621-48be-a769-e219703988d9,5.0,269.0,1.0,9373.0,khalilmack/2543463,667198800.0,16710.0,,Mack,Khalil
Kyle Van Noy,DET,2014,LB,541446,BAL,11723,KVN_03,27568.0,,1752529.0,75.0,BYU,9262.0,53.0,0ad845ff-44e8-4576-bc91-61b557e06f05,8.0,255.0,2.0,9568.0,kylevannoy/2543699,669963600.0,16772.0,,Van Noy,Kyle
C.J. Mosley,BAL,2014,LB,557173,NYJ,11728,TreyDeuce32RTR,27545.0,,1762120.0,74.0,Alabama,9380.0,57.0,bf5f7564-349a-439a-a8a9-4ddb10448a8d,17.0,231.0,1.0,9631.0,c.j.mosley/2543464,708930000.0,16720.0,,Mosley,C.J.
Bradley Roby,DEN,2014,CB,553687,FA,11735,BradRoby_1,27559.0,,1759561.0,71.0,Ohio State,9329.0,33.0,b6c9d494-a3cd-4d57-96e1-f807f0b9be63,31.0,194.0,1.0,9440.0,bradleyroby/2543505,704696400.0,16719.0,,Roby,Bradley
Brandon Coleman,FA,2014,WR,556468,WAS,11754,,27921.0,,1737368.0,78.0,Rutgers,9223.0,16.0,07169571-5184-43ea-aa36-9a283b276b94,,225.0,,9412.0,brandoncoleman/2550328,709189200.0,17127.0,,Coleman,Brandon
Aaron Donald,FA,2014,DT,553982,FA,11757,AaronDonald97,27541.0,,1737460.0,73.0,Pittsburgh,9391.0,99.0,8bb5c7ef-e7be-4015-8874-2f0982286acc,13.0,280.0,1.0,9356.0,aarondonald/2543485,674974800.0,16716.0,,Donald,Aaron
Jimmy Garoppolo,NEP,2014,QB,555358,LAR,11760,JimmyG_10,27590.0,,1760229.0,74.0,Eastern Illinois,9320.0,11.0,42de9d1d-0352-460b-9172-9452414fd7fd,30.0,225.0,2.0,9360.0,jimmygaroppolo/2543801,689058000.0,16760.0,,Garoppolo,Jimmy
Jerick McKinnon,MIN,2014,RB,563824,FA,11761,JetMckinnon1,27624.0,,2129436.0,69.0,Georgia Southern,9529.0,1.0,f77479d7-51a5-41f9-8924-69526dd078cd,32.0,209.0,3.0,9651.0,jerickmckinnon/2543715,704869200.0,16782.0,,McKinnon,Jerick
Kyle Fuller,CHI,2014,CB,553623,FA,11764,kbfuller17,27542.0,,1759440.0,71.0,Virginia Tech,9272.0,23.0,054f4c09-6bc9-49c9-a466-80abd2a39e74,14.0,190.0,1.0,9540.0,kylefuller/2543681,698216400.0,16715.0,,Fuller,Kyle
Jimmie Ward,SFO,2014,S,557470,HOU,11768,ward_jimmie,27558.0,,1762370.0,71.0,Northern Illinois,9308.0,20.0,1b8414b5-3db8-4e89-8bcc-7ac7f7d0b931,30.0,193.0,1.0,9434.0,jimmieward/2543741,679813200.0,16717.0,,Ward,Jimmie
Demarcus Lawrence,DAL,2014,DE,651780,DAL,11769,TankLawrence,27562.0,,1984683.0,75.0,Boise State,9344.0,90.0,3e3bd10a-6462-47f8-8938-42518781d060,2.0,265.0,2.0,9633.0,demarcuslawrence/2543490,702190800.0,16802.0,,Lawrence,Demarcus
Christian Kirksey,CLE,2014,LB,553654,FA,11772,Kirksey,27599.0,,1759547.0,74.0,Iowa,9375.0,58.0,462bfd22-1159-408f-8f92-7fde712ffc3a,7.0,235.0,3.0,9641.0,christiankirksey/2543720,715237200.0,16767.0,,Kirksey,Christian
DaQuan Jones,TEN,2014,DT,560298,BUF,11793,RiDQulous_98,27640.0,,1765939.0,76.0,Penn State,9393.0,92.0,0d038341-cd66-4651-93c4-e76c6d218135,12.0,320.0,4.0,9656.0,daquanjones/2543504,692946000.0,16910.0,,Jones,DaQuan
Brent Urban,BAL,2014,DT,509425,BAL,11807,urbanlegend96,27662.0,,1697015.0,79.0,Virginia,9415.0,97.0,63cef4ac-6e22-497b-9f8c-fbccd0694d17,34.0,309.0,4.0,9566.0,brenturban/2543765,673419600.0,16831.0,,Urban,Brent
Pat O'Donnell,CHI,2014,PN,511734,FA,11840,PatODonnell_16,27719.0,,2129553.0,76.0,Miami,9769.0,19.0,ccb2f18f-1454-4ec4-a9ae-2d7f5c20f86f,15.0,220.0,6.0,9689.0,pato'donnell/2543611,667198800.0,16863.0,,O'Donnell,Pat
Shelby Harris,DAL,2014,DT,500700,CLE,11872,ShelbyHarris93,27763.0,,2129678.0,74.0,Illinois State,9785.0,93.0,20d66704-9c12-467f-a6ca-9cf9dc00730c,20.0,288.0,7.0,9718.0,shelbyharris/2549926,681886800.0,16837.0,,Harris,Shelby
Damien Williams,FA,2014,RB,691283,FA,11886,,28115.0,,2130689.0,71.0,Oklahoma,9644.0,29.0,90908a56-901b-466d-8689-943075da96fe,,221.0,,9570.0,damienwilliams/2550512,702277200.0,17359.0,,Williams,Damien
Chris Boswell,FA,2014,PK,504436,PIT,11936,,28188.0,,1724930.0,74.0,Rice,9646.0,9.0,441eb531-1ec8-4f65-9174-78bc6adada63,,185.0,,10118.0,chrisboswell/2550545,629787600.0,,,Boswell,Chris
Adam Thielen,FA,2014,WR,733643,CAR,11938,,27277.0,,2059362.0,74.0,Minnesota State-Mankato,8986.0,19.0,2fa2b2da-4aa9-44b5-b27e-56876dfe2ad4,,195.0,,9054.0,,651301200.0,16460.0,,Thielen,Adam
Cairo Santos,FA,2014,PK,546669,CHI,11945,,28227.0,,2132690.0,68.0,Tulane,9633.0,8.0,d96ff17c-841a-4768-8e08-3a4cfcb7f717,,175.0,,10155.0,cairosantos/2550636,690699600.0,17427.0,,Santos,Cairo
Brandon McManus,FA,2014,PK,513098,FA,11947,,27120.0,,2058320.0,75.0,Temple,9948.0,3.0,6444feb1-f5a4-4b45-9a45-79308a4445fd,,201.0,,8912.0,brandonmcmanus/2541556,680418000.0,16339.0,,McManus,Brandon
Willie Snead,FA,2014,WR,591586,FA,11951,,28026.0,,2130155.0,71.0,Ball State,9284.0,82.0,8482bc94-0eb0-4e92-8f99-ced135f3cd5d,,195.0,,9989.0,,719298000.0,17258.0,,Snead,Willie
Daniel Sorensen,FA,2014,S,463549,FA,11956,,28036.0,,2130197.0,74.0,Brigham Young,9680.0,25.0,d1e46e40-5e8c-4b5a-ae03-5d0093b98633,,208.0,,9999.0,danielsorensen/2550257,636613200.0,17259.0,,Sorensen,Daniel
Mike Pennel,FA,2014,DT,652847,KCC,11970,,28085.0,,2130184.0,76.0,Colorado State-Pueblo,9661.0,69.0,8b9bc551-66bb-4948-849f-c0471caaeb19,,330.0,,9765.0,,673765200.0,17230.0,,Pennel,Mike
Tress Way,FA,2013,PN,447976,WAS,11985,tress_way,26945.0,,,73.0,Oklahoma,9832.0,10.0,55e1ecbd-96c5-456e-833b-9cd3f046f3fc,,220.0,,8759.0,tressway/2541903,640414800.0,16166.0,,Way,Tress
K'Waun Williams,FA,2014,CB,554005,FA,12015,,28265.0,,2132716.0,69.0,Pittsburgh,9953.0,8.0,63a656b9-bcbb-44a3-95c8-e8a63660e71b,,185.0,,10192.0,k'waunwilliams/2550654,679294800.0,17444.0,,Williams,K'Waun
Keith Smith,FA,2014,RB,558973,FA,12040,,28141.0,,2130290.0,72.0,San Jose State,9990.0,40.0,955093e0-39aa-48b4-b34d-259b369e6535,,240.0,,10076.0,keithsmith/2550400,702709200.0,17315.0,,Smith,Keith
Shaq Barrett,FA,2014,DE,602273,FA,12075,,27820.0,,2130832.0,74.0,Colorado State,9995.0,58.0,df483199-088f-47d6-b8fc-1574f74bb4e2,,250.0,,9577.0,shaquilbarrett/2550541,721976400.0,16967.0,,Barrett,Shaq
Denico Autry,FA,2014,DT,652571,HOU,12083,,28266.0,,2132722.0,77.0,Mississippi State,9746.0,96.0,a21d1e4a-aae6-4ebe-8f70-1087151b2b50,,285.0,,9778.0,denicoautry/2550646,648018000.0,17447.0,,Autry,Denico
Adrian Phillips,FA,2014,S,555857,FA,12088,,28303.0,,2133817.0,71.0,Texas,10002.0,21.0,3c119ef7-fe68-439d-93e4-89ab4fd1df44,,208.0,,10229.0,adrianphillips/2550842,701758800.0,17487.0,,Phillips,Adrian
Cameron Brate,FA,2014,TE,552926,FA,12110,,28267.0,,2132787.0,77.0,Harvard,10008.0,84.0,5afe93fd-0caf-4cca-83fc-7f405bebfa3e,,245.0,,10193.0,,678517200.0,17453.0,,Brate,Cameron
Mike Purcell,FA,2013,DT,495939,FA,12126,,27217.0,,2058552.0,75.0,Wyoming,9935.0,58.0,291aca07-a3b7-4666-a8c0-2e0c01024de5,,328.0,,8997.0,,672123600.0,16377.0,,Purcell,Mike
Jameis Winston,TBB,2015,QB,691536,CLE,12140,Jaboowins,28389.0,,1998197.0,76.0,Florida State,10037.0,5.0,fb3b36fc-b985-4807-8199-d038d7e62a93,1.0,230.0,1.0,9376.0,,757832400.0,2969939.0,,Winston,Jameis
Marcus Mariota,TEN,2015,QB,607843,WAS,12141,,28390.0,,1880862.0,76.0,Oregon,10074.0,8.0,7c16c04c-04de-41f3-ac16-ad6a9435e3f7,2.0,222.0,1.0,9385.0,marcusmariota/2552466,751957200.0,2576980.0,,Mariota,Marcus
Melvin Gordon,FA,2015,RB,606516,FA,12151,Melvingordon25,28403.0,,1871347.0,73.0,Wisconsin,10064.0,33.0,0f8ccece-d663-4069-944b-f318f64c60b7,15.0,215.0,1.0,10284.0,melvingordon/2552469,734677200.0,2576434.0,,Gordon,Melvin
Tevin Coleman,ATL,2015,RB,696080,FA,12152,Teco_Raww,28461.0,,2001839.0,73.0,Indiana,10081.0,23.0,5827b78b-5150-4ba9-bc46-902428e99a31,9.0,210.0,3.0,10359.0,,734936400.0,2979477.0,,Coleman,Tevin
Ameer Abdullah,DET,2015,RB,590796,LVR,12155,Ameerguapo,28442.0,,1824308.0,69.0,Nebraska,10126.0,8.0,c5e430c5-7a8e-4e29-b30f-1a527f05cb89,22.0,203.0,2.0,10338.0,,739947600.0,2576336.0,,Abdullah,Ameer
Mike Davis,SFO,2015,RB,694015,FA,12164,,28514.0,,2000079.0,69.0,South Carolina,10083.0,28.0,e311a7a2-eddb-439c-86b4-b1f1984186bc,27.0,217.0,4.0,10378.0,,730098000.0,3025433.0,,Davis,Mike
Amari Cooper,OAK,2015,WR,650914,CLE,12175,AmariCooper9,28392.0,,1984220.0,73.0,Alabama,10055.0,2.0,00f88be8-45f9-4237-b2b8-3271ec790d07,4.0,211.0,1.0,10310.0,amaricooper/2552487,771915600.0,2976499.0,,Cooper,Amari
DeVante Parker,MIA,2015,WR,602241,FA,12176,DeVanteParker09,28402.0,,1851283.0,75.0,Louisville,10152.0,13.0,e9ee9209-dd8f-4e4a-be3c-407756a2749c,14.0,218.0,1.0,10415.0,devanteparker/2552409,727506000.0,2576623.0,,Parker,DeVante
Nelson Agholor,PHI,2015,WR,691055,BAL,12181,nelsonagholor,28408.0,,1996508.0,72.0,USC,10132.0,15.0,cfb0ff68-51cb-4dad-ba81-f9e019a93a91,20.0,200.0,1.0,10360.0,nelsonagholor/2552600,738219600.0,2971618.0,,Agholor,Nelson
Jamison Crowder,WAS,2015,WR,599649,WAS,12184,,28493.0,,1850749.0,69.0,Duke,10224.0,80.0,8002dd5e-a75a-4d72-9a8c-0f4dbc80d459,6.0,177.0,4.0,10373.0,jamisoncrowder/2552415,740293200.0,2576716.0,,Crowder,Jamison
Stefon Diggs,MIN,2015,WR,694041,HOU,12186,stefon_diggs,28534.0,,2000038.0,72.0,Maryland,10133.0,1.0,a1c40664-b265-4083-aad2-54b4c734f2c5,10.0,191.0,5.0,10380.0,,754549200.0,2976212.0,,Diggs,Stefon
Tyler Lockett,SEA,2015,WR,605242,SEA,12187,TDLockett12,28457.0,,1860834.0,70.0,Kansas State,10161.0,16.0,dffa69ad-331e-4f09-ae38-40a5a4406be6,5.0,182.0,3.0,10408.0,tylerlockett/2552430,717656400.0,2577327.0,,Lockett,Tyler
Phillip Dorsett,IND,2015,WR,596417,FA,12188,Dorsett_4,28417.0,,1836058.0,70.0,Miami,10208.0,13.0,c682e8ea-fe48-45d2-af60-682a6125ab22,29.0,185.0,1.0,10381.0,,726210000.0,2579604.0,,Dorsett,Phillip
Breshad Perriman,BAL,2015,WR,652808,FA,12197,B_Perriman11,28414.0,,1984950.0,74.0,Central Florida,10069.0,16.0,0dc98d11-34e4-46f6-96a6-7707c6f29500,26.0,215.0,1.0,10357.0,,747637200.0,2972460.0,,Perriman,Breshad
Tyler Kroft,CIN,2015,TE,592268,FA,12212,Kroft86,28473.0,,1824200.0,78.0,Rutgers,10247.0,82.0,36f54823-9d51-4180-9c91-d10281deb4bf,21.0,252.0,3.0,10490.0,tylerkroft/2552586,719125200.0,2582410.0,,Kroft,Tyler
Blake Bell,SFO,2015,TE,542871,FA,12213,B_Bell10,28505.0,,1737101.0,78.0,Oklahoma,10248.0,81.0,0cc4e449-185a-4b08-9f07-c907ad0c3e05,18.0,252.0,4.0,10366.0,,681541200.0,2514206.0,,Bell,Blake
Randy Gregory,DAL,2015,DE,728288,FA,12215,RandyGregory_4,28448.0,,2060630.0,77.0,Nebraska,10168.0,56.0,5c913725-c52a-4633-b3b9-efa6a9d2cf05,28.0,255.0,2.0,10292.0,randygregory/2552446,722494800.0,3040479.0,,Gregory,Randy
Dante Fowler,JAC,2015,DE,694612,WAS,12217,dantefowler,28391.0,,2173899.0,75.0,Florida,10349.0,6.0,6bc85af5-fc58-4656-82da-d02780a0f6f6,3.0,261.0,1.0,10389.0,dantefowler/2553431,775890000.0,2980100.0,,Fowler,Dante
Arik Armstead,SFO,2015,DT,689658,JAC,12218,arikarmstead,28405.0,,1996151.0,79.0,Oregon,10309.0,91.0,acb7169f-3ffa-4386-9866-e06af6ed7fef,17.0,290.0,1.0,10363.0,,784875600.0,2971275.0,,Armstead,Arik
Mario Edwards,FA,2015,DT,0,HOU,12219,,28423.0,,1998180.0,75.0,Florida State,10450.0,97.0,fdfb980b-1493-4698-9b97-f445a8f495da,3.0,280.0,2.0,10475.0,marioedwards/2553433,759474000.0,2969921.0,,Edwards,Mario
Danielle Hunter,MIN,2015,DE,651016,HOU,12221,DHunt94_TX,28476.0,,1984262.0,77.0,LSU,10318.0,55.0,ba7fe857-df63-4aed-803a-80993b157be4,24.0,263.0,3.0,10470.0,,783406800.0,2976560.0,,Hunter,Danielle
Trey Flowers,NEP,2015,DE,604396,FA,12222,III_Flowers,28489.0,,1852882.0,74.0,Arkansas,10323.0,58.0,57deb6ba-ce26-4ccc-a859-adf0564fb78e,2.0,265.0,4.0,10388.0,treyflowers/2552278,745477200.0,2574519.0,,Flowers,Trey
Leonard Williams,NYJ,2015,DT,691071,SEA,12225,leonardwilliams,28394.0,,1996523.0,77.0,USC,10307.0,99.0,2b5152aa-cbcc-439c-b72a-ac7577c8422b,6.0,300.0,1.0,10428.0,leonardwilliams/2552486,772088400.0,2971622.0,,Williams,Leonard
Jordan Phillips,MIA,2015,DT,608199,DAL,12229,bigj9797,28440.0,,1886787.0,78.0,Oklahoma,10311.0,98.0,023af11a-3aa1-4266-b163-31cf6369ef3b,20.0,330.0,2.0,10457.0,jordanphillips/2552492,717051600.0,2577466.0,,Phillips,Jordan
Shaq Thompson,CAR,2015,LB,695206,CAR,12231,ShaqThompson_7,28413.0,,2001231.0,72.0,Washington,10034.0,54.0,3bf0711c-793a-47e7-bcbd-a0ddf350fef4,25.0,230.0,1.0,10424.0,,766904400.0,2978313.0,,Thompson,Shaq
Kwon Alexander,TBB,2015,LB,651006,FA,12233,kwon,28512.0,,1984250.0,73.0,LSU,10360.0,54.0,fd3bd475-4327-4ba7-8540-ab6cc8ecf12f,25.0,227.0,4.0,10510.0,,775890000.0,2976541.0,,Alexander,Kwon
Bud Dupree,PIT,2015,DE,607147,LAC,12234,Bud_Dupree,28410.0,,1877307.0,76.0,Kentucky,10351.0,48.0,48dca4c3-c6ac-4122-aee6-26f7cd259824,22.0,269.0,1.0,10382.0,buddupree/2552289,729493200.0,2576702.0,,Dupree,Bud
Denzel Perryman,FA,2015,LB,605473,LAC,12238,D_Perryman52,28436.0,,1860814.0,71.0,Miami,10356.0,6.0,9fc6e49f-c863-419d-9dca-8f0da3f3c9c7,16.0,240.0,2.0,10417.0,denzelperryman/2552310,723531600.0,2579621.0,,Perryman,Denzel
Eric Kendricks,MIN,2015,LB,553123,DAL,12239,EKLA6,28433.0,,1737773.0,72.0,UCLA,10353.0,50.0,b345f3db-d5aa-43ba-9f17-914c54864236,13.0,232.0,2.0,10362.0,,699339600.0,2510863.0,,Kendricks,Eric
Marcus Peters,KCC,2015,CB,608013,FA,12245,marcuspeters,28406.0,,1884451.0,72.0,Washington,10407.0,24.0,402f063b-4703-4729-b6ea-3a9d45a314c7,18.0,197.0,1.0,10418.0,marcuspeters/2552488,726555600.0,2578378.0,,Peters,Marcus
Landon Collins,NYG,2015,LB,694586,FA,12250,TheHumble_21,28421.0,,2000901.0,72.0,Alabama,10057.0,26.0,a9c41c5b-0dcf-40cc-a76c-644307f2f2df,1.0,218.0,2.0,10372.0,landoncollins/2552454,758178000.0,2979841.0,,Collins,Landon
Dan Quinn,FA,0,Coach,0,WAS,12255,,,,,,,,,2e347af9-be3a-43da-855a-68b994f4e40a,,,,9279.0,,21877200.0,,,Quinn,Dan
Chris Conley,KCC,2015,WR,591801,SFO,12257,_Flight_31,28464.0,,1824756.0,75.0,Georgia,10210.0,18.0,bd01d907-cd57-48cb-9136-5692a4764a20,12.0,205.0,3.0,10432.0,chrisconley/2552652,719989200.0,2578533.0,,Conley,Chris
Ty Montgomery,GBP,2015,RB,598969,FA,12261,,28482.0,,1851149.0,72.0,Standford,10216.0,14.0,0c39e276-7a5b-448f-a696-532506f1035a,30.0,220.0,3.0,10413.0,,727678800.0,2577134.0,,Montgomery,Ty
Darren Waller,BAL,2015,TE,600191,FA,12263,,28592.0,,1850793.0,78.0,Georgia Tech,10215.0,12.0,14c97c9f-26e8-4944-9299-f90de6aeada3,28.0,238.0,6.0,10433.0,,716360400.0,2576925.0,,Waller,Darren
Preston Smith,WAS,2015,DE,604798,GBP,12270,PrestonSmith94,28426.0,,1852914.0,77.0,Mississippi State,10316.0,91.0,ede260be-5ae6-4a06-887b-e4a130932705,6.0,265.0,2.0,10458.0,prestonsmith/2552276,721976400.0,2577446.0,,Smith,Preston
Eddie Goldman,CHI,2015,DT,691519,ATL,12271,EddieGoldman,28427.0,,1998182.0,75.0,Florida State,10067.0,99.0,881eb214-c981-46c0-a0cf-34023e773754,7.0,325.0,2.0,10460.0,eddiegoldman/2552489,757832400.0,2969924.0,,Goldman,Eddie
Eric Rowe,PHI,2015,S,591940,FA,12275,EricRowe32,28435.0,,1825060.0,73.0,Utah,10416.0,20.0,30b045f1-b8e4-4ae9-b062-5181847b508c,15.0,210.0,2.0,10459.0,ericrowe/2552255,718088400.0,2576002.0,,Rowe,Eric
Ronald Darby,BUF,2015,CB,691515,JAC,12276,realronalddarby,28438.0,,1998179.0,71.0,Florida State,10408.0,25.0,c63eb787-fa1f-406b-82a1-2eed0a65b58c,18.0,193.0,2.0,10375.0,ronalddarby/2552689,757486800.0,2969920.0,,Darby,Ronald
Markus Golden,ARI,2015,DE,689894,FA,12278,markusgolden,28446.0,,1996128.0,74.0,Missouri,10329.0,91.0,78eb0872-fff0-4fc2-94ee-6a5c518ecaa5,26.0,260.0,2.0,10480.0,markusgolden/2552273,668840400.0,2971432.0,,Golden,Markus
Frank Clark,SEA,2015,DE,606080,FA,12280,TheRealFrankC_,28451.0,,1868369.0,75.0,Michigan,10322.0,57.0,490c15eb-accc-4441-be7d-c7114e1e42fc,31.0,265.0,2.0,10467.0,frankclark/2552629,740034000.0,2576242.0,,Clark,Frank
Jordan Hicks,PHI,2015,LB,555846,CLE,12287,JordanHicks,28472.0,,1759912.0,73.0,Texas,10452.0,58.0,4f090881-03fc-4a34-b02f-fd1df1e411de,20.0,235.0,3.0,10489.0,jordanhicks/2552315,709621200.0,2514270.0,,Hicks,Jordan
Henry Anderson,IND,2015,DT,553067,FA,12288,HenryAnderson91,28481.0,,1737505.0,78.0,Stanford,10324.0,94.0,2d3a6c81-183f-431b-9b3f-d7f1ce2b294b,29.0,300.0,3.0,10472.0,,681195600.0,2517752.0,,Anderson,Henry
Steven Nelson,KCC,2015,CB,729493,FA,12291,Nelson_Island,28486.0,,2061065.0,71.0,Oregon State,10419.0,21.0,c2e80cfc-33a8-43f4-a61e-57048244e4f8,34.0,194.0,3.0,10495.0,stevennelson/2552265,727678800.0,3045287.0,,Nelson,Steven
Angelo Blackson,TEN,2015,DT,593288,FA,12292,,28488.0,,1824792.0,76.0,Auburn,10453.0,90.0,e9799059-f592-47e8-aab3-e2027fe7b148,1.0,318.0,4.0,10497.0,angeloblackson/2552670,721717200.0,2574582.0,,Blackson,Angelo
Za'Darius Smith,BAL,2015,DE,732570,CLE,12301,TheRealZSmith,28510.0,,2061139.0,76.0,Kentucky,10328.0,99.0,af3599a5-5eb4-4dd4-87ab-e0032ebfa644,23.0,270.0,4.0,10509.0,,715928400.0,3043168.0,,Smith,Za'Darius
Damien Wilson,DAL,2015,LB,728266,FA,12302,dwilson_6,28515.0,,2060755.0,73.0,Minnesota,10374.0,45.0,96c822e6-5484-476b-8ab0-64b3cff791ef,28.0,245.0,4.0,10511.0,damienwilson/2552686,738565200.0,3040207.0,,Wilson,Damien
Grady Jarrett,ATL,2015,DT,602098,ATL,12305,GradyJarrett,28525.0,,1850730.0,72.0,Clemson,10458.0,97.0,e1fe1900-fae3-414e-8530-55eece80471f,1.0,288.0,5.0,10519.0,,735973200.0,2576492.0,,Jarrett,Grady
Adrian Amos,CHI,2015,S,609401,FA,12308,SmashAmos38,28530.0,,1889909.0,72.0,Penn State,10390.0,34.0,81aaf55d-df8f-47d6-9bf1-06b78df37bf6,6.0,214.0,5.0,10469.0,adrianamos/2552385,736059600.0,2582132.0,,Amos,Adrian
MyCole Pruitt,MIN,2015,TE,552586,PIT,12309,flyyCole_x4,28531.0,,1760327.0,74.0,Southern Illinois,10251.0,81.0,f22b34cf-6ecf-4522-9c77-1da275dfda7d,7.0,258.0,5.0,10522.0,,701413200.0,2508256.0,,Pruitt,MyCole
Bobby McCain,MIA,2015,S,592302,MIN,12311,,28533.0,,1825152.0,69.0,Memphis,10422.0,48.0,7f32c3e6-113f-4922-b51d-a1a5a1d43bcf,9.0,196.0,5.0,10524.0,bobbymccain/2552434,745650000.0,2575606.0,,McCain,Bobby
C.J. Uzomah,CIN,2015,TE,593305,FA,12317,cjuzomah81,28545.0,,2174118.0,78.0,Auburn,10462.0,87.0,19858900-5c8e-49a7-ab02-34ef625724ca,21.0,262.0,5.0,10534.0,c.j.uzomah/2552559,726987600.0,2574576.0,,Uzomah,C.J.
Bradley Pinion,SFO,2015,PN,653095,ATL,12323,pinion92,28553.0,,1983525.0,77.0,Clemson,10466.0,13.0,9000be32-15ad-4c43-bf8d-79a9c7113cdd,29.0,255.0,5.0,10541.0,,770446800.0,2977680.0,,Pinion,Bradley
Michael Burton,DET,2015,RB,556483,DEN,12325,MikeBurtonFB,28556.0,,1759407.0,72.0,Rutgers,10468.0,20.0,80715ecf-ffc9-4a93-a305-2193451b3382,32.0,247.0,5.0,10544.0,,696920400.0,2515270.0,,Burton,Michael
David Mayo,CAR,2015,LB,693395,FA,12326,Mayo_Man_3,28557.0,,2174117.0,74.0,Texas State,10469.0,51.0,677a2fa2-55d5-4a1f-b56f-1f97b0a4b61a,33.0,240.0,5.0,10545.0,,745650000.0,2972400.0,,Mayo,David
Nick Boyle,BAL,2015,TE,608753,FA,12328,nickboyle86,28559.0,,1888149.0,76.0,Delaware,10252.0,86.0,9480dd9f-151f-4e6d-b5a3-35f07bda4cac,35.0,270.0,5.0,10547.0,,729925200.0,2574591.0,,Boyle,Nick
Quandre Diggs,DET,2015,S,590672,TEN,12349,qdiggs6,28588.0,,1824891.0,69.0,Texas,10433.0,26.0,8092ffd3-3f39-43eb-a602-b14fff77d413,24.0,197.0,6.0,10574.0,,727678800.0,2577553.0,,Diggs,Quandre
Rakeem Nunez-Roches,KCC,2015,DT,602792,NYG,12361,,28605.0,,1851299.0,74.0,Southern Miss,10339.0,93.0,d6ce0b64-9526-4983-8c3c-7f14f2918f8e,41.0,305.0,6.0,10590.0,rakeemnunez-roches/2552674,741675600.0,2575453.0,,Nunez-Roches,Rakeem
Geoff Swaim,DAL,2015,TE,728021,FA,12378,,28634.0,,2174207.0,76.0,Texas,10507.0,87.0,d0f9112d-2496-450a-9fc5-d2d01b4d2454,29.0,260.0,7.0,10617.0,geoffswaim/2553454,748155600.0,3046704.0,,Swaim,Geoff
Trevor Siemian,DEN,2015,QB,546184,FA,12381,,28638.0,,2174210.0,75.0,Northwestern,10483.0,14.0,e23dc743-ecee-4cf3-a263-69d3da3bae94,33.0,220.0,7.0,10622.0,trevorsiemian/2553457,693723600.0,2511109.0,,Siemian,Trevor
Malcolm Brown,FA,2015,RB,604724,FA,12386,,28990.0,,1852916.0,71.0,Texas,10202.0,34.0,0e7e6cbb-0e88-4a74-b457-1753851e37f3,,222.0,,10674.0,,737442000.0,2570986.0,,Brown,Malcolm
DeAndre Carter,FA,2015,WR,612512,CHI,12394,,28947.0,,2174795.0,68.0,Sacramento State,10234.0,30.0,9ae2584a-40c1-4b30-be34-a9567659eacd,,190.0,,10738.0,deandrecarter/2553502,734418000.0,2580216.0,,Carter,DeAndre
Jason Myers,FA,2014,PK,518088,SEA,12437,,28378.0,,2169640.0,70.0,Marist,10157.0,5.0,7af4c94b-529b-4403-ab66-2bfed3fcf0c7,,190.0,,10436.0,,674024400.0,2473037.0,,Myers,Jason
Jake Kumerow,FA,2017,WR,558619,FA,12443,,28974.0,,2174839.0,76.0,Wisconsin-Whitewater,10544.0,15.0,aa759477-6206-4984-ab9c-eb213abfd020,,209.0,,10867.0,jakekumerow/2553548,698302800.0,3085107.0,,Kumerow,Jake
Raheem Mostert,FA,2015,RB,606501,MIA,12447,,28654.0,,2174957.0,70.0,Purdue,10604.0,31.0,b040e601-ec40-4757-bf3d-71bf64ef99cf,,205.0,,10744.0,raheemmostert/2553728,702795600.0,2576414.0,,Mostert,Raheem
Damiere Byrd,FA,2015,WR,604908,FA,12464,,28730.0,,2174809.0,69.0,South Carolina,10524.0,13.0,48d7bc31-808f-423c-afc8-45c2c5dfa45f,,175.0,,10795.0,,728110800.0,2577667.0,,Byrd,Damiere
Taylor Heinicke,FA,2015,QB,599113,LAC,12476,,28839.0,,2174914.0,73.0,Old Dominion,10179.0,4.0,2c259733-ec2c-4e3c-bb7b-34dc0d37dc34,,210.0,,10665.0,,732171600.0,2565969.0,,Heinicke,Taylor
Neville Hewitt,FA,2015,LB,749760,HOU,12481,,28935.0,,2174826.0,74.0,Marshall,10673.0,43.0,fa4ae025-fd66-4752-94fa-63e22ae8abd4,,234.0,,10992.0,nevillehewitt/2553657,734072400.0,3059880.0,,Hewitt,Neville
Dean Marlowe,FA,2015,S,561327,FA,12486,,28732.0,,1767514.0,73.0,James Madison,10526.0,20.0,461b6e57-a2b0-4648-ab1f-b3ca4b111fe3,,205.0,,10797.0,,712040400.0,2519038.0,,Marlowe,Dean
Dan Campbell,FA,1999,Coach,0,DET,12539,,,,,77.0,,,,cae616a5-acce-4ab4-a952-40d2de1817f8,18.0,262.0,3.0,,,198219600.0,,,Campbell,Dan
Troy Hill,FA,2015,CB,573471,CAR,12589,,28972.0,,1737362.0,70.0,Oregon,10423.0,13.0,5b9acfe7-f166-4a55-85f6-a654799b08dd,,182.0,,10649.0,,683442000.0,2525933.0,,Hill,Troy
James Winchester,FA,2013,TE,472623,KCC,12608,,27494.0,,,75.0,Oklahoma,10606.0,41.0,996a0607-8046-46c2-97a0-b94ff9f5a1c8,,209.0,,9263.0,jameswinchester/2542357,618382800.0,16665.0,,Winchester,James
Carson Wentz,PHI,2016,QB,613866,KCC,12610,cj_wentz,29236.0,,1907522.0,77.0,North Dakota State,10856.0,11.0,e9a5c16b-4472-4be9-8030-3f77be7890cb,2.0,237.0,1.0,11257.0,,725691600.0,2573079.0,,Wentz,Carson
Jared Goff,RAM,2016,QB,727837,DET,12611,JaredGoff16,29235.0,,2061053.0,76.0,California,10729.0,16.0,aba8f925-ffbf-4654-bfa7-a25d3d237494,1.0,217.0,1.0,11205.0,,782110800.0,3046779.0,,Goff,Jared
Jacoby Brissett,NEP,2016,QB,607047,NEP,12616,JBrissett12,29325.0,,1877247.0,76.0,North Carolina State,10919.0,14.0,ad2258ab-67f0-41c2-bcf3-f3ba145187dc,28.0,235.0,3.0,11341.0,,724050000.0,2578570.0,,Brissett,Jacoby
Dak Prescott,FA,2016,QB,591816,DAL,12620,dak,29369.0,,1824864.0,74.0,Mississippi State,11008.0,4.0,86197778-8d4b-4eba-affe-08ef7be7c70b,37.0,238.0,4.0,11318.0,,743922000.0,2577417.0,,Prescott,Dak
Brandon Allen,JAC,2016,QB,604390,SFO,12621,BrandonAllen_10,29435.0,,1852876.0,74.0,Arkansas,10882.0,17.0,a8c3bcd7-69d0-4c5e-a876-6b33857942bc,26.0,209.0,6.0,11488.0,,715669200.0,2574511.0,,Allen,Brandon
Jeff Driskel,SFO,2016,QB,592538,WAS,12623,jeffdriskel,29441.0,,1824745.0,76.0,Louisiana Tech,11026.0,16.0,4d517d8f-fe4d-4c89-9a2a-fee836ba4a71,32.0,231.0,6.0,11340.0,,735541200.0,2574630.0,,Driskel,Jeff
Ezekiel Elliott,DAL,2016,RB,728338,DAL,12625,EzekielElliott,29238.0,,2060769.0,72.0,Ohio State,10736.0,15.0,bef8b2b4-78bd-4a4d-bb5d-6b55ada9ef6a,4.0,228.0,1.0,11265.0,,806389200.0,3051392.0,,Elliott,Ezekiel
Derrick Henry,TEN,2016,RB,732145,BAL,12626,KingHenry_2,29279.0,,2061188.0,74.0,Alabama,10819.0,22.0,87c481c7-7414-43cc-82df-19ca0c2ae22e,14.0,247.0,2.0,11238.0,,757659600.0,3043078.0,,Henry,Derrick
Kenyan Drake,MIA,2016,RB,694588,FA,12630,KDx32,29307.0,,2000903.0,73.0,Alabama,11002.0,17.0,a0b93053-d349-4dd1-a840-24577102699b,10.0,210.0,3.0,11263.0,,759560400.0,2979843.0,,Drake,Kenyan
Jonathan Williams,BUF,2016,RB,693837,FA,12635,Jwillpart2,29390.0,,1999948.0,72.0,Arkansas,10851.0,18.0,697200ea-cabb-40b8-aeac-e52763310306,18.0,217.0,5.0,11405.0,,760165200.0,2980077.0,,Williams,Jonathan
Laquon Treadwell,MIN,2016,WR,748554,FA,12645,SuccessfulQuon,29257.0,,2079899.0,74.0,Mississippi,10739.0,7.0,2e0badcd-b78c-40ee-a83b-a1bbb36bc545,23.0,215.0,1.0,11210.0,,803106000.0,3051889.0,,Treadwell,Laquon
Will Fuller,HOU,2016,WR,749948,FA,12647,,29255.0,,2082827.0,72.0,Notre Dame,10818.0,3.0,095e0c1a-0bea-4bc6-868f-e4bbe2ce6c30,21.0,184.0,1.0,11295.0,,766472400.0,3052876.0,,Fuller,Will
Tyler Boyd,CIN,2016,WR,742387,TEN,12650,boutdat_23,29288.0,,2071582.0,74.0,Pittsburgh,10822.0,83.0,76a5edec-5ff7-49fa-a8ec-5768a372279d,24.0,203.0,2.0,11271.0,,784875600.0,3045144.0,,Boyd,Tyler
Michael Thomas,NOS,2016,WR,653699,FA,12652,,29281.0,,1983802.0,75.0,Ohio State,10759.0,13.0,90c1756d-1f47-41b7-89fe-b113c9850bc1,16.0,212.0,2.0,11222.0,michaelthomas/2556370,731134800.0,2976316.0,,Thomas,Michael
Sterling Shepard,NYG,2016,WR,691278,FA,12658,sterl_shep3,29274.0,,1996786.0,70.0,Oklahoma,10988.0,25.0,1ffc735b-74d8-44d2-ab32-00c5485c799f,9.0,194.0,2.0,11326.0,,729320400.0,2976592.0,,Shepard,Sterling
Hunter Henry,SDC,2016,TE,744425,NEP,12676,Hunter_Henry84,29269.0,,2079848.0,77.0,Arkansas,10735.0,85.0,705899da-3c20-4bc3-b5d0-2e6e40655131,4.0,249.0,2.0,11299.0,,786776400.0,3046439.0,,Henry,Hunter
Austin Hooper,ATL,2016,TE,739424,NEP,12677,AustinHooper18,29315.0,,2067004.0,76.0,Stanford,10748.0,81.0,90c2a93f-d837-4e1b-b57c-56648903a8db,18.0,254.0,3.0,11301.0,,783406800.0,3043275.0,,Hooper,Austin
Tyler Higbee,RAM,2016,TE,604176,LAR,12678,Ty_Higs19,29344.0,,1853103.0,78.0,Western Kentucky,10854.0,89.0,0df7912d-9e81-47ea-b4f7-d04986df4ee8,12.0,255.0,4.0,11430.0,,725864400.0,2573401.0,,Higbee,Tyler
Nick Vannett,SEA,2016,TE,606488,TEN,12680,N_Vannett81,29328.0,,1871322.0,77.0,Ohio State,10949.0,84.0,c731aa8a-778b-4ccd-a19f-517eb66f47b7,31.0,257.0,3.0,11329.0,,731394000.0,2576399.0,,Vannett,Nick
Joey Bosa,SDC,2016,DE,728330,LAC,12686,jbbigbear,29237.0,,2235544.0,77.0,Ohio State,10914.0,97.0,1ce88c74-024e-4288-94ee-5dca10362153,3.0,280.0,1.0,11207.0,,805438800.0,3051389.0,,Bosa,Joey
Shaq Lawson,BUF,2016,DE,653108,FA,12687,Shaq_Lawson90,29253.0,,1983523.0,75.0,Clemson,11106.0,90.0,89919ab7-0fa2-4fbc-b018-5f2d3e3c21e3,19.0,265.0,1.0,11306.0,,771829200.0,2977679.0,,Lawson,Shaq
DeForest Buckner,SFO,2016,DT,689690,IND,12688,deforestbuckner,29241.0,,1996158.0,79.0,Oregon,10925.0,99.0,d97529e5-f1cd-4fe0-8697-4b51bbe52fd4,7.0,295.0,1.0,11273.0,,763880400.0,2971282.0,,Buckner,DeForest
Emmanuel Ogbah,CLE,2016,DT,691301,MIA,12691,EmanOgbah,29266.0,,1996808.0,76.0,Oklahoma State,11155.0,51.0,2300fe3b-c81f-4786-ae0c-0c229644239d,1.0,275.0,2.0,11317.0,,752562000.0,2977740.0,,Ogbah,Emmanuel
A'Shawn Robinson,DET,2016,DT,750852,CAR,12697,AshawnRobinson,29280.0,,2082728.0,75.0,Alabama,11162.0,94.0,3f44e069-a9c7-40dc-bfa9-cd403ee9cdbd,15.0,320.0,2.0,11323.0,,795762000.0,3054857.0,,Robinson,A'Shawn
Jarran Reed,SEA,2016,DT,824539,SEA,12698,1j_reed,29289.0,,2131655.0,75.0,Alabama,11217.0,90.0,c02b49d3-ddc1-4ffc-9f40-487199882fa5,18.0,306.0,2.0,11322.0,,756018000.0,3115312.0,,Reed,Jarran
Andrew Billings,CIN,2016,DT,747918,CHI,12699,BillingsAndrew,29356.0,,2079903.0,73.0,Baylor,10907.0,97.0,67760ee1-c969-488f-b449-b8c37e7e32bb,24.0,311.0,4.0,11276.0,,794466000.0,3051775.0,,Billings,Andrew
Austin Johnson,TEN,2016,DT,697675,BUF,12700,,29277.0,,2006428.0,76.0,Penn State,11071.0,98.0,014038bd-e9b7-476f-b7bd-bd78a46a9a57,12.0,314.0,2.0,11370.0,,768373200.0,2979591.0,,Johnson,Austin
Jaylon Smith,DAL,2016,LB,749966,FA,12701,thejaylonsmith,29268.0,,2082844.0,74.0,Notre Dame,10801.0,15.0,0bf6b11f-920a-4ced-9a69-0b4afc5df36f,3.0,240.0,2.0,11327.0,,803106000.0,3052896.0,,Smith,Jaylon
Myles Jack,JAC,2016,LB,744683,FA,12702,MylesJack,29270.0,,2079677.0,73.0,UCLA,11064.0,51.0,66e776e7-f354-4939-835b-a23dc889c6ae,5.0,255.0,2.0,11302.0,,810104400.0,3047566.0,,Jack,Myles
Jalen Ramsey,JAC,2016,CB,742155,MIA,12711,jalenramsey,29239.0,,2071515.0,73.0,Florida State,11111.0,5.0,ca53fda9-d20a-4bc7-b8dc-deef28355399,5.0,208.0,1.0,11219.0,,782974800.0,3045373.0,,Ramsey,Jalen
Kendall Fuller,WAS,2016,CB,742419,MIA,12714,KeFu11er,29318.0,,2071630.0,71.0,Virginia Tech,11038.0,29.0,81ba31db-e21a-4944-8d0f-4e12cb83e3c4,21.0,198.0,3.0,11294.0,,792651600.0,3045465.0,,Fuller,Kendall
Eli Apple,NYG,2016,CB,728318,FA,12715,EliApple13,29244.0,,2060759.0,73.0,Ohio State,10886.0,33.0,72a42703-19b7-417c-87ce-344fd792f5ca,10.0,203.0,1.0,11332.0,,807944400.0,3040506.0,,Apple,Eli
Jalen Mills,PHI,2016,CB,651021,FA,12716,greengoblin,29467.0,,1984271.0,72.0,LSU,11137.0,21.0,12563365-b4aa-4b85-93a3-b220c8212707,12.0,191.0,7.0,11311.0,,765608400.0,2976540.0,,Mills,Jalen
Vonn Bell,NOS,2016,S,728329,CIN,12718,TheVonnBell7,29295.0,,2060762.0,71.0,Ohio State,10905.0,24.0,656b68e1-651d-4596-8f6d-c97b4e4d9536,30.0,205.0,2.0,11369.0,,787208400.0,3051388.0,,Bell,Vonn
Jayron Kearse,MIN,2016,S,733747,FA,12720,JayronKearse8,29478.0,,2060411.0,76.0,Clemson,11088.0,1.0,708e045b-17fd-4f81-87e3-8686b165a278,23.0,215.0,7.0,11303.0,,760942800.0,,,Kearse,Jayron
Leonard Floyd,CHI,2016,DE,734313,SFO,12734,,29243.0,,2061110.0,75.0,Georgia,11034.0,56.0,13c4b449-65e4-4a3e-9152-85e9cbb2b8c6,9.0,240.0,1.0,11334.0,,715928400.0,3043136.0,,Floyd,Leonard
Sheldon Rankins,NOS,2016,DT,692183,CIN,12735,RankinsSheldon,29246.0,,1998998.0,74.0,Louisville,11112.0,98.0,3b1227f6-05c9-421f-a2c1-4c8f1368b80b,12.0,305.0,1.0,11321.0,,765262800.0,2970204.0,,Rankins,Sheldon
Keanu Neal,ATL,2016,S,748618,FA,12736,Keanu_Neal,29251.0,,2079762.0,72.0,Florida,11143.0,31.0,cc9c2006-e72b-4073-afcc-69c187cb28b7,17.0,211.0,1.0,11337.0,,806734800.0,3054962.0,,Neal,Keanu
Artie Burns,PIT,2016,CB,739796,SEA,12738,_audi8,29259.0,,2071570.0,72.0,Miami (FL),10928.0,23.0,f40995fc-bd95-41f1-b9ef-4ab938c3aafa,25.0,187.0,1.0,11377.0,,799304400.0,3051921.0,,Burns,Artie
Kenny Clark,GBP,2016,DT,744698,GBP,12739,,29261.0,,2079670.0,75.0,UCLA,10973.0,97.0,d848e4e6-ff3e-421c-9bd3-c2f62a16efd4,27.0,314.0,1.0,11286.0,,812782800.0,3122752.0,,Clark,Kenny
Chris Jones,KCC,2016,DT,741878,KCC,12741,,29271.0,,2082752.0,78.0,Mississippi State,11074.0,95.0,ef7b5ce8-a929-46be-b9f3-328752c6d125,6.0,310.0,2.0,11221.0,,773211600.0,3044859.0,,Jones,Chris
Xavien Howard,MIA,2016,CB,695379,FA,12742,Iamxavienhoward,29272.0,,2001257.0,73.0,Baylor,11061.0,25.0,e6bcb4f1-c2c8-4dd9-b826-af01182875f2,7.0,203.0,2.0,11338.0,,741762000.0,2978935.0,,Howard,Xavien
Jihad Ward,OAK,2016,DT,830687,MIN,12744,JIHADWARD17,29278.0,,2136528.0,77.0,Illinois,10891.0,52.0,852b00dd-fd1c-4edb-809d-912a6472cd07,13.0,285.0,2.0,11330.0,,763362000.0,3115914.0,,Ward,Jihad
Deion Jones,ATL,2016,LB,651019,FA,12745,debo,29285.0,,1984265.0,73.0,LSU,11080.0,45.0,a2a587d3-2971-41f5-a5d4-828d9cf1494e,21.0,222.0,2.0,11372.0,,783925200.0,2976545.0,,Jones,Deion
James Bradberry,CAR,2016,S,608343,PHI,12750,Brad_B21,29296.0,,1886795.0,73.0,Samford,10916.0,24.0,0db6df51-945b-4123-a790-0ba9d0473415,31.0,210.0,2.0,11415.0,,744440400.0,2572841.0,,Bradberry,James
Adam Gotsis,DEN,2016,DT,691549,FA,12751,gotsis96,29297.0,,1998206.0,76.0,Georgia Tech,11044.0,96.0,56c81bc7-72ac-4356-a737-b8010f931b56,32.0,290.0,2.0,11416.0,,717224400.0,2971498.0,,Gotsis,Adam
Kevin Byard,TEN,2016,S,591707,CHI,12752,KB31_Era,29298.0,,1833003.0,71.0,Middle Tennessee State,11218.0,31.0,c909532a-693e-4e8f-b853-fbf41037c100,1.0,212.0,3.0,11397.0,,745563600.0,2574056.0,,Byard,Kevin
Maliek Collins,DAL,2016,DT,728276,SFO,12754,SavageSevv,29301.0,,2060621.0,74.0,Nebraska,10976.0,99.0,54f13aa1-4a2f-46a3-99ef-743c1d3ee234,4.0,310.0,3.0,11390.0,,797317200.0,3040471.0,,Collins,Maliek
Yannick Ngakoue,JAC,2016,DE,745806,FA,12756,YannGetSacks91,29303.0,,2078920.0,74.0,Maryland,11146.0,91.0,41524c86-8ab6-42e9-871b-a00e29cd2705,6.0,246.0,3.0,11396.0,,796626000.0,3053044.0,,Ngakoue,Yannick
Jonathan Bullard,CHI,2016,DT,694609,MIN,12758,JBullard90,29306.0,,2000846.0,75.0,Florida,10926.0,90.0,ccfcbd2c-6e35-49b9-b131-ba2143665260,9.0,290.0,3.0,11274.0,,751266000.0,2980097.0,,Bullard,Jonathan
Daryl Worley,CAR,2016,S,739699,FA,12760,,29311.0,,2066935.0,73.0,West Virginia,10941.0,41.0,cbce4c7c-b22f-48de-b653-cdc19f9a6320,14.0,210.0,3.0,11417.0,,793429200.0,3042436.0,,Worley,Daryl
Nick Vigil,CIN,2016,LB,693291,DAL,12762,,29321.0,,1999597.0,74.0,Utah State,10948.0,59.0,c44b31cd-0480-4aa0-b500-12e9ba0765ac,24.0,239.0,3.0,11420.0,,745822800.0,2971816.0,,Vigil,Nick
Javon Hargrave,PIT,2016,DT,699449,SFO,12764,Jay_MostWanted,29323.0,,2007634.0,74.0,South Carolina State,11051.0,98.0,3f8e4972-2361-4939-b5e3-c5f6c63b9f68,26.0,305.0,3.0,11388.0,,729061200.0,2983055.0,,Hargrave,Javon
Justin Simmons,DEN,2016,S,691479,ATL,12767,jsimms1119,29332.0,,1998297.0,74.0,Boston College,11174.0,31.0,2df474e5-7117-4650-8d53-34b3fd0f1bbb,36.0,202.0,3.0,11389.0,,753685200.0,2969860.0,,Simmons,Justin
Sheldon Day,JAC,2016,DT,654869,WAS,12771,SheldonDay_91,29337.0,,1984615.0,73.0,Notre Dame,11019.0,52.0,82fcb439-d5da-4f6b-a68c-17778fe19ce4,5.0,294.0,4.0,11288.0,,773038800.0,2976194.0,,Day,Sheldon
Eric Murray,KCC,2016,S,651636,HOU,12772,,29340.0,,1983762.0,71.0,Minnesota,11141.0,23.0,16e4ffec-959d-4210-8702-36c0bf20dda5,8.0,199.0,4.0,11427.0,,757918800.0,2970716.0,,Murray,Eric
Chris Moore,BAL,2016,WR,606551,ARI,12773,,29341.0,,1871375.0,73.0,Cincinnati,10994.0,10.0,0b504d67-639b-4ba8-979a-498a3086257b,9.0,200.0,4.0,11429.0,,740206800.0,2576581.0,,Moore,Chris
Miles Killebrew,DET,2016,S,613316,PIT,12776,MilesKillebrew,29345.0,,1906454.0,74.0,Southern Utah,11091.0,28.0,4419b655-867f-436b-8233-6d45f4dfef77,13.0,222.0,4.0,11402.0,,737010000.0,2575164.0,,Killebrew,Miles
De'Vondre Campbell,ATL,2016,LB,728234,SFO,12779,Came_Along_Way,29349.0,,2060733.0,76.0,Minnesota,10935.0,59.0,25a643a9-3b59-4739-8430-2713a818fb69,17.0,232.0,4.0,11433.0,,741502800.0,3040180.0,,Campbell,De'Vondre
Hassan Ridgeway,IND,2016,DT,691353,FA,12780,r1dge8,29350.0,,1996836.0,75.0,Texas,11160.0,91.0,a72ab12a-751b-4a0d-9f9d-a44d2510ac23,18.0,305.0,4.0,11383.0,,783752400.0,,,Ridgeway,Hassan
David Onyemata,NOS,2016,DT,914915,ATL,12782,ACES_E,29354.0,,2235404.0,76.0,Manitoba,11219.0,90.0,08d27d1a-e039-4ccc-9ba7-65a22f6002fd,22.0,300.0,4.0,11435.0,,721630800.0,,,Onyemata,David
Deon Bush,CHI,2016,S,691572,FA,12783,deonbushlive2,29358.0,,1998305.0,72.0,Miami (FL),10930.0,26.0,abb612d4-f5b9-4644-b9ed-f13fa0da7e98,26.0,200.0,4.0,11436.0,,745304400.0,2969944.0,,Bush,Deon
Demarcus Robinson,KCC,2016,WR,727279,LAR,12785,,29360.0,,2061095.0,73.0,Florida,11163.0,15.0,46b16198-116f-4913-85db-2bc21462bd66,28.0,202.0,4.0,11438.0,,780123600.0,3043116.0,,Robinson,Demarcus
Blake Martinez,GBP,2016,LB,691005,FA,12788,Big__Blake50,29365.0,,1996541.0,74.0,Stanford,11127.0,40.0,0392b852-2783-4ce4-ad39-dc8661a5be3d,33.0,237.0,4.0,11442.0,,758091600.0,2978273.0,,Martinez,Blake
Dean Lowry,GBP,2016,DT,691837,PIT,12791,DeanLowry94,29371.0,,1998499.0,78.0,Northwestern,11119.0,94.0,0df44cfb-8dab-4fc1-8556-108505a4b428,39.0,296.0,4.0,11411.0,,771138000.0,2974348.0,,Lowry,Dean
Matt Judon,BAL,2016,DE,913011,ATL,12795,man_dammn,29380.0,,2217545.0,75.0,Grand Valley State,11083.0,15.0,99d79bb9-45aa-4c64-99aa-a92ba2c278af,7.0,275.0,5.0,11448.0,,713854800.0,3961466.0,,Judon,Matt
Quinton Jefferson,SEA,2016,DT,605443,CLE,12796,,29381.0,,1860773.0,76.0,Maryland,11069.0,72.0,c187d2b3-5d96-4035-a166-db6689b463bf,8.0,290.0,5.0,11449.0,,733554000.0,2577078.0,,Jefferson,Quinton
Tyreek Hill,KCC,2016,WR,823156,MIA,12801,cheetah,29399.0,,2131163.0,70.0,West Alabama,11222.0,10.0,01d8aee3-e1c4-4988-970a-8c0c2d08bd83,28.0,191.0,5.0,11458.0,,762498000.0,3116406.0,,Hill,Tyreek
D.J. Reader,HOU,2016,DT,653110,DET,12802,Djread98,29400.0,,1983526.0,75.0,Clemson,11114.0,98.0,42bb4895-bdfb-40e2-8119-f5b06611bf1b,29.0,335.0,5.0,11459.0,,773038800.0,2977670.0,,Reader,D.J.
DeAndre Houston-Carson,CHI,2016,S,594725,FA,12813,,29419.0,,1825507.0,73.0,William & Mary,11060.0,30.0,43ccb78e-353d-4d0b-ac51-4103415a568c,10.0,203.0,6.0,11404.0,,734677200.0,2566034.0,,Houston-Carson,DeAndre
Jakeem Grant,MIA,2016,WR,605325,FA,12814,_TheDreamIsHere,29420.0,,1860924.0,66.0,Texas Tech,10990.0,9.0,5de11f0b-8da9-42ba-9a93-db7f0a58543b,11.0,170.0,6.0,11475.0,,720421200.0,2577641.0,,Grant,Jakeem
Nate Sudfeld,WAS,2016,QB,696112,FA,12815,NateSudfeld,29421.0,,2001862.0,78.0,Indiana,11187.0,8.0,e1c506bd-9e36-45e7-b2b9-fff6a9728a06,12.0,230.0,6.0,11476.0,,749970000.0,2979501.0,,Sudfeld,Nate
Kamu Grugier-Hill,NEP,2016,LB,691101,MIN,12828,,29442.0,,1996605.0,74.0,Eastern Illinois,11233.0,54.0,bcbbd7af-5a61-41f2-bae6-1e034755e7ef,33.0,230.0,6.0,11492.0,,769064400.0,3050851.0,,Grugier-Hill,Kamu
Elandon Roberts,NEP,2016,LB,699707,PIT,12831,Roberts_52,29448.0,,2007872.0,73.0,Houston,11234.0,50.0,f6d7cf0f-72d2-473f-a44b-4a253587ca0f,39.0,238.0,6.0,11498.0,,766990800.0,2987743.0,,Roberts,Elandon
Kevon Seymour,BUF,2016,CB,691066,FA,12834,KevonSeymour,29452.0,,1996519.0,72.0,USC,11170.0,25.0,e431a42b-5abe-49de-9c8c-f143f393591c,43.0,188.0,6.0,11502.0,,754635600.0,2971603.0,,Seymour,Kevon
Riley Dixon,DEN,2016,PN,608398,DEN,12842,RileyTDixon92,29462.0,,,76.0,Syracuse,11022.0,9.0,f45835c5-aa9e-4e32-b545-20d1e322fe8f,7.0,221.0,7.0,11513.0,,746168400.0,2577619.0,,Dixon,Riley
Dwayne Washington,DET,2016,RB,714230,FA,12845,UWdwayne12,29470.0,,2061078.0,73.0,Washington,10737.0,39.0,30ff46bc-a039-4af7-9050-81af98901a3e,15.0,223.0,7.0,11518.0,,767163600.0,3002265.0,,Washington,Dwayne
Tyler Matakevich,PIT,2016,LB,651785,PIT,12851,44_Matakevich,29480.0,,1983609.0,73.0,Temple,11129.0,44.0,b217c699-2eb4-4c60-9d7f-2df8e4232009,25.0,235.0,7.0,11400.0,,725000400.0,2976249.0,,Matakevich,Tyler
Stephen Anderson,FA,2016,TE,607660,FA,12859,,29789.0,,1880821.0,75.0,California,10885.0,40.0,5cb0bf9c-03b4-4201-97c5-a59c6db50841,,230.0,,11556.0,,728370000.0,2576854.0,,Anderson,Stephen
Ka'imi Fairbairn,FA,2016,PK,691032,HOU,12860,,29792.0,,1996562.0,72.0,UCLA,11031.0,15.0,203b60aa-cb94-499c-a4ca-d3c6b94dddc4,,183.0,,11602.0,,759819600.0,2971573.0,,Fairbairn,Ka'imi
Erik Harris,FA,2015,S,737186,FA,12910,,29224.0,,2219916.0,74.0,California (PA),10858.0,35.0,3cd103cf-cc2e-458e-94bc-a7a7ce1632c0,,225.0,,11264.0,,639032400.0,,,Harris,Erik
Alex Erickson,FA,2016,WR,652520,FA,12913,,29703.0,,1983823.0,72.0,Wisconsin,11257.0,82.0,6bb4d6f8-c8fb-4ca7-a416-a7010526114d,,195.0,,11614.0,,721026000.0,,,Erickson,Alex
C.J. Ham,FA,2016,RB,915397,MIN,12923,,29951.0,,2237239.0,71.0,Augustana (SD),11599.0,30.0,971fc9e5-bebb-4a2c-a822-8c52f92a3d07,,250.0,,11999.0,,743317200.0,,,Ham,C.J.
Robbie Chosen,FA,2016,WR,608360,MIA,12930,,29785.0,,1886746.0,75.0,Temple,11191.0,3.0,e81fb788-1478-4936-ae12-f6ed7ec23476,,185.0,,11627.0,,736923600.0,2574808.0,,Chosen,Robbie
Romeo Okwara,FA,2016,DE,697477,FA,12948,,29867.0,,2005661.0,76.0,Notre Dame,11156.0,95.0,b53384f0-6eb8-4d50-80f5-a2f955183317,,255.0,,11547.0,,803365200.0,,,Okwara,Romeo
Michael Pierce,FA,2016,DT,602833,BAL,12952,,29759.0,,1851317.0,72.0,Samford,11313.0,58.0,9aa0b292-f4ad-4517-83e9-717567edec19,,355.0,,11880.0,,721026000.0,,,Pierce,Michael
Chris Manhertz,FA,2016,TE,563293,NYG,12955,,28365.0,,2167520.0,78.0,Canisius,10033.0,85.0,7c7b5515-7786-4e24-9ce0-34e6a8bd5727,,235.0,,10295.0,,702882000.0,,,Manhertz,Chris
Wil Lutz,FA,2016,PK,700299,DEN,12956,,29754.0,,2008545.0,71.0,Georgia State,11309.0,3.0,c4cf84d0-6022-4ac1-a9ba-85587921c53f,,184.0,,11877.0,,773557200.0,,,Lutz,Wil
Antonio Hamilton,FA,2016,CB,786655,ATL,12976,,29957.0,,2237232.0,72.0,South Carolina State,11518.0,33.0,9bc107dc-1920-49db-b009-436d1a77955d,,188.0,,12005.0,,727851600.0,,,Hamilton,Antonio
C.J. Goodwin,FA,2015,CB,828353,DAL,12978,,28289.0,,2133167.0,75.0,California (PA),9842.0,29.0,6d62aaa2-fe41-4672-941f-7314a0b9b367,,190.0,,10215.0,,634107600.0,,,Goodwin,C.J.
DeShawn Williams,FA,2016,DT,602119,FA,12979,,28982.0,,2174847.0,73.0,Clemson,10793.0,93.0,9492f51a-22eb-465f-b3bb-aaee81ce76f5,,295.0,,11010.0,,725605200.0,2576508.0,,Williams,DeShawn
Kyle Peko,FA,2016,DT,844023,DET,12981,,29630.0,,2160958.0,73.0,Oregon State,11428.0,65.0,e9a7f92c-241c-4172-9874-6eb0c1576899,,305.0,,11780.0,,743576400.0,3134288.0,,Peko,Kyle
Cory Littleton,FA,2016,LB,695191,FA,12985,,29718.0,,2001223.0,75.0,Washington,11113.0,42.0,385953af-6b16-42b8-9a58-23fd8d50d935,,228.0,,11826.0,corylittleton/2556593,753598800.0,,,Littleton,Cory
Kerry Hyder,FA,2016,DE,509233,FA,12987,,27862.0,,2130513.0,74.0,Texas Tech,9403.0,92.0,e00a7f77-8320-4415-8c71-ba9c5d0240b8,,270.0,,9797.0,,673160400.0,,,Hyder,Kerry
Jonathan Jones,FA,2016,CB,683400,NEP,12988,,29875.0,,1995671.0,69.0,Auburn,11081.0,31.0,537c88d4-c403-43f4-94a1-fdccea0ee24a,,185.0,,11638.0,,748501200.0,,,Jones,Jonathan
Matthias Farley,FA,2016,S,610937,FA,12990,,29574.0,,1893194.0,71.0,Notre Dame,11292.0,41.0,22d9354f-3277-4ae6-bfaa-351ce38f1140,,210.0,,11729.0,,711176400.0,,,Farley,Matthias
Andrew Adams,FA,2016,S,606570,FA,12998,,29841.0,,1871389.0,71.0,Connecticut,11527.0,37.0,23557a45-6dc7-43c8-a4c6-f53ae72ff660,,202.0,,11927.0,,746514000.0,,,Adams,Andrew
Eric Tomlinson,FA,2015,TE,554431,LAC,13065,,28658.0,,1759992.0,78.0,UTEP,10553.0,49.0,b3d7169b-9cf6-4fea-815a-26e4fb0ec16a,,265.0,,10747.0,,703918800.0,2511973.0,,Tomlinson,Eric
Kalif Raymond,FA,2016,WR,692660,DET,13066,,29631.0,,1999329.0,68.0,Holy Cross,11429.0,11.0,e0a31d02-9d1c-4dab-adb4-a5d9bbee8b36,,180.0,,11781.0,,776322000.0,,,Raymond,Kalif
Morgan Fox,FA,2016,DT,915155,LAC,13085,,29714.0,,2236914.0,75.0,Colorado State-Pueblo,11571.0,56.0,ed54f1f3-65b8-4b54-8a64-81858ca9f50f,,275.0,,11848.0,,779346000.0,,,Fox,Morgan
J.D. McKissic,FA,2016,RB,608353,FA,13108,,29650.0,,1886804.0,70.0,Arkansas State,11312.0,23.0,260e8f87-1d08-4c69-8e2b-afa825c1a68a,,195.0,,11800.0,,750661200.0,,,McKissic,J.D.
Sean McVay,FA,0,Coach,0,LAR,13111,,,,,,,,,771b222a-cd41-4ffa-bb86-92932911629d,,,,9332.0,,506926800.0,,,McVay,Sean
Sean McDermott,FA,0,Coach,0,BUF,13112,,,,,,,,,24ddc0fb-4e6f-4c67-b3c1-8fa7acd691cc,,,,9285.0,,133074000.0,,,McDermott,Sean
Deshaun Watson,HOU,2017,QB,828743,CLE,13113,,30125.0,,2133482.0,75.0,Clemson,11712.0,4.0,eec5265c-7731-4bb6-8af2-4f98a67f9ab7,12.0,223.0,1.0,12151.0,,811054800.0,,,Watson,Deshaun
Mitchell Trubisky,FA,2017,QB,728169,BUF,13115,,30115.0,,2060476.0,75.0,North Carolina,11709.0,11.0,7a1b8f1a-9024-4897-86b0-01c63e00305e,2.0,222.0,1.0,12135.0,,777358800.0,,,Trubisky,Mitchell
Patrick Mahomes,KCC,2017,QB,839031,KCC,13116,,30123.0,,2142052.0,74.0,Texas Tech,11839.0,15.0,11cad59d-90dd-449c-a839-dddaba4fe16c,10.0,225.0,1.0,12142.0,,811314000.0,3139477.0,,Mahomes,Patrick
Joshua Dobbs,PIT,2017,QB,741262,SFO,13119,,30248.0,,2071844.0,75.0,Tennessee,11834.0,5.0,15bedebc-839e-450a-86f6-1f5ad1f4f820,27.0,220.0,4.0,12335.0,,791096400.0,,,Dobbs,Joshua
Cooper Rush,FA,2017,QB,694117,DAL,13124,,30788.0,,2000176.0,75.0,Central Michigan,11841.0,10.0,4595c8ea-9d85-4504-8a34-2c8a02349105,,225.0,,12475.0,,753858000.0,,,Rush,Cooper
C.J. Beathard,SFO,2017,QB,691784,FA,13125,,30217.0,,1998463.0,74.0,Iowa,11833.0,3.0,6608fdbf-6c93-47cc-ad44-9da2fda598ce,40.0,215.0,3.0,12328.0,,753426000.0,,,Beathard,C.J.
Nathan Peterman,BUF,2017,QB,650974,ATL,13127,,30284.0,,1984209.0,74.0,Pittsburgh,11840.0,10.0,4e4ba1f9-35c6-4e41-85f5-d8f12d32f459,27.0,225.0,5.0,12220.0,,768027600.0,2972236.0,,Peterman,Nathan
Dalvin Cook,MIN,2017,RB,824080,DAL,13128,,30154.0,,2130893.0,70.0,Florida State,11700.0,31.0,8960d61e-433b-41ea-a7ad-4e76be87b582,9.0,210.0,2.0,12138.0,,808030800.0,3116593.0,,Cook,Dalvin
Leonard Fournette,JAC,2017,RB,822013,FA,13129,,30117.0,,2131693.0,72.0,LSU,11687.0,5.0,7f46a7be-286e-4bfe-8778-d03dbe600ce9,4.0,228.0,1.0,12132.0,,790405200.0,,,Fournette,Leonard
Christian McCaffrey,CAR,2017,RB,830517,SFO,13130,,30121.0,,2136743.0,71.0,Stanford,11690.0,23.0,f96db0af-5e25-42d1-a07a-49b4e065b364,8.0,210.0,1.0,12198.0,,834123600.0,3117251.0,,McCaffrey,Christian
Joe Mixon,CIN,2017,RB,820727,HOU,13131,,30161.0,,2131143.0,73.0,Oklahoma,11707.0,28.0,7797f36e-87e8-4282-b6d2-bdb1774fc3b3,16.0,220.0,2.0,12147.0,,838184400.0,,,Mixon,Joe
Alvin Kamara,NOS,2017,RB,750846,NOS,13132,,30180.0,,2082721.0,70.0,Tennessee,11732.0,41.0,d9c857b2-97da-4fb8-a527-afbbb2a67413,3.0,215.0,3.0,12172.0,,806648400.0,,,Kamara,Alvin
Samaje Perine,WAS,2017,RB,820734,KCC,13133,,30227.0,,2131148.0,70.0,Oklahoma,11698.0,25.0,e601812f-ce24-4e99-bee0-e33c1e9014e4,7.0,236.0,4.0,12255.0,,811227600.0,3116389.0,,Perine,Samaje
D'Onta Foreman,HOU,2017,RB,835443,CLE,13134,,30202.0,,2139847.0,72.0,Texas,11685.0,27.0,02779042-2b4e-4fa9-b598-364fe01b523a,25.0,235.0,3.0,12282.0,,830322000.0,3125116.0,,Foreman,D'Onta
Corey Clement,FA,2017,RB,742470,FA,13136,,30707.0,,2071773.0,70.0,Wisconsin,11750.0,23.0,69568326-f210-4b88-a5cb-10376c64893e,,220.0,,12159.0,,783752400.0,,,Clement,Corey
Kareem Hunt,KCC,2017,RB,746613,FA,13138,,30199.0,,2079567.0,71.0,Toledo,11739.0,27.0,0ef0d0ca-2d2d-455b-ab63-a20c01303e37,22.0,216.0,3.0,12295.0,,807685200.0,,,Hunt,Kareem
Jamaal Williams,GBP,2017,RB,695311,NOS,13139,,30247.0,,2001287.0,72.0,BYU,11777.0,21.0,122e131c-b08c-4b10-901d-481a20aeffb8,26.0,224.0,4.0,12298.0,,796885200.0,,,Williams,Jamaal
Jeremy McNichols,TBB,2017,RB,837594,WAS,13143,,30275.0,,2139987.0,69.0,Boise State,11767.0,31.0,25cc3585-6194-4786-968a-2600db46b6c6,18.0,214.0,5.0,12174.0,,819954000.0,,,McNichols,Jeremy
James Conner,PIT,2017,RB,742390,ARI,13146,,30218.0,,2071585.0,73.0,Pittsburgh,11691.0,6.0,28a084c0-14df-499f-bd1f-b975603626b7,41.0,233.0,3.0,12317.0,,799650000.0,,,Conner,James
Dare Ogunbowale,FA,2017,RB,703015,HOU,13148,,30860.0,,2010409.0,70.0,Wisconsin,11768.0,33.0,42b57148-fc06-4aee-b40b-bb941271b5b7,,205.0,,12943.0,,768027600.0,,,Ogunbowale,Dare
Corey Davis,TEN,2017,WR,732121,FA,13153,,30118.0,,2061005.0,75.0,Western Michigan,11733.0,84.0,e21e9081-44aa-464b-8d3e-83918d48b921,5.0,209.0,1.0,12169.0,,789800400.0,,,Davis,Corey
Mike Williams,LAC,2017,WR,733754,NYJ,13154,,30120.0,,2082516.0,76.0,Clemson,11885.0,18.0,12f27311-7cd6-4ca5-ba7d-571e9de5e1eb,7.0,218.0,1.0,12183.0,,781246800.0,3045138.0,,Williams,Mike
John Ross,CIN,2017,WR,747906,FA,13155,,30122.0,,2079710.0,71.0,Washington,11699.0,83.0,938b363a-6967-4cef-bcd2-bb358a9f6c98,9.0,190.0,1.0,12173.0,,817448400.0,3052177.0,,Ross,John
JuJu Smith-Schuster,PIT,2017,WR,835909,KCC,13156,,30175.0,,2139620.0,73.0,Southern California,11877.0,7.0,9547fbb1-0d4f-4d9e-83b9-e2fa30463bb9,30.0,215.0,2.0,12184.0,,848638800.0,3120348.0,,Smith-Schuster,JuJu
Curtis Samuel,CAR,2017,WR,821389,BUF,13157,,30153.0,,2131252.0,71.0,Ohio State,11710.0,1.0,66a21b6d-97e5-4732-8bb0-062145d6bbc6,8.0,195.0,2.0,12219.0,,839739600.0,,,Samuel,Curtis
Chris Godwin,TBB,2017,WR,835127,TBB,13163,,30197.0,,2818150.0,73.0,Penn State,11718.0,14.0,baa61bb5-f8d0-4f90-bbe2-028576b8d33d,20.0,209.0,3.0,12201.0,,825397200.0,,,Godwin,Chris
Cooper Kupp,LAR,2017,WR,698227,LAR,13164,,30182.0,,2006951.0,74.0,Eastern Washington,11863.0,10.0,2806e915-c46f-492f-8a29-71d3a85e5620,5.0,207.0,3.0,12177.0,,740120400.0,,,Kupp,Cooper
Josh Reynolds,LAR,2017,WR,822367,DEN,13168,,30230.0,,2131796.0,75.0,Texas A&M,11871.0,11.0,682eda79-0026-4ad8-8f45-a61ce42cb908,10.0,192.0,4.0,12253.0,,792910800.0,,,Reynolds,Josh
Noah Brown,DAL,2017,WR,836103,WAS,13172,,30352.0,,2139270.0,74.0,Ohio State,11849.0,85.0,36f62824-1cdb-4e9e-8a11-55df97e562b9,21.0,225.0,7.0,12439.0,,869288400.0,3121409.0,,Brown,Noah
Zay Jones,BUF,2017,WR,746491,ARI,13176,,30150.0,,2080270.0,74.0,East Carolina,11751.0,12.0,a28f7368-0306-4d20-855f-285a1a09c09c,5.0,200.0,2.0,12246.0,,796539600.0,3059722.0,,Jones,Zay
O.J. Howard,TBB,2017,TE,732147,FA,13188,,30132.0,,2061190.0,78.0,Alabama,11806.0,88.0,93ed8c6f-b676-46d3-bf82-6155e89b4a68,19.0,251.0,1.0,12161.0,,785221200.0,,,Howard,O.J.
Evan Engram,NYG,2017,TE,749185,JAC,13189,,30136.0,,2079887.0,75.0,Mississippi,11805.0,17.0,e21365af-8d66-416e-b0a5-8816d18fcfd9,23.0,240.0,1.0,12205.0,,778482000.0,,,Engram,Evan
David Njoku,CLE,2017,TE,832098,CLE,13192,,30142.0,,2136474.0,76.0,Miami,11734.0,85.0,8f86fcea-90e8-49ea-bc78-5c7659313e57,29.0,246.0,1.0,12186.0,,836974800.0,3123076.0,,Njoku,David
Jonnu Smith,TEN,2017,TE,743749,MIA,13193,,30213.0,,2081506.0,75.0,Florida International,11807.0,9.0,e4f25a37-74de-4bfb-b6c9-f50a4fab0b87,36.0,248.0,3.0,12344.0,,809067600.0,,,Smith,Jonnu
Myles Garrett,CLE,2017,DE,835829,CLE,13198,,30114.0,,2139869.0,76.0,Texas A&M,11914.0,95.0,a85a0ba9-674c-4f37-a944-474fc6cdf557,1.0,272.0,1.0,12133.0,,820213200.0,3122132.0,,Garrett,Myles
Solomon Thomas,SFO,2017,DT,830525,NYJ,13199,,30116.0,,2165541.0,75.0,Stanford,11945.0,94.0,74473bcc-5bdb-4650-8549-8a8a12874cbf,3.0,295.0,1.0,12227.0,,819435600.0,,,Thomas,Solomon
Derek Barnett,PHI,2017,DE,829983,HOU,13201,,30127.0,,2133516.0,75.0,Tennessee,11901.0,95.0,2d74a108-2b17-4db3-8ef1-0c2e845b414e,14.0,259.0,1.0,12199.0,,835678800.0,,,Barnett,Derek
Carl Lawson,CIN,2017,DE,746888,FA,13202,,30229.0,,2079872.0,74.0,Auburn,11926.0,58.0,e75ed538-1888-4864-bd1d-e703d1ce4b5b,9.0,260.0,4.0,12240.0,,804402000.0,3051911.0,,Lawson,Carl
Isaac Rochell,LAC,2017,DE,749964,FA,13203,,30338.0,,2082842.0,76.0,Notre Dame,11939.0,96.0,f89332c7-decb-438a-bf7c-220d6c28e098,7.0,280.0,7.0,12426.0,,798526800.0,,,Rochell,Isaac
Charles Harris,MIA,2017,DE,744577,CAR,13204,,30135.0,,2082540.0,75.0,Missouri,11918.0,53.0,f7d0d3ea-6de1-4adc-b431-166c6dde9cc9,22.0,250.0,1.0,12226.0,,794466000.0,3051852.0,,Harris,Charles
Takkarist McKinley,ATL,2017,DE,850284,NYJ,13205,,30139.0,,2160964.0,74.0,UCLA,11928.0,93.0,dcc7a0e1-05e3-407f-84e1-fdedf8eecbbf,26.0,250.0,1.0,12232.0,,815288400.0,3152371.0,,McKinley,Takkarist
Jonathan Allen,WAS,2017,DT,750828,WAS,13208,,30130.0,,2082709.0,75.0,Alabama,11900.0,93.0,5ba11bd2-e764-4dea-98e1-dad01a21cdd3,17.0,300.0,1.0,12185.0,,790232400.0,,,Allen,Jonathan
Carlos Watkins,HOU,2017,DT,653112,FA,13211,,30255.0,,1983529.0,75.0,Clemson,11951.0,94.0,1df2f078-18d8-4bb4-9d6a-9ba4bcb126bf,34.0,305.0,4.0,12363.0,,755067600.0,2977681.0,,Watkins,Carlos
Chris Wormley,BAL,2017,DT,696151,FA,13212,,30187.0,,2001900.0,77.0,Michigan,11955.0,94.0,9ea97d0c-6af7-46cd-a69f-b61a649e5a28,10.0,300.0,3.0,12236.0,,751525200.0,2977615.0,,Wormley,Chris
T.J. Watt,PIT,2017,DE,742490,PIT,13214,,30143.0,,2071793.0,76.0,Wisconsin,11984.0,90.0,f340201b-a1b1-43ba-a47a-484a44334553,30.0,252.0,1.0,12242.0,,781851600.0,3045282.0,,Watt,T.J.
Zach Cunningham,HOU,2017,LB,744654,FA,13216,,30170.0,,2079823.0,75.0,Vanderbilt,11965.0,52.0,8cb76d80-0326-474f-86c8-869a86405777,25.0,238.0,2.0,12269.0,,787208400.0,,,Cunningham,Zach
Duke Riley,ATL,2017,LB,727757,MIA,13220,,30188.0,,2061250.0,73.0,LSU,11981.0,45.0,16661483-3da0-4461-ac44-46fddb386e19,11.0,227.0,3.0,12262.0,,776408400.0,,,Riley,Duke
Jarrad Davis,DET,2017,LB,748606,FA,13221,,30134.0,,2079752.0,73.0,Florida,11966.0,57.0,808fe9a2-51dc-4d22-8f09-da1857b5a699,21.0,238.0,1.0,12239.0,,816498000.0,,,Davis,Jarrad
Raekwon McMillan,MIA,2017,LB,821386,NEP,13222,,30167.0,,2131250.0,74.0,Ohio State,11977.0,50.0,8aad56a2-0589-4ebc-99f8-b07c5023fd70,22.0,250.0,2.0,12271.0,,848206800.0,,,McMillan,Raekwon
Marlon Humphrey,BAL,2017,CB,835806,BAL,13223,,30129.0,,2139775.0,72.0,Alabama,12017.0,44.0,bf9749c6-6609-456e-a3eb-b8cab21dd76a,16.0,203.0,1.0,12287.0,,836802000.0,,,Humphrey,Marlon
Marshon Lattimore,NOS,2017,CB,836114,NOS,13224,,30124.0,,2139278.0,72.0,Ohio State,12023.0,23.0,66386076-7d61-47b7-88e2-34a883de250f,11.0,192.0,1.0,12229.0,,832568400.0,3121421.0,,Lattimore,Marshon
Sidney Jones,PHI,2017,CB,837813,FA,13225,,30156.0,,2139635.0,72.0,Washington,11905.0,24.0,4de23d54-2169-4b17-b0d0-c47b2edd9f73,11.0,181.0,2.0,12206.0,,832654800.0,,,Jones,Sidney
Adoree Jackson,TEN,2017,CB,835902,NYG,13226,,30131.0,,2139614.0,71.0,Southern California,12018.0,22.0,6db40c6e-7d09-486e-b80d-1d8008547250,18.0,185.0,1.0,12155.0,,811400400.0,3120347.0,,Jackson,Adoree
Jourdan Lewis,DAL,2017,CB,740759,DAL,13227,,30205.0,,2071724.0,70.0,Michigan,12024.0,2.0,7ff68f1d-204c-4d49-9179-ecb2514094dc,28.0,195.0,3.0,12315.0,,809845200.0,,,Lewis,Jourdan
Malik Hooker,IND,2017,S,836106,DAL,13228,,30128.0,,2139273.0,74.0,Ohio State,11695.0,28.0,3cb26a5c-9c90-46ad-b539-e29ad6934e30,15.0,212.0,1.0,12156.0,,828421200.0,,,Hooker,Malik
Eddie Jackson,CHI,2017,S,750841,BAL,13229,,30225.0,,2082718.0,72.0,Alabama,11993.0,39.0,f4c59ced-4d11-4314-a761-ec0883edd3c1,5.0,202.0,4.0,12297.0,,723963600.0,3054847.0,,Jackson,Eddie
Jamal Adams,NYJ,2017,S,822003,TEN,13230,,30119.0,,2131682.0,73.0,LSU,11985.0,33.0,1a92b0ad-3eb2-4df3-bf02-04c4d9ffe10c,6.0,213.0,1.0,12210.0,,813906000.0,3115373.0,,Adams,Jamal
Jabrill Peppers,CLE,2017,S,830698,NEP,13231,,30138.0,,2136536.0,71.0,Michigan,11714.0,5.0,45ef2670-2382-434b-8f26-ba13f044236e,25.0,217.0,1.0,12218.0,,812782800.0,3115962.0,,Peppers,Jabrill
Desmond King,LAC,2017,CB,740722,FA,13232,,30264.0,,2818584.0,70.0,Iowa,11999.0,25.0,1c41b4ac-bec1-4943-b0a3-5b57642faaaa,7.0,201.0,5.0,12291.0,,787381200.0,3040145.0,,King,Desmond
Kyle Shanahan,FA,2016,Coach,0,SFO,13233,,,,,,,,,978dbc3f-a815-4351-a1cb-1c0c7f0a378f,,,,,,,,,Shanahan,Kyle
Marlon Mack,IND,2017,RB,840760,FA,13234,,30256.0,,2145762.0,71.0,South Florida,11765.0,32.0,413f7971-4d5b-496d-a11b-f623e9bc3b7c,35.0,210.0,4.0,12308.0,,826174800.0,,,Mack,Marlon
Gerald Everett,LAR,2017,TE,838487,CHI,13236,,30157.0,,2142692.0,75.0,South Alabama,11737.0,14.0,ebeceb00-57e0-4b74-9cf7-853da2afed18,12.0,252.0,2.0,12284.0,,772520400.0,3918639.0,,Everett,Gerald
Haason Reddick,ARI,2017,DE,696258,NYJ,13245,,30126.0,,2001828.0,73.0,Temple,11937.0,7.0,ee399a97-6868-4db1-9381-09073914c2d6,13.0,240.0,1.0,12228.0,,780210000.0,2980504.0,,Reddick,Haason
Mo Alie-Cox,FA,2017,TE,712506,IND,13246,,30112.0,,2815925.0,77.0,Virginia Commonwealth,12196.0,81.0,8809c0dd-786b-4255-a7d0-333c9498c19a,,267.0,,12221.0,moalie-cox/2558832,748414800.0,,,Alie-Cox,Mo
Tre'Davious White,BUF,2017,CB,727761,LAR,13249,,30140.0,,2061255.0,69.0,LSU,12127.0,27.0,13de701c-c77c-4eb5-b54c-8881ca5e0871,27.0,196.0,1.0,12250.0,,790232400.0,,,White,Tre'Davious
Kevin King,GBP,2017,CB,747899,ATL,13250,,30146.0,,2079703.0,75.0,Washington,12020.0,32.0,ae0498b4-0ccb-4b11-9449-f26c621d7c79,1.0,200.0,2.0,12235.0,,799650000.0,3052170.0,,King,Kevin
Budda Baker,ARI,2017,S,837805,ARI,13251,,30149.0,,2139625.0,70.0,Washington,11986.0,3.0,5ce20f3e-0f02-4f53-a2ef-5b076361f2b1,4.0,195.0,2.0,12278.0,,821250000.0,,,Baker,Budda
Marcus Maye,NYJ,2017,S,694621,MIA,13252,,30152.0,,2000858.0,72.0,Florida,12001.0,46.0,dfbbaf35-08d6-4f58-8577-c2e53a492454,7.0,207.0,2.0,12286.0,,757400400.0,2980110.0,,Maye,Marcus
Marcus Williams,NOS,2017,S,826338,BAL,13253,,30155.0,,2818084.0,73.0,Utah,12199.0,32.0,662bf69e-10eb-4c2e-970e-1a13f1c7fa07,10.0,204.0,2.0,12285.0,,842158800.0,,,Williams,Marcus
Tyus Bowser,BAL,2017,DE,741515,FA,13256,,30160.0,,2071873.0,75.0,Houston,11961.0,54.0,b36539fa-de45-4cfd-90be-49d14149e64e,15.0,250.0,2.0,12234.0,,801205200.0,3040037.0,,Bowser,Tyus
Justin Evans,TBB,2017,S,865805,FA,13257,,30163.0,,2180812.0,72.0,Texas A&M,11988.0,30.0,410037b3-d7f2-4188-9d87-53bf51fd31fe,18.0,199.0,2.0,12258.0,,809413200.0,,,Evans,Justin
DeMarcus Walker,DEN,2017,DE,733700,CHI,13258,,30164.0,,2060451.0,76.0,Florida State,11950.0,95.0,e1048910-1b5f-4d91-8702-f5ad06844b24,19.0,280.0,2.0,12319.0,,780901200.0,,,Walker,DeMarcus
Dalvin Tomlinson,NYG,2017,DT,694605,CLE,13260,,30168.0,,2000919.0,75.0,Alabama,11946.0,94.0,6371b42c-2783-49e8-8def-ce4d7dc91081,23.0,325.0,2.0,12265.0,,762411600.0,2979860.0,,Tomlinson,Dalvin
Tanoh Kpassagnon,KCC,2017,DE,697885,NOS,13262,,30172.0,,2006627.0,79.0,Villanova,11924.0,92.0,cb43fb1e-9c65-4462-8c05-798d5885b845,27.0,289.0,2.0,12294.0,,771570000.0,2982313.0,,Kpassagnon,Tanoh
Chidobe Awuzie,DAL,2017,CB,747840,TEN,13263,,30173.0,,2079069.0,72.0,Colorado,12009.0,13.0,5e11c306-6387-46ed-8a6d-3ff7a8210ed5,28.0,202.0,2.0,12237.0,,801291600.0,,,Awuzie,Chidobe
Larry Ogunjobi,CLE,2017,DT,749464,PIT,13265,,30178.0,,2081723.0,75.0,Charlotte,11933.0,99.0,915f567f-ca74-426a-8ed0-123c45f67baa,1.0,305.0,3.0,12256.0,,770619600.0,,,Ogunjobi,Larry
Ahkello Witherspoon,SFO,2017,CB,826218,FA,13266,,30179.0,,2131040.0,74.0,Colorado,12038.0,44.0,a80f1b08-3977-48b6-97e0-5991ca26bfae,2.0,195.0,3.0,12304.0,,795762000.0,3122630.0,,Witherspoon,Ahkello
Dawuane Smoot,JAC,2017,DE,740377,BUF,13267,,30181.0,,2071675.0,75.0,Illinois,11942.0,94.0,887dc7b2-fb32-4126-be14-509b40424d34,4.0,264.0,3.0,12312.0,,794120400.0,3042476.0,,Smoot,Dawuane
Alex Anzalone,NOS,2017,LB,727274,DET,13268,,30189.0,,2061089.0,75.0,Florida,11957.0,34.0,8bb2d40a-6dd2-4108-9810-5def1b45f192,12.0,238.0,3.0,12327.0,,757400400.0,,,Anzalone,Alex
Fabian Moreau,WAS,2017,CB,691044,MIN,13270,,30194.0,,1996574.0,72.0,UCLA,11970.0,39.0,5ff63fe6-3b33-4f0d-bc51-d5e84d862b08,17.0,204.0,3.0,12245.0,,765867600.0,2971586.0,,Moreau,Fabian
Shaq Griffin,SEA,2017,CB,0,MIN,13273,,30203.0,,,72.0,UCF,12015.0,1.0,dd7640e6-d81d-4605-b900-451bf40e5bd6,26.0,198.0,3.0,12321.0,,806216400.0,3054026.0,,Griffin,Shaq
John Johnson,LAR,2017,S,745747,LAR,13274,,30204.0,,2082526.0,72.0,Boston College,11997.0,43.0,8c824157-eb33-4378-bf19-6c738a186ceb,27.0,204.0,3.0,12303.0,,757400400.0,3046292.0,,Johnson,John
Montravius Adams,GBP,2017,DT,744440,PIT,13275,,30206.0,,2079859.0,76.0,Auburn,11752.0,57.0,794760c3-b654-48fa-ba3c-3b07fdb4c03e,29.0,304.0,3.0,12326.0,,772434000.0,,,Adams,Montravius
Cameron Sutton,PIT,2017,CB,741286,PIT,13276,,30207.0,,2071855.0,71.0,Tennessee,12031.0,20.0,d8fc7bb7-333c-4caf-9512-893c334f56ef,30.0,188.0,3.0,12290.0,,793861200.0,3044724.0,,Sutton,Cameron
Kenny Golladay,DET,2017,WR,697295,FA,13277,,30209.0,,2005894.0,76.0,Northern Illinois,11857.0,19.0,659d31a3-9c62-4e3d-a0ea-b2e4967d6947,31.0,214.0,3.0,12340.0,,752302800.0,,,Golladay,Kenny
Rasul Douglas,PHI,2017,CB,895617,BUF,13281,,30212.0,,2198663.0,74.0,West Virginia,12013.0,31.0,ff89ab1d-4c9c-4e8b-943d-6a9305c5793e,35.0,209.0,3.0,12277.0,,778136400.0,3943270.0,,Douglas,Rasul
Trey Hendrickson,NOS,2017,DE,729032,CIN,13284,,30216.0,,2818165.0,76.0,Florida Atlantic,11919.0,91.0,41d217b9-ec7b-4d72-8a0a-5f0e3a16b693,39.0,270.0,3.0,12293.0,,786603600.0,,,Hendrickson,Trey
Jaleel Johnson,MIN,2017,DT,691792,FA,13286,,30222.0,,1998471.0,75.0,Iowa,11921.0,94.0,016a6d56-0b72-490e-8dae-41b5d3d2db63,2.0,316.0,4.0,12263.0,,773989200.0,,,Johnson,Jaleel
Rayshawn Jenkins,LAC,2017,S,691582,SEA,13288,,30226.0,,1998315.0,73.0,Miami (FL),11994.0,2.0,18f174c9-a956-4c14-bd23-9e799fef6dc7,6.0,220.0,4.0,12302.0,,759474000.0,,,Jenkins,Rayshawn
Mack Hollins,PHI,2017,WR,702808,BUF,13289,,30231.0,,2010349.0,76.0,North Carolina,11861.0,13.0,93cb5790-1012-4c42-bccb-5748c27ba7d6,11.0,221.0,4.0,12349.0,,748155600.0,,,Hollins,Mack
Tarik Cohen,CHI,2017,RB,756928,FA,13290,,30232.0,,2091113.0,66.0,North Carolina A&T,11758.0,31.0,a8342d20-9901-49a6-bc45-79f192418188,12.0,181.0,4.0,12322.0,,806734800.0,3066158.0,,Cohen,Tarik
Jalen Reeves-Maybin,DET,2017,LB,727802,DET,13293,,30237.0,,2061162.0,73.0,Tennessee,11980.0,42.0,61e1881b-a33e-4d33-b518-017145d5fc03,16.0,226.0,4.0,12270.0,,791528400.0,,,Reeves-Maybin,Jalen
Samson Ebukam,LAR,2017,DE,754440,IND,13294,,30238.0,,2818583.0,75.0,Eastern Washington,12201.0,52.0,1d05c82f-81cd-4fad-84f5-8be990c5258d,17.0,245.0,4.0,12352.0,,799995600.0,,,Ebukam,Samson
Deatrich Wise,NEP,2017,DT,0,NEP,13296,,30244.0,,1999951.0,77.0,Arkansas,11954.0,91.0,2516f9e7-9927-409d-adbe-b32d680ae71d,23.0,280.0,4.0,12357.0,,775198800.0,,,Wise,Deatrich
Grover Stewart,IND,2017,DT,1049773,IND,13298,,30257.0,,2818218.0,76.0,Albany State (GA),12202.0,90.0,fae57441-a198-4674-8a37-401b64d17961,36.0,314.0,4.0,12364.0,,751093200.0,,,Stewart,Grover
George Kittle,SFO,2017,TE,733672,SFO,13299,,30259.0,,2818265.0,76.0,Iowa,11892.0,85.0,2ada91b0-036e-454f-83c3-6d939ff584a9,2.0,250.0,5.0,12276.0,,750142800.0,,,Kittle,George
Damontae Kazee,ATL,2017,S,693030,PIT,13301,,30262.0,,1999512.0,71.0,San Diego State,12019.0,23.0,f9c86838-11e5-4582-a03e-c15e02b2013c,5.0,174.0,5.0,12299.0,,739256400.0,,,Kazee,Damontae
Jake Elliott,CIN,2017,PK,746154,PHI,13303,,30266.0,,2080295.0,69.0,Memphis,12203.0,4.0,059e5bb7-1842-4558-9aaf-77c352a21216,9.0,167.0,5.0,12367.0,,790664400.0,,,Elliott,Jake
Jayon Brown,TEN,2017,LB,744677,FA,13304,,30268.0,,2079667.0,72.0,UCLA,11963.0,50.0,29c53cbc-9d94-46af-b46a-674f9c1e5c79,11.0,226.0,5.0,12369.0,,793774800.0,,,Brown,Jayon
Anthony Walker,IND,2017,LB,742464,MIA,13306,,30274.0,,2071763.0,73.0,Northwestern,11983.0,6.0,14b52c32-e9f6-4b64-aa22-1d96bb20cf84,17.0,235.0,5.0,12374.0,,807858000.0,,,Walker,Anthony
Matt Milano,BUF,2017,LB,745741,BUF,13307,,30276.0,,2078974.0,72.0,Boston College,11978.0,58.0,825fe252-36b9-48d9-a845-29114c5aae8a,19.0,223.0,5.0,12375.0,,775371600.0,,,Milano,Matt
Jamal Agnew,DET,2017,WR,752646,JAC,13308,,30278.0,,2818264.0,70.0,San Diego,12205.0,39.0,c871b3a8-72c4-425e-a357-2de37e033c8d,21.0,190.0,5.0,12376.0,,796885200.0,,,Agnew,Jamal
Isaiah McKenzie,DEN,2017,WR,823040,FA,13313,,30285.0,,2131587.0,67.0,Georgia,11866.0,87.0,6130be96-edf3-4361-b666-860c4ec46e7d,28.0,173.0,5.0,12380.0,,797403600.0,3128724.0,,McKenzie,Isaiah
Eric Saubert,ATL,2017,TE,694931,SFO,13315,,30287.0,,2001018.0,77.0,Drake,11897.0,82.0,582dc00e-e7ec-4ca7-bff0-f7b1d604017b,30.0,248.0,5.0,12300.0,,767768400.0,2975863.0,,Saubert,Eric
Trent Taylor,SFO,2017,WR,733849,FA,13316,,30290.0,,2060838.0,68.0,Louisiana Tech,11881.0,19.0,3e2e74e9-18a8-4275-9437-b275db27e2ff,33.0,178.0,5.0,12305.0,,767682000.0,3040569.0,,Taylor,Trent
Davon Godchaux,MIA,2017,DT,822029,NEP,13317,,30291.0,,2131697.0,75.0,LSU,11916.0,92.0,6e6dcc9c-06f5-40fd-9134-d0afd0e349d8,34.0,330.0,5.0,12384.0,,784530000.0,3115383.0,,Godchaux,Davon
Aaron Jones,GBP,2017,RB,741314,MIN,13319,,30295.0,,2071937.0,69.0,UTEP,11763.0,33.0,27dd5b6e-ea65-4622-a6b4-460fd144407c,38.0,208.0,5.0,12388.0,,786344400.0,,,Jones,Aaron
Chuck Clark,BAL,2017,S,742417,NYJ,13322,,30299.0,,2071628.0,72.0,Virginia Tech,12010.0,36.0,1105ae60-a4b6-4246-a77e-0849179b07b2,2.0,209.0,6.0,12392.0,,798267600.0,,,Clark,Chuck
Xavier Woods,DAL,2017,S,733850,CAR,13325,,30304.0,,2060842.0,71.0,Louisiana Tech,12007.0,25.0,cd09c042-0bfc-4866-8d3f-a14ef4c3d7fc,7.0,200.0,6.0,12260.0,,806734800.0,,,Woods,Xavier
Alexander Armah,CAR,2017,RB,1049905,FA,13326,,30305.0,,2818312.0,73.0,West Georgia,12208.0,40.0,686cab35-6da0-4e10-ba65-0d1f97e0bc8b,8.0,255.0,6.0,12398.0,,769150800.0,4212884.0,,Armah,Alexander
D.J. Jones,SFO,2017,DT,865577,DEN,13332,DJ_Jones73,30310.0,,2180646.0,72.0,Mississippi,12209.0,93.0,d2e2b313-6769-48c6-a217-d167f04068df,14.0,305.0,6.0,12402.0,,790491600.0,3894915.0,,Jones,D.J.
Jeremiah Ledbetter,DET,2017,DT,867393,JAC,13336,,30317.0,,2180586.0,75.0,Arkansas,11927.0,99.0,02c7bde8-3715-462e-a268-95b3f2e19311,21.0,299.0,6.0,12407.0,,770533200.0,3892689.0,,Ledbetter,Jeremiah
Brandon Wilson,CIN,2017,S,699876,IND,13338,,30320.0,,2818314.0,70.0,Houston,12211.0,49.0,0bf5f31d-e2fe-441f-845e-7573cc21b22d,23.0,200.0,6.0,12409.0,,775285200.0,,,Wilson,Brandon
Rudy Ford,ARI,2017,S,746881,FA,13339,,30321.0,,2079866.0,72.0,Auburn,11989.0,20.0,b12174ec-fea9-4e05-b54f-c00e10920245,24.0,200.0,6.0,12410.0,,783666000.0,3051901.0,,Ford,Rudy
Ifeadi Odenigbo,MIN,2017,LB,691842,NYJ,13343,,30333.0,,1998504.0,75.0,Northwestern,11932.0,92.0,eb2c9e63-3a33-441e-aa95-462eaf97a371,2.0,258.0,7.0,12422.0,,765781200.0,,,Odenigbo,Ifeadi
Zane Gonzalez,CLE,2017,PK,732774,FA,13347,,30337.0,,2061033.0,72.0,Arizona State,11831.0,10.0,cd0f4ef0-9914-4125-be4d-804a72350ceb,6.0,200.0,7.0,12425.0,,799822800.0,,,Gonzalez,Zane
David Moore,SEA,2017,WR,1049915,CAR,13348,,30339.0,,2818351.0,72.0,East Central,12216.0,83.0,aecc1809-4628-4c3a-8b2b-c8f2858d2492,8.0,220.0,7.0,12427.0,,790146000.0,,,Moore,David
Harrison Butker,CAR,2017,PK,748560,KCC,13354,buttkicker7,30346.0,,2078888.0,76.0,Georgia Tech,11783.0,7.0,4ceb866c-8eaf-49b5-9043-56228e43a2e5,15.0,205.0,7.0,12433.0,,805698000.0,3055899.0,,Butker,Harrison
Tim Patrick,FA,2017,WR,838179,DET,13377,,30511.0,,2818910.0,76.0,Utah,12061.0,12.0,2a443351-5e63-4a49-819e-912b51a745f2,,212.0,,12501.0,,754030800.0,3134353.0,,Patrick,Tim
Matt Breida,FA,2017,RB,750097,FA,13378,,30552.0,,2819100.0,70.0,Georgia Southern,12289.0,28.0,6249d2c0-75dc-4586-943b-1c103a9eb419,,195.0,,12678.0,,793947600.0,3049916.0,,Breida,Matt
Ricky Seals-Jones,FA,2017,TE,744568,FA,13382,,30494.0,,2080003.0,77.0,Texas A&M,11876.0,83.0,52735659-a294-4f64-a7f4-3591450834e5,,243.0,,12463.0,,795243600.0,,,Seals-Jones,Ricky
Younghoe Koo,FA,2017,PK,750072,ATL,13403,,30426.0,,2820093.0,70.0,Georgia Southern,12292.0,6.0,a8c79523-3d0e-48dd-b4c6-e3d8afd24a13,,193.0,,12566.0,,775890000.0,,,Koo,Younghoe
Austin Ekeler,FA,2017,RB,790004,WAS,13404,,30423.0,,2820090.0,69.0,Western State,12401.0,30.0,e5b8c439-a48a-4f83-b63b-1a4d30e04cd3,,200.0,,12563.0,,800686800.0,,,Ekeler,Austin
Keelan Cole,FA,2017,WR,791008,FA,13412,,30396.0,,2820044.0,73.0,Kentucky Wesleyan,12388.0,84.0,a8c96abf-a911-47a0-ac16-dd51a8782b5e,,194.0,,12539.0,,735282000.0,,,Cole,Keelan
Mike Hilton,FA,2016,CB,694666,CIN,13414,,29510.0,,2000929.0,69.0,Mississippi,11473.0,21.0,972f93d7-158b-4464-b119-952f298cea52,,184.0,,11676.0,,763189200.0,,,Hilton,Mike
P.J. Walker,FA,2017,QB,749164,FA,13416,,30538.0,,2818659.0,71.0,Temple,12371.0,15.0,0666e6c6-42d9-40ab-83bd-7bbf81e9ac9c,,215.0,,12666.0,,793774800.0,3051308.0,,Walker,P.J.
Kendrick Bourne,FA,2017,WR,754412,NEP,13418,,30551.0,,2088428.0,73.0,Eastern Washington,11847.0,84.0,5aba3610-ab55-4922-ac46-806ded5eb8bf,,205.0,,12677.0,,807512400.0,3045523.0,,Bourne,Kendrick
Dylan Cole,FA,2017,LB,698529,FA,13423,,30799.0,,2820029.0,72.0,Missouri State,12410.0,55.0,1817f16b-5ff3-4d64-8d7a-f64e02f5a033,,240.0,,12483.0,,769323600.0,,,Cole,Dylan
Taysom Hill,FA,2017,QB,503184,NOS,13424,,30614.0,,2818935.0,74.0,Brigham Young,12063.0,7.0,3c8a55dd-20a8-4375-b711-49eb5e6e1d0e,,221.0,,12729.0,,651387600.0,2468609.0,,Hill,Taysom
Nicholas Morrow,FA,2017,LB,1050219,BUF,13426,,30633.0,,2819225.0,72.0,Greenville,12428.0,52.0,7c1a8ecd-e3e5-4123-b89f-36e58b99126f,,216.0,,12746.0,,805352400.0,,,Morrow,Nicholas
Robert Tonyan,FA,2017,TE,660151,FA,13427,,30777.0,,2820026.0,77.0,Indiana State,12389.0,85.0,7c9c7800-69d0-459b-812b-a07ac48e9f2a,,240.0,,12868.0,,767682000.0,2975674.0,,Tonyan,Robert
Matt Haack,FA,2017,PN,732776,FA,13430,,30641.0,,,72.0,Arizona State,12402.0,15.0,9164fac3-2540-4f64-ba29-96fb0ce1c7eb,,205.0,,12753.0,,775112400.0,3043237.0,,Haack,Matt
Rigoberto Sanchez,FA,2017,PN,886184,IND,13431,,30534.0,,2818657.0,72.0,Hawai'i,12390.0,8.0,8237c04f-a1c4-4c31-b5de-3afb3c81389f,,195.0,,12663.0,,779000400.0,,,Sanchez,Rigoberto
Roy Robertson-Harris,FA,2016,DT,609989,JAC,13434,,29920.0,,1892155.0,77.0,UTEP,11356.0,95.0,36248cd5-f747-4960-b66a-a5d4f481e098,,290.0,,11650.0,,743403600.0,,,Robertson-Harris,Roy
Eric Wilson,FA,2017,LB,691858,GBP,13447,,30448.0,,2818956.0,73.0,Cincinnati,12360.0,45.0,bfe704fc-266d-4f6a-afbf-c903b5934e23,,230.0,,12585.0,,780555600.0,,,Wilson,Eric
Adam Butler,FA,2017,DT,690808,LVR,13448,,30655.0,,2818958.0,77.0,Vanderbilt,12141.0,69.0,54814199-dd18-408f-9dc4-ce59a121431b,,300.0,,12765.0,,766126800.0,2972342.0,,Butler,Adam
Patrick Ricard,FA,2017,RB,658389,BAL,13455,,30592.0,,2818911.0,75.0,Maine,12298.0,42.0,cb68b95f-ef6f-4e5e-b861-8bfe6cfeacf5,,300.0,,12707.0,,770014800.0,,,Ricard,Patrick
Kenny Moore,FA,2017,CB,1050229,IND,13470,KennyMoore1,30669.0,,2818965.0,69.0,Valdosta State,12431.0,23.0,cbfb7144-357e-4feb-82d7-a6104fdbf908,,190.0,,12775.0,,809154000.0,,,Moore,Kenny
Michael Davis,FA,2017,CB,750714,WAS,13479,,30422.0,,2820088.0,74.0,Brigham Young,12357.0,24.0,86099301-67d0-4370-8e42-d14f34bbbb91,,196.0,,12562.0,,789368400.0,,,Davis,Michael
Zach Pascal,FA,2017,WR,658447,ARI,13488,,30502.0,,1989197.0,74.0,Old Dominion,11868.0,3.0,7fc949b6-a1cb-4f9d-a06d-b65773409a44,,215.0,,12635.0,,787726800.0,,,Pascal,Zach
Art Maulet,FA,2017,CB,880396,BAL,13547,,30415.0,,2819458.0,69.0,Memphis,12026.0,10.0,bf21bd83-9c97-4faf-97be-859f033848e2,,190.0,,12468.0,,742539600.0,,,Maulet,Art
Brandon Zylstra,FA,2018,WR,916610,FA,13585,,30959.0,,2914676.0,74.0,Concordia,12533.0,16.0,3885b40b-c31b-4cd6-a0fd-3d24bede2771,,215.0,,13056.0,,733035600.0,,,Zylstra,Brandon
Josh Allen,BUF,2018,QB,868199,BUF,13589,,30977.0,,2181054.0,77.0,Wyoming,12483.0,17.0,3069db07-aa43-4503-ab11-2ae5c0002721,7.0,237.0,1.0,13045.0,,832654800.0,3918298.0,,Allen,Josh
Baker Mayfield,CLE,2018,QB,748070,TBB,13590,,30971.0,,2080032.0,73.0,Oklahoma,12619.0,6.0,30198d30-9769-4e10-ac86-b4c91d940802,1.0,215.0,1.0,13072.0,,797835600.0,,,Mayfield,Baker
Sam Darnold,NYJ,2018,QB,880026,MIN,13592,,30973.0,,2180320.0,75.0,USC,12490.0,14.0,13d826c5-9b22-4e0a-a877-02d8c84c546b,3.0,225.0,1.0,13058.0,,865486800.0,,,Darnold,Sam
Lamar Jackson,FA,2018,QB,877745,BAL,13593,,31002.0,,2181169.0,74.0,Louisville,12561.0,8.0,e06a9c07-453a-4bb0-a7e9-2c3a64166dad,32.0,205.0,1.0,13059.0,,852613200.0,,,Jackson,Lamar
Mason Rudolph,PIT,2018,QB,823220,TEN,13595,,31046.0,,2131167.0,77.0,Oklahoma State,12629.0,11.0,be4ca0ad-f3d6-4b98-a37f-79d0cbc06390,12.0,235.0,3.0,13075.0,,805957200.0,,,Rudolph,Mason
Mike White,DAL,2018,QB,741785,BUF,13598,,31141.0,,2072143.0,77.0,Western Kentucky,12826.0,14.0,f4808328-86e9-459d-a2bc-18e90c7d211e,34.0,216.0,5.0,13188.0,,796107600.0,3051381.0,,White,Mike
Saquon Barkley,NYG,2018,RB,883302,PHI,13604,,30972.0,,2185957.0,72.0,Penn State,12507.0,26.0,9811b753-347c-467a-b3cb-85937e71e2b9,2.0,233.0,1.0,13048.0,,855291600.0,,,Barkley,Saquon
Ronald Jones,TBB,2018,RB,880033,FA,13606,,31008.0,,2180329.0,71.0,USC,12566.0,32.0,15965c39-17be-4338-911a-8f337f48a3ce,6.0,208.0,2.0,13061.0,,870584400.0,,,Jones,Ronald
Rashaad Penny,SEA,2018,RB,840691,FA,13608,,30997.0,,2144893.0,71.0,San Diego State,12830.0,28.0,2b119688-83b5-4d19-acbf-fa2087035fae,27.0,220.0,1.0,13143.0,,823237200.0,3139925.0,,Penny,Rashaad
Nick Chubb,CLE,2018,RB,822857,CLE,13610,,31005.0,,2131579.0,71.0,Georgia,12886.0,24.0,4bd60b33-9fbf-4156-ba2b-8264ac37b418,3.0,227.0,2.0,13161.0,,820040400.0,3128720.0,,Chubb,Nick
Royce Freeman,DEN,2018,RB,835779,FA,13617,,31041.0,,2139588.0,72.0,Oregon,12892.0,27.0,82f459c4-bf23-4d60-9eb6-b062994f5517,7.0,238.0,3.0,13172.0,,825138000.0,,,Freeman,Royce
John Kelly,LAR,2018,RB,879766,BAL,13619,,31145.0,,2180519.0,70.0,Tennessee,12555.0,41.0,27156b0b-e82d-4d02-8a04-ca1891d77110,2.0,205.0,6.0,13212.0,,844405200.0,3915381.0,,Kelly,John
Nyheim Hines,IND,2018,RB,880146,CLE,13622,,31074.0,,2183832.0,69.0,North Carolina State,12630.0,22.0,ed5bcd2c-6335-4c0b-93b7-2116684a9b02,4.0,196.0,4.0,13209.0,,847774800.0,3916430.0,,Hines,Nyheim
Darrel Williams,FA,2018,RB,822038,FA,13623,,31500.0,,2131714.0,71.0,LSU,12839.0,24.0,c2a19a09-74a2-4ace-8cc3-6dfb65070a70,,224.0,,13668.0,,797922000.0,,,Williams,Darrel
Calvin Ridley,ATL,2018,WR,884013,TEN,13629,,30996.0,,2186328.0,73.0,Alabama,12616.0,,926e2674-52d6-4cec-9991-46ee85cc8cfd,26.0,190.0,1.0,13137.0,,787899600.0,,,Ridley,Calvin
Courtland Sutton,DEN,2018,WR,838878,DEN,13630,,31010.0,,2218461.0,76.0,SMU,12586.0,14.0,b55ae5ba-593f-4560-9cab-14e10698e01d,8.0,216.0,2.0,13129.0,,813301200.0,3128429.0,,Sutton,Courtland
James Washington,PIT,2018,WR,835437,FA,13631,,31030.0,,2146188.0,71.0,Oklahoma State,12838.0,83.0,814aa074-fc61-4649-b7a1-098bd3a199fd,28.0,213.0,2.0,13153.0,,828421200.0,3122449.0,,Washington,James
Allen Lazard,FA,2018,WR,837958,NYJ,13632,,31268.0,,2141655.0,77.0,Iowa State,12628.0,10.0,6a23db75-021b-4808-99e6-21a33d34202b,,227.0,,13226.0,,818658000.0,,,Lazard,Allen
Christian Kirk,ARI,2018,WR,865801,JAC,13633,,31017.0,,2180820.0,71.0,Texas A&M,12508.0,13.0,ebcd87ce-218c-4144-810b-921c2f59d6e8,15.0,200.0,2.0,13095.0,,848293200.0,,,Kirk,Christian
Dante Pettis,SFO,2018,WR,837820,FA,13634,,31014.0,,2139642.0,73.0,Washington,12884.0,81.0,20d16690-560b-4a01-af20-8870ef07ea70,12.0,195.0,2.0,13160.0,,814424400.0,3127306.0,,Pettis,Dante
D.J. Moore,CAR,2018,WR,877790,CHI,13635,,30994.0,,2179328.0,71.0,Maryland,12477.0,2.0,d8202e6d-d03b-4cd1-a793-ff8fd39d9755,24.0,210.0,1.0,13114.0,,860994000.0,3915416.0,,Moore,D.J.
Equanimeous St. Brown,GBP,2018,WR,884601,FA,13637,,31177.0,,2186674.0,77.0,Notre Dame,12560.0,13.0,0b97067d-9e06-4ec0-97b2-e1cb491e12a6,33.0,214.0,6.0,13145.0,,844059600.0,3932442.0,,St. Brown,Equanimeous
Braxton Berrios,NEP,2018,WR,820866,MIA,13638,,31180.0,,2130981.0,69.0,Miami,12771.0,10.0,18f0bd30-1432-4fae-9cb4-c212bad6d0bb,36.0,185.0,6.0,13308.0,,812955600.0,,,Berrios,Braxton
Anthony Miller,CHI,2018,WR,749136,FA,13639,,31021.0,,2082810.0,71.0,Memphis,12763.0,17.0,bfaedf99-7618-4925-b362-90415c22a3b6,19.0,190.0,2.0,13152.0,,781678800.0,,,Miller,Anthony
Ray-Ray McCloud,FA,2018,WR,0,ATL,13641,,31157.0,,2179226.0,69.0,Clemson,12570.0,34.0,f7ff7599-a175-4a0c-b887-3ae9e596fc64,13.0,190.0,6.0,13289.0,,845355600.0,,,McCloud,Ray-Ray
Tre'Quan Smith,NOS,2018,WR,838415,DET,13645,,31061.0,,2142731.0,74.0,Central Florida,12567.0,10.0,c65b8d70-ac93-4782-996a-ef96fd11047c,27.0,210.0,3.0,13196.0,,820990800.0,3128451.0,,Smith,Tre'Quan
Michael Gallup,DAL,2018,WR,912070,FA,13646,,31051.0,,2240415.0,73.0,Colorado State,12810.0,10.0,9e174ff2-ca0e-4e6b-96f7-90f0088f7edd,17.0,205.0,3.0,13149.0,,825915600.0,4036348.0,,Gallup,Michael
Cedrick Wilson,DAL,2018,WR,912061,NOS,13652,,31178.0,,2240685.0,74.0,Boise State,12773.0,11.0,a964f59b-af2b-48e1-b64d-c376cc1d8c28,34.0,197.0,6.0,13202.0,,816843600.0,,,Wilson,Cedrick
Keke Coutee,HOU,2018,WR,882929,FA,13662,,31073.0,,2185733.0,71.0,Texas Tech,12484.0,16.0,40caae08-0389-4c59-b796-d924047f57f9,3.0,187.0,4.0,13205.0,,853218000.0,,,Coutee,Keke
Daurice Fountain,IND,2018,WR,830751,FA,13666,,31129.0,,2136930.0,74.0,Northern Iowa,12672.0,12.0,5226f6a9-a6af-45f9-93ec-669542f3cfc9,22.0,210.0,5.0,13222.0,,819608400.0,3120659.0,,Fountain,Daurice
D.J. Chark,JAC,2018,WR,822008,LAC,13668,,31031.0,,2131689.0,75.0,LSU,12820.0,9.0,c2a7bd8a-d141-423a-8810-0988a59ff0b4,29.0,200.0,2.0,13096.0,,843454800.0,3115394.0,,Chark,D.J.
Mark Andrews,BAL,2018,TE,820699,BAL,13671,,31056.0,,2131121.0,77.0,Oklahoma,12559.0,89.0,0618f387-9b72-4270-8b8f-dec4cccc9e4a,22.0,250.0,3.0,13182.0,,810363600.0,,,Andrews,Mark
Mike Gesicki,MIA,2018,TE,836152,CIN,13672,,31012.0,,2139298.0,78.0,Penn State,12764.0,88.0,1012cbe0-7eba-4169-bfca-183a0204e1a7,10.0,252.0,2.0,13104.0,,812696400.0,,,Gesicki,Mike
Dallas Goedert,PHI,2018,TE,791365,PHI,13674,,31019.0,,2132551.0,77.0,South Dakota State,12860.0,88.0,e8029983-87cf-49a2-bc04-04c8233a0630,17.0,256.0,2.0,13151.0,,789109200.0,,,Goedert,Dallas
Tyler Conklin,MIN,2018,TE,861278,NYJ,13675,,31127.0,,2165249.0,75.0,Central Michigan,12809.0,83.0,f0d17dfa-ebf3-416c-a8d2-c6bc30675103,20.0,248.0,5.0,13220.0,,807080400.0,3915486.0,,Conklin,Tyler
Durham Smythe,MIA,2018,TE,749968,MIA,13676,,31093.0,,2082845.0,78.0,Notre Dame,12807.0,81.0,7e42a22a-c47b-4387-aeeb-2cc2e76dc1d8,23.0,246.0,4.0,13249.0,,807944400.0,,,Smythe,Durham
Ian Thomas,CAR,2018,TE,943093,CAR,13678,,31071.0,,2253359.0,76.0,Indiana,12858.0,80.0,ed8a8fd2-df67-45e7-a34f-984afb82f6ea,1.0,260.0,4.0,13163.0,,834037200.0,4045305.0,,Thomas,Ian
Hayden Hurst,BAL,2018,TE,881956,LAC,13680,,30995.0,,2185053.0,76.0,South Carolina,12467.0,88.0,1b125fc4-5dd9-4eb9-a42f-048e61ca42b7,25.0,245.0,1.0,13098.0,,746168400.0,,,Hurst,Hayden
Bradley Chubb,DEN,2018,DE,832398,MIA,13681,,30975.0,,2136439.0,76.0,North Carolina State,12877.0,2.0,66313049-299d-4e58-beb9-8e051ab6548a,5.0,268.0,1.0,13103.0,,835592400.0,3116733.0,,Chubb,Bradley
Arden Key,FA,2018,DE,865568,TEN,13682,,31057.0,,2180628.0,77.0,LSU,12545.0,49.0,acc85868-4848-4de3-8e6f-5427e93c8d80,23.0,240.0,3.0,13117.0,,831099600.0,3843843.0,,Key,Arden
Da'Shawn Hand,DET,2018,DT,835803,MIA,13683,,31084.0,,2139772.0,75.0,Alabama,12821.0,91.0,e4114f9d-80da-4e39-bd12-cd9cf2c0d720,14.0,302.0,4.0,13176.0,,816325200.0,,,Hand,Da'Shawn
Sam Hubbard,CIN,2018,DE,836107,CIN,13684,,31047.0,,2139274.0,77.0,Ohio State,12495.0,94.0,17d1f9ee-f65e-4c4d-bf73-a69b2fa17877,13.0,265.0,3.0,13146.0,,804402000.0,,,Hubbard,Sam
Ogbonnia Okoronkwo,LAR,2018,DE,747990,CLE,13685,,31130.0,,,74.0,Oklahoma,12788.0,54.0,eacc232b-701d-4a67-9ce5-61b9b931fd42,23.0,250.0,5.0,13179.0,,798699600.0,,,Okoronkwo,Ogbonnia
Tyquan Lewis,IND,2018,DE,728325,IND,13687,,31034.0,,2060775.0,75.0,Ohio State,12800.0,94.0,7b06a505-ea09-4f2a-adad-f0f1c9b3ebc9,32.0,267.0,2.0,13201.0,,791442000.0,,,Lewis,Tyquan
Marcus Davenport,NOS,2018,DE,835478,DET,13688,,30984.0,,2141036.0,78.0,Texas-San Antonio,12863.0,92.0,9c2c9c29-516a-4e0f-8dcd-319291823370,14.0,265.0,1.0,13141.0,,841813200.0,3124058.0,,Davenport,Marcus
Josh Sweat,PHI,2018,DE,867049,PHI,13690,,31101.0,,2179277.0,77.0,Florida State,12546.0,19.0,66a67b5d-500d-46e8-90c6-e2f127d38190,30.0,265.0,4.0,13132.0,,859611600.0,,,Sweat,Josh
Maurice Hurst,FA,2018,DT,740756,CLE,13691,,31110.0,,2071721.0,74.0,Michigan,12878.0,90.0,81b159d5-86ac-4130-a87d-dbd5e0b211b3,3.0,290.0,5.0,13097.0,,799995600.0,3045220.0,,Hurst,Maurice
Vita Vea,TBB,2018,DT,838183,TBB,13692,,30982.0,,2141907.0,76.0,Washington,12500.0,50.0,503eb9a7-83ed-4b96-b0f2-7afe4920bde9,12.0,347.0,1.0,13127.0,,791960400.0,,,Vea,Vita
Harrison Phillips,BUF,2018,DT,830522,MIN,13693,,31066.0,,2136747.0,75.0,Stanford,12551.0,97.0,840b2183-02bc-4a2a-b415-c62ceecca1b2,32.0,307.0,3.0,13177.0,,822546000.0,,,Phillips,Harrison
Tim Settle,WAS,2018,DT,883994,HOU,13694,,31133.0,,2186283.0,75.0,Virginia Tech,12544.0,98.0,8442c8f8-7fbb-4a0b-8407-355c2dfdf72c,26.0,313.0,5.0,13171.0,,868597200.0,,,Settle,Tim
Taven Bryan,JAC,2018,DT,820420,IND,13695,,30999.0,,2131567.0,76.0,Florida,12470.0,96.0,3971d35c-17f6-400e-8970-86bbf92cc744,29.0,291.0,1.0,13123.0,,826520400.0,,,Bryan,Taven
Roquan Smith,CHI,2018,LB,879092,BAL,13696,,30978.0,,2180472.0,73.0,Georgia,12644.0,,3291c582-9377-4bc2-8ee5-61d887873797,8.0,230.0,1.0,13113.0,roquansmith/2560877,860475600.0,3915189.0,,Smith,Roquan
Tremaine Edmunds,BUF,2018,LB,883981,CHI,13697,,30986.0,,2186270.0,77.0,Virginia Tech,12612.0,49.0,88976fed-0ffd-40a8-98ea-0c6c55010000,16.0,250.0,1.0,13121.0,,894085200.0,,,Edmunds,Tremaine
Malik Jefferson,CIN,2018,LB,867820,FA,13698,,31048.0,,2180788.0,74.0,Texas,12506.0,52.0,c3e579cc-6693-47c4-91a9-b688935ae048,14.0,241.0,3.0,13142.0,,848034000.0,3821576.0,,Jefferson,Malik
Rashaan Evans,TEN,2018,LB,835801,FA,13699,,30992.0,,2139770.0,74.0,Alabama,12879.0,32.0,0813c5eb-608c-4a6d-8bfb-ed3538767e90,22.0,232.0,1.0,13126.0,,847429200.0,,,Evans,Rashaan
Harold Landry,TEN,2018,DE,824211,TEN,13700,,31011.0,,2130978.0,74.0,Boston College,12883.0,58.0,60d5e71e-e127-463b-8e6b-26a7dac3db76,9.0,252.0,2.0,13119.0,,833950800.0,,,Landry,Harold
Josey Jewell,DEN,2018,LB,740719,CAR,13702,,31076.0,,2071690.0,73.0,Iowa,12968.0,47.0,a473e7a2-8f31-43ad-b87f-c39e6635f1b0,6.0,236.0,4.0,13155.0,,788331600.0,,,Jewell,Josey
Lorenzo Carter,NYG,2018,DE,837831,ATL,13703,,31036.0,,2139696.0,77.0,Georgia,12921.0,9.0,074acf5e-748f-4d42-9875-0090f1480bec,2.0,264.0,3.0,13157.0,,818571600.0,,,Carter,Lorenzo
Uchenna Nwosu,LAC,2018,DE,835906,SEA,13704,,31018.0,,2139618.0,74.0,USC,12844.0,10.0,40941261-cfd0-4e8d-b895-21fb7e20b407,16.0,251.0,2.0,13185.0,,851749200.0,,,Nwosu,Uchenna
Jerome Baker,MIA,2018,LB,878787,SEA,13706,,31043.0,,2179794.0,74.0,Ohio State,12596.0,17.0,53e7c80e-8bf9-4ab2-ab3e-80cb556ea784,9.0,232.0,3.0,13225.0,,851490000.0,3915507.0,,Baker,Jerome
Denzel Ward,CLE,2018,CB,878783,CLE,13707,,30974.0,,2179829.0,71.0,Ohio State,12572.0,21.0,aefdc3d3-0851-4782-b298-f06f137d42c9,4.0,190.0,1.0,13124.0,,862203600.0,,,Ward,Denzel
Isaiah Oliver,ATL,2018,S,882705,NYJ,13709,,31028.0,,2185537.0,72.0,Colorado,12581.0,23.0,83d45661-2687-4ca9-ac45-91beac7b7082,26.0,202.0,2.0,13135.0,,844059600.0,3915437.0,,Oliver,Isaiah
Carlton Davis,TBB,2018,CB,880536,DET,13710,,31033.0,,2183962.0,73.0,Auburn,12531.0,23.0,2df83b38-7b2b-4aea-91ee-bfc5974486a1,31.0,206.0,2.0,13138.0,,852008400.0,3916923.0,,Davis,Carlton
Levi Wallace,FA,2018,CB,843819,DEN,13711,,31603.0,,2146458.0,72.0,Alabama,12843.0,39.0,3cd88d26-6c80-47a1-a044-9164fa96459a,,179.0,,13385.0,,802933200.0,,,Wallace,Levi
Minkah Fitzpatrick,MIA,2018,S,884043,PIT,13713,,30981.0,,2186316.0,73.0,Alabama,12624.0,39.0,1aede0b9-557c-444d-9a2f-4cc690e1563c,11.0,207.0,1.0,13115.0,,848206800.0,,,Fitzpatrick,Minkah
Derwin James,LAC,2018,S,867045,LAC,13714,,30987.0,,2179267.0,74.0,Florida State,12464.0,3.0,01c52412-7257-4213-b8b3-effa7c5dd5c7,17.0,215.0,1.0,13120.0,,839048400.0,,,James,Derwin
Ronnie Harrison,JAC,2018,S,868088,FA,13715,,31063.0,,2180568.0,74.0,Alabama,12625.0,48.0,9b96ef63-04bd-41ae-b59c-acc0f2561d19,29.0,207.0,3.0,13147.0,,861339600.0,3859006.0,,Harrison,Ronnie
Terrell Edmunds,PIT,2018,S,836934,PIT,13716,,30998.0,,2139162.0,73.0,Virginia Tech,12613.0,45.0,e4739abd-d524-4857-85fc-ed4845462817,28.0,217.0,1.0,13211.0,terrelledmunds/2560712,853736400.0,3124067.0,,Edmunds,Terrell
Justin Reid,HOU,2018,S,884954,KCC,13717,,31038.0,,2186838.0,73.0,Stanford,12606.0,20.0,bb9db665-7f9f-425d-9e4b-df78c65c8b97,4.0,207.0,3.0,13133.0,,855982800.0,3931399.0,,Reid,Justin
Daniel Carlson,MIN,2018,PK,744439,LVR,13718,,31137.0,,2079862.0,77.0,Auburn,12842.0,2.0,7bb70550-c28a-4e47-9a13-cc0c0fef8b38,30.0,215.0,5.0,13275.0,,790837200.0,,,Carlson,Daniel
Eddy Pineiro,CHI,2018,PK,910383,CAR,13719,,31482.0,,2221833.0,71.0,Florida,12582.0,4.0,1c50997f-c56e-47f9-a750-33ab100ed28b,,190.0,,13655.0,,810968400.0,,,Pineiro,Eddy
Da'Ron Payne,WAS,2018,DT,884053,WAS,13723,,30983.0,,2186325.0,75.0,Alabama,12618.0,94.0,0a1be8da-5839-4768-bfe5-9fec74908268,13.0,320.0,1.0,13130.0,,864709200.0,,,Payne,Da'Ron
Richie James,SFO,2018,WR,822644,FA,13724,,31210.0,,2132282.0,69.0,Middle Tennessee State,12579.0,17.0,4aae1781-1eec-48c0-b41f-e4fee61c3c32,22.0,185.0,7.0,13336.0,,797058000.0,,,James,Richie
Chase Edmonds,ARI,2018,RB,832900,TBB,13726,,31104.0,,2137507.0,69.0,Fordham,12667.0,22.0,d8d9b161-7ef4-42bf-89b7-7edf806a0ad1,34.0,201.0,4.0,13255.0,,829371600.0,3119195.0,,Edmonds,Chase
Leighton Vander Esch,DAL,2018,LB,838540,FA,13727,,30989.0,,2142424.0,76.0,Boise State,12479.0,55.0,b6ab79d0-cbb6-4e2c-8a9d-2e4a092325bc,19.0,256.0,1.0,13118.0,,855464400.0,,,Vander Esch,Leighton
Jaire Alexander,GBP,2018,CB,868006,GBP,13730,,30988.0,,2181152.0,70.0,Louisville,12549.0,23.0,db9fa46f-f0f6-40b8-a207-60d46173d7e1,18.0,196.0,1.0,13125.0,,855464400.0,,,Alexander,Jaire
Mike Hughes,MIN,2018,CB,866055,ATL,13731,,31000.0,,2179346.0,70.0,Central Florida,12590.0,21.0,1f181c47-ad84-4758-a295-4c4f5c56120f,30.0,191.0,1.0,13131.0,,855637200.0,3895841.0,,Hughes,Mike
Shaquille Leonard,IND,2018,LB,786728,FA,13733,,31006.0,,2093164.0,74.0,South Carolina State,12845.0,50.0,f9a138e3-829d-442f-8345-43d1cdbac225,4.0,234.0,2.0,13193.0,,806821200.0,,,Leonard,Shaquille
M.J. Stewart,TBB,2018,S,823096,HOU,13736,,31023.0,,2130954.0,71.0,North Carolina,12836.0,29.0,3d405d21-bfdd-4495-afe3-9e96d1972ee2,21.0,205.0,2.0,13166.0,,811227600.0,,,Stewart,M.J.
Jessie Bates,CIN,2018,S,884318,ATL,13737,,31024.0,,2186390.0,73.0,Wake Forest,12564.0,3.0,89c84a59-18ad-4aeb-8879-d4ba7dd1491e,22.0,200.0,2.0,13136.0,,856933200.0,3919512.0,,Bates,Jessie
Donte Jackson,CAR,2018,CB,865566,PIT,13738,,31025.0,,2180625.0,70.0,LSU,12610.0,26.0,9dc1308a-5cf2-45c1-b5ad-fc64fff3e94f,23.0,180.0,2.0,13144.0,,815806800.0,,,Jackson,Donte
B.J. Hill,NYG,2018,DT,820878,CIN,13742,,31039.0,,2146581.0,75.0,North Carolina State,12815.0,92.0,5c24d0c5-076c-4db5-9bd0-e67f7c42ad50,5.0,311.0,3.0,13194.0,,798354000.0,,,Hill,B.J.
Fred Warner,SFO,2018,LB,839576,SFO,13743,,31040.0,,2142098.0,75.0,BYU,12769.0,54.0,75a74283-5ab6-49d4-bf2f-e6fcaf91ec36,6.0,230.0,3.0,13159.0,,848379600.0,,,Warner,Fred
Nathan Shepherd,NYJ,2018,DT,1107500,NOS,13744,,31042.0,,2913945.0,76.0,Fort Hays State,12814.0,93.0,4be6de2f-0a6c-43fc-a91f-d01cdb5dca6c,8.0,315.0,3.0,13184.0,,725864400.0,,,Shepherd,Nathan
Derrick Nnadi,KCC,2018,DT,835001,KCC,13745,,31045.0,,2138996.0,73.0,Florida State,12971.0,91.0,a1182eb3-26cb-4d34-b29a-df673973f08b,11.0,317.0,3.0,13233.0,,831618000.0,3122930.0,,Nnadi,Derrick
Rasheem Green,SEA,2018,DE,880028,FA,13746,,31049.0,,2180323.0,76.0,USC,12632.0,97.0,9912fa7a-040d-40cf-99b5-0a7a28e0ba1a,15.0,279.0,3.0,13150.0,,863672400.0,3912562.0,,Green,Rasheem
Tracy Walker,DET,2018,S,736992,SFO,13747,,31052.0,,2064676.0,73.0,Louisiana-Lafayette,12747.0,21.0,6b8cdb8a-db1d-4a3f-85dc-37cedef65c0a,18.0,206.0,3.0,13234.0,,791614800.0,3042499.0,,Walker,Tracy
Justin Jones,LAC,2018,DT,832421,ARI,13748,,31054.0,,2146582.0,75.0,NC State,12785.0,93.0,c82a3f67-90b7-4cc8-ac3b-e6cf469cc541,20.0,309.0,3.0,13235.0,,808635600.0,,,Jones,Justin
Oren Burks,GBP,2018,LB,744650,PHI,13750,,31058.0,,2079819.0,75.0,Vanderbilt,12919.0,42.0,ab9bd5b1-eaf9-4f2d-8acd-fbc143980b17,24.0,233.0,3.0,13227.0,,795762000.0,3051746.0,,Burks,Oren
Tarvarius Moore,SFO,2018,S,914654,FA,13752,,31065.0,,2240631.0,74.0,Southern Miss,12985.0,30.0,55414554-e550-435e-a108-6047a9318e0a,31.0,200.0,3.0,13237.0,,840171600.0,4039278.0,,Moore,Tarvarius
Jordan Akins,HOU,2018,TE,838396,CLE,13753,,31068.0,,2142712.0,76.0,UCF,12568.0,88.0,0cb5a32a-a340-4671-ba2a-93f5fa6aee8d,34.0,245.0,3.0,13238.0,,703659600.0,,,Akins,Jordan
Isaac Yiadom,DEN,2018,CB,824196,SFO,13754,,31069.0,,2130980.0,73.0,Boston College,12778.0,22.0,5bde0a71-c7ec-465f-ad35-c195e1d10b29,35.0,232.0,3.0,13154.0,,824792400.0,,,Yiadom,Isaac
Jalyn Holmes,MIN,2018,DE,836105,NYJ,13755,,31072.0,,2139272.0,77.0,Ohio State,12812.0,97.0,9b8e379d-2362-415f-b51d-ec3b8bedda93,2.0,283.0,4.0,13240.0,,822546000.0,3121414.0,,Holmes,Jalyn
Dorance Armstrong,DAL,2018,DE,877584,WAS,13759,,31086.0,,2179534.0,76.0,Kansas,12548.0,92.0,a28daf84-6354-49e6-a047-1bc549997f29,16.0,255.0,4.0,13195.0,,865918800.0,,,Armstrong,Dorance
Jordan Whitehead,TBB,2018,S,879290,TBB,13760,,31087.0,,2179426.0,70.0,Pittsburgh,12641.0,3.0,4deb42ec-bece-4b00-b697-3caeff8c1997,17.0,198.0,4.0,13192.0,,858661200.0,,,Whitehead,Jordan
Kyzir White,LAC,2018,LB,919457,ARI,13762,,31089.0,,2243367.0,74.0,West Virginia,12787.0,7.0,c6303f3b-9c18-4afe-b0bf-d8270ca9db21,19.0,234.0,4.0,13245.0,,827643600.0,,,White,Kyzir
Will Dissly,SEA,2018,TE,837806,LAC,13763,,31090.0,,2139628.0,76.0,Washington,12986.0,81.0,383f4814-6836-4766-a297-fc063e8509cc,20.0,265.0,4.0,13246.0,,836802000.0,,,Dissly,Will
Taron Johnson,BUF,2018,CB,830021,BUF,13764,,31091.0,,2133716.0,71.0,Weber State,12784.0,7.0,3443dde2-23bc-4dba-b499-069d501a59cf,21.0,192.0,4.0,13247.0,,838443600.0,,,Johnson,Taron
Avonte Maddox,PHI,2018,CB,832463,PHI,13767,,31095.0,,2136493.0,69.0,Pittsburgh,12683.0,29.0,942b9da8-e0c6-4087-886b-370fe357f5f3,25.0,184.0,4.0,13251.0,,828248400.0,,,Maddox,Avonte
Kentavius Street,SFO,2018,DT,832247,ATL,13769,,31098.0,,2136453.0,74.0,North Carolina State,12752.0,93.0,eb864600-7562-491a-b7a7-9eb3068dba06,28.0,287.0,4.0,13105.0,,831531600.0,,,Street,Kentavius
John Franklin-Myers,LAR,2018,DT,835955,DEN,13770,,31105.0,,2140474.0,76.0,Stephen F. Austin,12972.0,98.0,e08d71dd-58d9-4295-bcf8-9a6faf59c333,35.0,288.0,4.0,13256.0,,843714000.0,,,Franklin-Myers,John
Marquis Haynes,CAR,2018,DE,820651,FA,13771,,31106.0,,2131726.0,74.0,Mississippi,12841.0,94.0,8a60686b-fdf6-4293-846e-92c1b1d586b9,36.0,235.0,4.0,13257.0,,756018000.0,3115456.0,,Haynes,Marquis
Dalton Schultz,DAL,2018,TE,830523,HOU,13772,,31107.0,,2136748.0,77.0,Stanford,12514.0,86.0,8caec1b4-e0b6-4a84-b8c8-617d6e91ef6a,37.0,242.0,4.0,13198.0,,837061200.0,,,Schultz,Dalton
D.J. Reed,SFO,2018,CB,946841,NYJ,13774,,31112.0,,2261288.0,69.0,Kansas State,12505.0,4.0,17664e93-8236-4eb0-9505-4e71f43b5a7d,5.0,188.0,5.0,13259.0,,847688400.0,,,Reed,D.J.
Ja'Whaun Bentley,NEP,2018,LB,830914,NEP,13775,,31113.0,,2136560.0,74.0,Purdue,12766.0,8.0,3164fc4b-b2ae-43b3-9ff1-1d5f744b9f88,6.0,250.0,5.0,13260.0,,840862800.0,,,Bentley,Ja'Whaun
Justin Watson,TBB,2018,WR,832220,KCC,13776,,31114.0,,2137198.0,74.0,Pennsylvania,12746.0,84.0,bdb77276-7191-4454-85c2-e1693a33d709,7.0,215.0,5.0,13208.0,,796971600.0,,,Watson,Justin
Bilal Nichols,CHI,2018,DT,839685,ARI,13777,,31115.0,,2142583.0,76.0,Delaware,12711.0,92.0,0a6c2bfc-19a4-47f9-ba60-74265af6e947,8.0,313.0,5.0,13261.0,,842677200.0,,,Nichols,Bilal
Tre Flowers,SEA,2018,CB,744889,JAC,13778,,31116.0,,2079182.0,75.0,Oklahoma State,12671.0,37.0,73c958ee-0d55-49e9-a613-f4475b444fd5,9.0,200.0,5.0,13262.0,,802069200.0,3046326.0,,Flowers,Tre
Genard Avery,CLE,2018,DE,838282,FA,13781,,31120.0,,2142208.0,72.0,Memphis,12916.0,92.0,a56b9958-2eb9-47d2-a50e-be8aeaea3eaf,13.0,250.0,5.0,13183.0,,798872400.0,3126204.0,,Avery,Genard
Michael Dickson,SEA,2018,PN,884283,SEA,13782,,31119.0,,,74.0,Texas,12481.0,4.0,d1ae3222-8892-49bc-bb3e-0bcd7c74522e,12.0,208.0,5.0,13265.0,,820731600.0,,,Dickson,Michael
Siran Neal,BUF,2018,CB,750324,MIA,13785,,31124.0,,2083380.0,72.0,Jacksonville State,12817.0,33.0,82100457-f4ee-4f24-8ca2-584bfdc85749,17.0,206.0,5.0,13268.0,,775976400.0,,,Neal,Siran
J.K. Scott,GBP,2018,PN,835815,LAC,13791,,31142.0,,2139783.0,77.0,Alabama,12822.0,16.0,5067e5ee-bae8-411e-bc05-011a88a3d954,35.0,208.0,5.0,13278.0,,815029200.0,,,Scott,J.K.
Marquez Valdes-Scantling,GBP,2018,WR,742382,BUF,13793,,31144.0,,2071540.0,76.0,South Florida,12934.0,81.0,e7f0a505-8060-403e-a3b3-9d4e88dda1dc,37.0,206.0,5.0,13280.0,,781765200.0,3051738.0,,Valdes-Scantling,Marquez
Foley Fatukasi,NYJ,2018,DT,741451,HOU,13798,,31150.0,,2071999.0,76.0,Connecticut,12670.0,91.0,acc3f3fc-12b7-40b6-b773-b73b2b10cf32,6.0,318.0,6.0,13284.0,,794293200.0,,,Fatukasi,Foley
Jake Martin,SEA,2018,DE,838315,CHI,13802,,31156.0,,2141626.0,74.0,Temple,12990.0,55.0,b7337487-017c-42f4-b500-6802a35efbfc,12.0,242.0,6.0,13288.0,,818658000.0,,,Martin,Jake
DeShon Elliott,BAL,2018,S,884284,PIT,13806,,31160.0,,2186486.0,72.0,Texas,12459.0,25.0,83128a20-392f-4ca7-878e-689c6e6dfbfc,16.0,210.0,6.0,13165.0,,852094800.0,,,Elliott,DeShon
Russell Gage,ATL,2018,WR,822014,FA,13809,,31164.0,,2131694.0,72.0,LSU,12992.0,6.0,4501e6f4-4683-4357-b241-8b4a0b6aae81,20.0,184.0,6.0,13295.0,,822286800.0,3115378.0,,Gage,Russell
Sebastian Joseph-Day,LAR,2018,DT,746185,TEN,13810,,31165.0,,,76.0,Rutgers,12993.0,69.0,21c60b9f-98f3-4b6f-8911-89aba2622347,21.0,310.0,6.0,13296.0,,795762000.0,,,Joseph-Day,Sebastian
Tremon Smith,KCC,2018,CB,843049,DEN,13811,,31166.0,,2161394.0,72.0,Central Arkansas,12994.0,1.0,aecd8785-d22b-43b4-bbff-76b7e4319ed6,22.0,190.0,6.0,13297.0,,837838800.0,,,Smith,Tremon
Foyesade Oluokun,ATL,2018,LB,786943,JAC,13813,,31170.0,,2093154.0,74.0,Yale,12995.0,23.0,0a415a08-ea30-40b2-aac9-42689e3e996a,26.0,230.0,6.0,13300.0,,807339600.0,,,Oluokun,Foyesade
Boston Scott,NOS,2018,RB,749635,FA,13814,,31171.0,,2079334.0,66.0,Louisiana Tech,12996.0,30.0,768f6afa-ba24-40d9-bdc1-3184bba2ec2b,27.0,204.0,6.0,13301.0,,798958800.0,3051439.0,,Scott,Boston
Alex McGough,SEA,2018,QB,824864,FA,13825,,31190.0,,2132602.0,75.0,Florida International,13003.0,2.0,b47fe0b2-e002-42a7-ab84-4b9e61adc9e3,2.0,214.0,7.0,13318.0,,816757200.0,3128843.0,,McGough,Alex
Matthew Adams,IND,2018,LB,831240,NYG,13826,,31191.0,,2136752.0,72.0,Houston,13000.0,49.0,73040fb2-2b26-444b-956e-df0927985bb2,3.0,230.0,7.0,13319.0,,818744400.0,,,Adams,Matthew
Jason Sanders,MIA,2018,PK,821895,MIA,13832,,31199.0,,2131909.0,71.0,New Mexico,13007.0,7.0,5ffb654f-0de5-424b-aa2f-ad511deb5b51,11.0,195.0,7.0,13326.0,,816498000.0,,,Sanders,Jason
Andre Smith,CAR,2018,LB,866045,FA,13836,,31204.0,,2179350.0,72.0,North Carolina,12498.0,23.0,f72d4897-8dd9-48d4-9da9-90deb4550d4f,16.0,240.0,7.0,13331.0,,861512400.0,3895831.0,,Smith,Andre
Zaire Franklin,IND,2018,LB,836219,IND,13837,,31205.0,,2139141.0,72.0,Syracuse,13010.0,44.0,b0ad00bc-3b30-41ce-8892-f8105e0943e2,17.0,235.0,7.0,13332.0,,836283600.0,,,Franklin,Zaire
Nick Bawden,DET,2018,RB,823811,FA,13838,,31207.0,,2131912.0,74.0,San Diego State,12828.0,48.0,452520cc-4921-47f1-8d6a-55f7cee8bb0c,19.0,245.0,7.0,13333.0,,835419600.0,3125232.0,,Bawden,Nick
Zach Sieler,BAL,2018,DT,1115236,MIA,13839,,31208.0,,2924468.0,78.0,Ferris State,13011.0,92.0,c85c0efc-3391-4a8e-b8a4-370b32fd09ce,20.0,300.0,7.0,13334.0,,810450000.0,,,Sieler,Zach
Greg Stroman,WAS,2018,CB,836977,FA,13840,,31211.0,,2139181.0,71.0,Virginia Tech,12751.0,27.0,4296dd5b-261c-4c64-b1e2-e2afcda719c5,23.0,180.0,7.0,13337.0,,826261200.0,,,Stroman,Greg
Logan Cooke,JAC,2018,PN,835495,JAC,13844,,31216.0,,,77.0,Mississippi State,13013.0,9.0,8301d82b-0ad1-4988-a978-2925e2ae9377,29.0,230.0,7.0,13343.0,,806907600.0,,,Cooke,Logan
Logan Woodside,CIN,2018,QB,732107,FA,13846,,31219.0,,2060999.0,73.0,Toledo,12949.0,11.0,ddff375b-365e-4af1-b9ae-58d03b1b1195,31.0,213.0,7.0,13348.0,,791182800.0,3042749.0,,Woodside,Logan
Cam Johnston,FA,2017,PN,0,PIT,13848,,30711.0,,2820081.0,71.0,Ohio State,11829.0,5.0,d2f6de91-089a-4845-9b90-bfbc00487444,,194.0,,12493.0,,698907600.0,3051397.0,,Johnston,Cam
Gus Edwards,FA,2018,RB,739799,LAC,13850,,31424.0,,2925410.0,73.0,Rutgers,13123.0,4.0,3ffc3993-461e-4477-9def-c9633b7feac1,,238.0,,13606.0,,797749200.0,,,Edwards,Gus
River Cracraft,FA,2017,WR,749681,MIA,13862,,30955.0,,2890282.0,72.0,Washington State,12447.0,85.0,6124c4d4-337b-4926-b3f8-d2feb1c16fa9,,198.0,,13054.0,,783666000.0,,,Cracraft,River
Byron Pringle,FA,2018,WR,913826,FA,13863,,31496.0,,2239646.0,73.0,Kansas State,12504.0,13.0,9e55ec9a-ce18-4b4b-b69f-e2d82c219846,,203.0,,13666.0,,753512400.0,4036416.0,,Pringle,Byron
Greg Ward,FA,2017,WR,741292,FA,13864,,30715.0,,2820084.0,71.0,Houston,11883.0,84.0,0832c8ad-0872-446f-ad6e-0e309e8443d1,,186.0,,12815.0,,805525200.0,3040035.0,,Ward,Greg
Mike Boone,FA,2018,RB,842181,CAR,13868,,31228.0,,2925551.0,70.0,Cincinnati,13067.0,34.0,9424475a-fba7-4bfd-b79c-f372ad28082a,,206.0,,13438.0,,804488400.0,3139033.0,,Boone,Mike
Corey Bojorquez,FA,2018,PN,912096,CLE,13869,,31727.0,,,72.0,New Mexico,13323.0,13.0,1073ac8d-d12f-4ad0-845d-5351503931bd,,217.0,,13857.0,,842590800.0,,,Bojorquez,Corey
Dontrell Hilliard,FA,2018,RB,821729,FA,13871,,31457.0,,2925536.0,71.0,Tulane,13135.0,40.0,ef21feb3-991e-42d7-bb16-8bc92f7894bf,,202.0,,13638.0,,793774800.0,,,Hilliard,Dontrell
Tim Boyle,FA,2018,QB,741447,FA,13873,,31431.0,,2071997.0,76.0,Eastern Kentucky,13109.0,16.0,d897b70f-29d9-477e-a72a-c9bfbadb70d3,,233.0,,13613.0,,781160400.0,3045169.0,,Boyle,Tim
Kyle Allen,FA,2018,QB,822350,PIT,13879,,31301.0,,2131782.0,75.0,Houston,12623.0,4.0,d2023f5b-f73b-43ad-a816-f10dadfdfaed,,210.0,,13495.0,,826261200.0,,,Allen,Kyle
Dan Arnold,FA,2017,TE,1053627,FA,13880,,30891.0,,2835170.0,78.0,Wisconsin-Platteville,12276.0,46.0,d479a777-b53b-4bbf-a8e4-0c1675ac48df,,240.0,,12972.0,,795243600.0,,,Arnold,Dan
Keith Kirkwood,FA,2018,WR,746244,FA,13882,,31517.0,,2925874.0,75.0,Temple,13019.0,87.0,430446f6-a74c-496b-8f49-4464e7d8149d,,210.0,,13686.0,,756882000.0,3046401.0,,Kirkwood,Keith
Dennis Gardeck,FA,2018,DE,1115401,ARI,13888,,31299.0,,2926501.0,72.0,Sioux Falls,13210.0,45.0,48700b7b-210c-4ced-9c57-3e21162e7752,,232.0,,13493.0,,776408400.0,,,Gardeck,Dennis
Trent Sherfield,FA,2018,WR,835861,MIN,13893,,31320.0,,2139758.0,73.0,Vanderbilt,13061.0,11.0,18ccb826-5584-4f6a-8434-cf9a3b927b0f,,206.0,,13513.0,,825310800.0,,,Sherfield,Trent
Cam Sims,FA,2018,WR,824541,FA,13895,,31405.0,,2925163.0,77.0,Alabama,13101.0,87.0,f4f11bc2-2fe6-4da8-a83c-63085788e789,,214.0,,13589.0,,820904400.0,3115314.0,,Sims,Cam
Greg Joseph,FA,2018,PK,833701,FA,13898,,31538.0,,2926810.0,72.0,Florida Atlantic,13266.0,2.0,a2aab80d-174c-4639-beac-e2b70bb3625f,,206.0,,13705.0,,775976400.0,3975763.0,,Joseph,Greg
Jason Cabinda,FA,2018,LB,836140,FA,13906,,31480.0,,2139293.0,73.0,Penn State,12662.0,45.0,da8694f7-3e30-4500-b890-bd28c7bc0ddc,,235.0,,13359.0,,827038800.0,,,Cabinda,Jason
Brett Maher,FA,2017,PK,462787,FA,13909,,27369.0,,1630817.0,72.0,Nebraska,9054.0,8.0,99c9de87-7fe1-4d5e-928e-586f48af2d79,,180.0,,9136.0,,627627600.0,16486.0,,Maher,Brett
Brandon Powell,FA,2018,WR,820435,MIN,13910,,31641.0,,2926490.0,68.0,Florida,13036.0,4.0,5ec01774-4a79-40aa-be4a-e33c71bd5bf4,,181.0,,13782.0,,842504400.0,,,Powell,Brandon
Ben Niemann,FA,2018,LB,844768,DET,13913,,31495.0,,2925872.0,74.0,Iowa,13179.0,51.0,46689e7b-4a03-463b-9978-1496ab89313e,,235.0,,13665.0,,806821200.0,3140643.0,,Niemann,Ben
Tre Herndon,FA,2018,CB,835853,FA,13914,,31262.0,,2139750.0,71.0,Vanderbilt,13040.0,23.0,3db8b3b4-d3f5-4b35-bc19-ee56ec6d29da,,185.0,,13462.0,,826002000.0,3122160.0,,Herndon,Tre
J.C. Jackson,FA,2018,CB,835198,FA,13917,,31650.0,,2926578.0,73.0,Maryland,12578.0,29.0,b590479c-79df-4505-be19-b0838574b434,,198.0,,13418.0,,816584400.0,3121649.0,,Jackson,J.C.
Danny Johnson,FA,2018,CB,843510,FA,13918,,31402.0,,2924882.0,69.0,Southern University,12834.0,36.0,3f178f8f-97fc-491c-ae5a-4c2544e611ef,,190.0,,13587.0,,816584400.0,,,Johnson,Danny
Anthony Firkser,FA,2018,TE,767297,NYJ,13919,,30571.0,,2818971.0,74.0,Harvard,12235.0,48.0,b0719e3d-199b-46e5-a2b4-1091f6fd5c0d,,241.0,,12691.0,,793170000.0,3049698.0,,Firkser,Anthony
Charvarius Ward,FA,2018,CB,912248,SFO,13920,,31293.0,,2926483.0,73.0,Middle Tennessee State,13257.0,7.0,04f6abef-834f-470e-9c15-8c0cc62fde4e,,196.0,,13488.0,,832222800.0,,,Ward,Charvarius
Chris Board,FA,2018,LB,748293,BAL,13926,,31750.0,,2081315.0,74.0,North Dakota State,13353.0,49.0,07247409-1cf8-4e67-a05b-15de83ca1bf9,,240.0,,13880.0,,806475600.0,,,Board,Chris
Matt Dickerson,FA,2018,DT,840781,FA,13927,,31612.0,,2144819.0,77.0,UCLA,12973.0,93.0,7bce07de-7179-459c-97a4-279fb53641a2,,298.0,,13431.0,,815893200.0,3134316.0,,Dickerson,Matt
Efe Obada,FA,2017,DE,868465,WAS,13929,,28386.0,,2171885.0,78.0,,10448.0,97.0,7d7aae3c-c186-4ded-bbaa-df05f697ef29,,265.0,,10446.0,,703141200.0,3734467.0,,Obada,Efe
Zeke Turner,FA,2018,LB,865971,HOU,13930,,31324.0,,2926514.0,74.0,Washington,13222.0,47.0,83849bc5-0b6c-4c76-b622-9c7042758e97,,214.0,,13517.0,,834296400.0,3894901.0,,Turner,Zeke
Poona Ford,FA,2018,DT,835441,LAC,13933,,31477.0,,2925442.0,71.0,Texas,12492.0,95.0,09b78e4f-e683-4c5d-b35e-35cc0dbbf7e5,,310.0,,13370.0,,816757200.0,,,Ford,Poona
Brandon Facyson,FA,2018,CB,728180,FA,13934,,31676.0,,2060535.0,74.0,Virginia Tech,12669.0,31.0,e11ce848-c797-460b-bb46-6b9ceae48542,,197.0,,13434.0,,779000400.0,3045458.0,,Facyson,Brandon
George Odum,FA,2018,S,742874,SFO,13939,,31373.0,,2925156.0,73.0,Central Arkansas,13094.0,30.0,b736f05a-38a5-47b4-aaab-734667967ac2,,202.0,,13558.0,,752302800.0,,,Odum,George
Johnny Mundt,FA,2017,TE,740704,MIN,13940,,30373.0,,2818622.0,76.0,Oregon,12316.0,86.0,6414998b-5831-44aa-8bd8-39e42a323c2c,,233.0,,12525.0,,785566800.0,,,Mundt,Johnny
J.T. Gray,FA,2018,S,835499,NOS,13942,,31411.0,,2139824.0,72.0,Mississippi State,13106.0,48.0,e0248ecc-27b4-4368-bf97-47a73cb41ec2,,202.0,,13593.0,,821941200.0,,,Gray,J.T.
Tae Davis,FA,2018,LB,834389,FA,13943,,31552.0,,2140279.0,72.0,Chattanooga,13276.0,33.0,b220a72d-6870-418a-98af-ef50632be774,,222.0,,13718.0,,839998800.0,3131775.0,,Davis,Tae
Frankie Luvu,FA,2018,LB,835933,WAS,13952,,31503.0,,2925877.0,75.0,Washington State,13159.0,4.0,717ebb17-f54f-4052-b9fb-af641a25ebe2,,236.0,,13673.0,,843109200.0,,,Luvu,Frankie
Tavierre Thomas,FA,2018,CB,1115407,TBB,13953,,31321.0,,2926511.0,70.0,Ferris State,13219.0,37.0,0a63f97d-9cc2-44d0-b65a-ac2e78db73f9,,205.0,,13514.0,,826520400.0,,,Thomas,Tavierre
Darious Williams,FA,2018,CB,838512,LAR,13959,,31422.0,,2925522.0,69.0,UAB,13132.0,24.0,a40a9b55-7850-4572-8197-f57a5354f921,,192.0,,13604.0,,732171600.0,4239833.0,,Williams,Darious
KhaDarel Hodge,FA,2018,WR,757521,ATL,13963,,31769.0,,2954080.0,74.0,Prairie View A&M,13418.0,12.0,6f124753-5c6c-454b-97c7-0f9b4d14e7c2,,208.0,,13899.0,,789109200.0,,,Hodge,KhaDarel
Josh Tupou,FA,2017,DT,694909,FA,13965,,30586.0,,2818925.0,75.0,Colorado,12183.0,69.0,1ad3e535-2b5c-48a8-82f0-c7a933d250f0,,350.0,,12701.0,,767854800.0,2979632.0,,Tupou,Josh
Nick Mullens,FA,2017,QB,748309,MIN,13968,,30563.0,,2819104.0,72.0,Southern Miss,12511.0,12.0,7738fea8-7ea2-4c4c-b589-bca90b070819,,210.0,,12684.0,,795762000.0,,,Mullens,Nick
Tony Brown,FA,2018,CB,824527,FA,13970,,31671.0,,2131645.0,72.0,Alabama,12906.0,38.0,d5a270bd-6f41-4637-ae09-d5534f1a4d3e,,200.0,,13355.0,,805611600.0,3115308.0,,Brown,Tony
Mike Badgley,FA,2018,PK,0,DET,13980,,31366.0,,2925140.0,70.0,Miami (FL),12775.0,17.0,375b0d7f-8d03-4111-8c1b-62907f0326a1,,188.0,,13410.0,,806907600.0,3123052.0,,Badgley,Mike
Robert Spillane,FA,2018,LB,821446,LVR,13987,,31708.0,,2926962.0,73.0,Western Michigan,13306.0,41.0,3b59e08c-0c3b-42c9-a4e2-9b79103ea715,,229.0,,13839.0,,818917200.0,,,Spillane,Robert
Ross Dwelley,FA,2018,TE,752665,ATL,13988,,31329.0,,2924888.0,77.0,San Diego,13030.0,85.0,70473218-5ae3-47b4-86fd-151e68f1e8b9,,235.0,,13522.0,,791096400.0,3120303.0,,Dwelley,Ross
Pharaoh Brown,FA,2017,TE,689689,SEA,13994,,30627.0,,2819155.0,77.0,Oregon,11887.0,86.0,6733b953-de77-44e5-acbf-c2d3a0940243,,246.0,,12737.0,,768027600.0,,,Brown,Pharaoh
Emmanuel Moseley,FA,2018,CB,820541,DET,13998,,31386.0,,2131637.0,71.0,Tennessee,13422.0,4.0,ae6a5f6b-20ac-4b44-9d05-b75634aa1199,,195.0,,13570.0,,827730000.0,,,Moseley,Emmanuel
Godwin Igwebuike,FA,2018,RB,742451,FA,14011,,31258.0,,2071750.0,72.0,Northwestern,12725.0,48.0,be8e5962-f2d9-4316-9fdf-212a95dbb590,,213.0,,13460.0,,779173200.0,3045238.0,,Igwebuike,Godwin
Mike Ford,FA,2018,CB,919491,CLE,14012,,31634.0,,2926800.0,72.0,Southeast Missouri State,13195.0,4.0,965df459-3f21-4a93-9a99-15559eb977a4,,195.0,,13408.0,,807512400.0,3050916.0,,Ford,Mike
Chandon Sullivan,FA,2018,CB,833597,PIT,14013,,31589.0,,2138011.0,71.0,Georgia State,12832.0,34.0,e669f022-4065-4ef7-b850-a90e8b2367c0,,189.0,,13423.0,,839394000.0,,,Sullivan,Chandon
Jeffery Wilson,FA,2018,RB,834195,MIA,14017,,31394.0,,2925161.0,72.0,North Texas,12932.0,23.0,72cf3127-3953-4fd8-8049-3de1b6fa9825,,205.0,,13578.0,,816498000.0,,,Wilson,Jeffery
Dee Delaney,FA,2018,S,749695,FA,14024,,31261.0,,2080878.0,71.0,Miami (FL),12666.0,29.0,5d61b458-9b4e-4016-9983-7add180b698d,,200.0,,13390.0,,793256400.0,3049726.0,,Delaney,Dee
Ryan Neal,FA,2018,S,831671,TBB,14028,,31576.0,,2136964.0,75.0,Southern Illinois,13282.0,23.0,67c2f38f-b568-4bcf-a40f-750cef707a05,,200.0,,13735.0,,819781200.0,,,Neal,Ryan
Jalen Davis,FA,2018,CB,834674,FA,14037,,31534.0,,2926535.0,70.0,Utah State,13263.0,35.0,57a21028-b3a1-494b-ade8-7e94c7108823,,190.0,,13701.0,,823237200.0,,,Davis,Jalen
Dallin Leavitt,FA,2018,S,750720,FA,14043,,31723.0,,2926966.0,70.0,Utah State,13318.0,6.0,c281fdc7-76a9-4734-a13d-19ad354c67db,,203.0,,13853.0,,776322000.0,,,Leavitt,Dallin
Matt LaFleur,FA,0,Coach,0,GBP,14050,,,,,,,,,8377599d-4d2e-4e47-b006-2270fabcd3fd,,,,12165.0,,,,,LaFleur,Matt
Zac Taylor,FA,0,Coach,0,CIN,14054,,,,,,,,,d757fce3-3b15-4dc6-9313-612df6439a14,,,,13962.0,,421390800.0,,,Taylor,Zac
Kyler Murray,ARI,2019,QB,879799,ARI,14056,,31833.0,,2180829.0,70.0,Oklahoma,13613.0,1.0,dd5a6b6e-ffae-45a5-b8e6-718a9251f374,1.0,207.0,1.0,13950.0,,870930000.0,,,Murray,Kyler
Drew Lock,DEN,2019,QB,882345,NYG,14057,,31874.0,,2185479.0,76.0,Missouri,13736.0,2.0,94325301-e0ad-4a9f-a0e5-ffec0f529be3,10.0,228.0,2.0,13992.0,,847602000.0,,,Lock,Drew
Daniel Jones,NYG,2019,QB,879981,NYG,14059,,31838.0,,2179245.0,77.0,Duke,13491.0,8.0,0042266b-cb28-4012-bfd2-06650badad97,6.0,230.0,1.0,13963.0,,864709200.0,,,Jones,Daniel
Tyree Jackson,FA,2019,TE,881048,FA,14060,,32415.0,,2184377.0,79.0,Buffalo,13551.0,84.0,2fc1c9f1-9e85-449a-9a87-fa8203e8e8f9,,249.0,,14047.0,,855291600.0,3916564.0,,Jackson,Tyree
Trace McSorley,BAL,2019,QB,836164,FA,14061,,32029.0,,2139306.0,72.0,Penn State,13752.0,19.0,d4d135fd-b710-4c12-9082-9d6e544b3f8d,24.0,202.0,6.0,14268.0,,809154000.0,3116172.0,,McSorley,Trace
Will Grier,CAR,2019,QB,820423,FA,14062,,31932.0,,2131571.0,73.0,West Virginia,13446.0,13.0,7905e9be-2f66-4ff5-a6e9-dbe281bf4822,36.0,220.0,3.0,13977.0,,796885200.0,3115252.0,,Grier,Will
Jarrett Stidham,NEP,2019,QB,865868,DEN,14063,,31965.0,,2180697.0,75.0,Auburn,13438.0,8.0,582fe465-135a-4901-beef-60aebce99067,31.0,215.0,4.0,13945.0,,839480400.0,,,Stidham,Jarrett
Brett Rypien,FA,2019,QB,866216,MIN,14065,,32221.0,,2181392.0,74.0,Boise State,13620.0,11.0,9ab44516-2a26-4049-b630-66539c7a5dfd,,202.0,,14049.0,,836888400.0,,,Rypien,Brett
Gardner Minshew,JAC,2019,QB,867303,LVR,14067,,32010.0,,2183083.0,73.0,Washington State,13741.0,15.0,dabb52c0-455b-48fe-996b-abf758120623,5.0,225.0,6.0,14235.0,,832222800.0,,,Minshew,Gardner
Easton Stick,LAC,2019,QB,831007,LAC,14069,,31998.0,,2137911.0,73.0,North Dakota State,13627.0,2.0,af291d43-a51f-44ce-b8ac-430ec68c78c8,28.0,224.0,5.0,14145.0,,811141200.0,,,Stick,Easton
David Montgomery,CHI,2019,RB,946739,DET,14071,,31905.0,,2261252.0,71.0,Iowa State,13556.0,5.0,1c9e1cd5-8cb1-4a15-a2c8-3a0c0fd5423c,9.0,224.0,3.0,13978.0,,865659600.0,,,Montgomery,David
Benny Snell,PIT,2019,RB,920062,FA,14072,,31954.0,,2245150.0,70.0,Kentucky,13453.0,24.0,74af3906-083e-49d1-b8c6-556101390381,20.0,224.0,4.0,13951.0,,888555600.0,,,Snell,Benny
Josh Jacobs,OAK,2019,RB,944416,GBP,14073,,31856.0,,2257876.0,70.0,Alabama,13582.0,8.0,61694ab9-b099-408e-b48d-6a643dd069ec,24.0,223.0,1.0,14026.0,,887173200.0,,,Jacobs,Josh
Damien Harris,NEP,2019,RB,884014,FA,14075,,31919.0,,2186318.0,71.0,Alabama,13636.0,22.0,59482736-ce42-4058-b68e-0f9f66eac2d9,23.0,213.0,3.0,14038.0,,855637200.0,,,Harris,Damien
Trayveon Williams,CIN,2019,RB,910605,CIN,14076,,32014.0,,2222046.0,68.0,Texas A&M,13548.0,32.0,478fcd24-2617-41d5-a900-b272aa6ef515,9.0,206.0,6.0,14042.0,,877150800.0,4035222.0,,Williams,Trayveon
Miles Sanders,PHI,2019,RB,924261,CAR,14079,,31885.0,,2251305.0,71.0,Penn State,13521.0,6.0,ef3ceaf4-b733-4e06-a7f4-a94fc67361c1,21.0,210.0,2.0,14040.0,,862462800.0,,,Sanders,Miles
Devin Singletary,BUF,2019,RB,916466,NYG,14080,,31906.0,,2241251.0,67.0,Florida Atlantic,13449.0,26.0,a961b0d4-5d7c-438e-90f0-2e1fa09f6c89,10.0,203.0,3.0,14043.0,,873262800.0,,,Singletary,Devin
Myles Gaskin,MIA,2019,RB,865895,MIN,14081,,32066.0,,2180360.0,70.0,Washington,13505.0,37.0,cad49098-1523-4e52-9f50-caa3423e1bb6,20.0,199.0,7.0,14044.0,,855982800.0,3886818.0,,Gaskin,Myles
Travis Homer,SEA,2019,RB,922484,CHI,14083,,32036.0,,2249831.0,70.0,Miami,13484.0,20.0,4afb77d8-4564-469b-be4c-5a8587df8046,31.0,202.0,6.0,14272.0,,902466000.0,,,Homer,Travis
Tony Pollard,DAL,2019,RB,880398,TEN,14085,,31960.0,,2184011.0,72.0,Memphis,13590.0,20.0,33b0227d-4c21-4e71-b4cd-be35f7db9123,26.0,209.0,4.0,14245.0,,862376400.0,,,Pollard,Tony
Justice Hill,BAL,2019,RB,923109,BAL,14086,,31945.0,,2250388.0,70.0,Oklahoma State,13427.0,43.0,528e71ec-8fb3-4928-ace5-fc5ffbf26eb3,11.0,195.0,4.0,13944.0,,879483600.0,,,Hill,Justice
Darrell Henderson,LAR,2019,RB,914372,FA,14087,,31902.0,,2240590.0,68.0,Memphis,13450.0,27.0,380c4d9b-d4c8-456c-ba50-25519edde899,6.0,208.0,3.0,14039.0,,871966800.0,,,Henderson,Darrell
Ty Johnson,DET,2019,RB,877784,BUF,14095,,32018.0,,2179323.0,70.0,Maryland,13587.0,26.0,96e6687b-2b89-4dd9-98df-6e7507cd82cf,13.0,210.0,6.0,14262.0,,874472400.0,,,Johnson,Ty
Devine Ozigbo,FA,2019,RB,866115,FA,14096,,32390.0,,2179635.0,72.0,Nebraska,13624.0,33.0,25bc08ac-8420-4340-94c6-93993ff87d6f,,225.0,,14045.0,,844232400.0,,,Ozigbo,Devine
Qadree Ollison,ATL,2019,RB,832473,FA,14097,,31984.0,,2136496.0,73.0,Pittsburgh,13494.0,41.0,c44534f8-a567-40e7-b51e-1a72c49cb24e,14.0,232.0,5.0,14251.0,,842158800.0,3123944.0,,Ollison,Qadree
N'Keal Harry,NEP,2019,TE,910431,FA,14101,,31864.0,,2221807.0,76.0,Arizona State,13425.0,13.0,3e6e15ce-1c81-408e-9a94-b0a2924d0b8c,32.0,225.0,1.0,14055.0,,882334800.0,4047839.0,,Harry,N'Keal
DK Metcalf,SEA,2019,WR,945633,SEA,14102,,31896.0,,2260185.0,76.0,Mississippi,13424.0,14.0,754faf0f-40f7-45f0-b23b-6ce990ecaf26,32.0,235.0,2.0,13940.0,,882075600.0,,,Metcalf,DK
A.J. Brown,TEN,2019,WR,944826,PHI,14104,,31883.0,,2258303.0,73.0,Mississippi,13432.0,11.0,a9e580f2-1fbe-46fb-887c-c84089b507e4,19.0,226.0,2.0,13946.0,,867646800.0,,,Brown,A.J.
Marquise Brown,BAL,2019,WR,976220,KCC,14105,,31857.0,,2804128.0,69.0,Oklahoma,13502.0,5.0,feeee40a-dd63-41a7-89cd-6c95b5456833,25.0,180.0,1.0,14010.0,,865400400.0,4241372.0,,Brown,Marquise
Hakeem Butler,ARI,2019,WR,882776,FA,14106,,31935.0,,2185654.0,77.0,Iowa State,13564.0,82.0,472945d8-0062-417b-9967-430d381c80ae,1.0,227.0,4.0,13955.0,,832222800.0,3917940.0,,Butler,Hakeem
Greg Dortch,FA,2019,WR,910852,ARI,14108,,32523.0,,2223207.0,67.0,Wake Forest,13469.0,4.0,4484c7d1-025a-4f26-8e9b-48503afb0c68,,175.0,,14061.0,,896418000.0,,,Dortch,Greg
Terry McLaurin,WAS,2019,WR,836116,WAS,14109,,31908.0,,2139279.0,72.0,Ohio State,13536.0,17.0,7e8c4641-2beb-4213-ba22-69fe0307005f,12.0,210.0,3.0,14121.0,,811141200.0,,,McLaurin,Terry
David Sills,FA,2019,WR,866973,FA,14110,,32418.0,,2179491.0,75.0,West Virginia,13634.0,87.0,97f6c20c-1110-4551-82c1-41d3247397a2,,211.0,,14313.0,,833346000.0,3871102.0,,Sills,David
Parris Campbell,IND,2019,WR,836104,FA,14112,,31891.0,,2139271.0,72.0,Ohio State,13525.0,80.0,db0c3b1c-8d18-435a-864a-cdd696f963b6,27.0,208.0,2.0,14056.0,,869029200.0,3121410.0,,Campbell,Parris
Mecole Hardman,KCC,2019,WR,922026,KCC,14113,,31888.0,,2248618.0,70.0,Georgia,13532.0,17.0,fe6dc768-d576-476c-b150-53b85af2a1d1,24.0,187.0,2.0,13973.0,,889678800.0,4035004.0,,Hardman,Mecole
Lil'Jordan Humphrey,FA,2019,WR,920758,DEN,14118,,32494.0,,2246852.0,76.0,Texas,13565.0,17.0,b7f930af-ddd2-4a48-9617-96bda81b0334,,225.0,,14314.0,,892875600.0,4039057.0,,Humphrey,Lil'Jordan
Andy Isabella,ARI,2019,WR,878911,FA,14121,,31894.0,,2182851.0,69.0,Massachusetts,13612.0,87.0,04f9a4be-b236-4eed-9bc4-794f615ccd13,30.0,188.0,2.0,14019.0,,848293200.0,,,Isabella,Andy
Darius Slayton,NYG,2019,WR,880557,NYG,14122,,32003.0,,2183982.0,73.0,Auburn,13522.0,86.0,82ed30a5-54a8-4ed0-b040-99c3a78fb055,33.0,198.0,5.0,14258.0,,853045200.0,,,Slayton,Darius
Hunter Renfrow,OAK,2019,WR,841649,FA,14123,,31981.0,,2144726.0,70.0,Clemson,13749.0,13.0,34c523c7-bc58-49f0-a9cc-f9edd91fe00f,11.0,185.0,5.0,14062.0,,819522000.0,,,Renfrow,Hunter
Miles Boykin,BAL,2019,WR,884553,FA,14125,,31925.0,,2186656.0,76.0,Notre Dame,13553.0,81.0,d1ed6f8c-1611-4695-8b48-5adce0de50dd,29.0,220.0,3.0,14013.0,,845096400.0,3932423.0,,Boykin,Miles
Preston Williams,FA,2019,WR,877244,FA,14126,,32447.0,,3117057.0,77.0,Colorado State,13445.0,85.0,497758de-5f0b-481f-8c68-7aa5e21df322,,218.0,,14171.0,,859438800.0,,,Williams,Preston
Jakobi Meyers,FA,2019,WR,880151,LVR,14127,,32231.0,,2183835.0,74.0,North Carolina State,13517.0,16.0,73e194d1-a4b7-4de4-b1c2-3c24ef502918,,200.0,,14220.0,,847515600.0,,,Meyers,Jakobi
Stanley Morgan,FA,2019,WR,866112,FA,14131,,32469.0,,2179632.0,72.0,Nebraska,13877.0,14.0,8f32cbe6-9c50-4bf7-9e68-057d718fb490,,205.0,,,,873608400.0,,,Morgan,Stanley
Deebo Samuel,SFO,2019,WR,835749,SFO,14136,,31868.0,,2139735.0,72.0,South Carolina,13429.0,1.0,628a6a0a-4fde-4024-8d7c-28674953d5af,4.0,215.0,2.0,14059.0,,821682000.0,3126486.0,,Samuel,Deebo
Noah Fant,DEN,2019,TE,923911,SEA,14137,,31852.0,,2251095.0,76.0,Iowa,13426.0,87.0,cdc98acc-9eb6-4b44-81bb-61d7b8a3b55f,20.0,249.0,1.0,14050.0,,880002000.0,,,Fant,Noah
T.J. Hockenson,DET,2019,TE,923915,MIN,14138,,31840.0,,2251097.0,77.0,Iowa,13610.0,87.0,bd1120b6-38b3-4225-a4b0-20660a149d0d,8.0,248.0,1.0,14051.0,,867906000.0,4036133.0,,Hockenson,T.J.
Irv Smith,MIN,2019,TE,944428,FA,14141,,31882.0,,2257888.0,74.0,Alabama,13583.0,82.0,ed0e6a30-83d5-4f4b-bf49-f7ff80e21304,18.0,240.0,2.0,14052.0,,902638800.0,,,Smith,Irv
Dawson Knox,BUF,2019,TE,884083,BUF,14143,,31928.0,,2186345.0,76.0,Ole Miss,13466.0,88.0,5fb525c5-4e70-4ede-8c49-94ad0cf66b7d,32.0,254.0,3.0,13953.0,,847947600.0,,,Knox,Dawson
Drew Sample,CIN,2019,TE,837824,CIN,14146,,31884.0,,2139646.0,77.0,Washington,13809.0,89.0,15a4f552-ecaf-45bd-9006-aa5dda93bee6,20.0,255.0,2.0,14111.0,,829630800.0,,,Sample,Drew
Nick Bosa,SFO,2019,DE,946531,SFO,14147,,31834.0,,2260972.0,76.0,Ohio State,13421.0,97.0,987c5e68-21d5-4bcb-a5f3-2e09cc512374,2.0,266.0,1.0,13937.0,,877582800.0,,,Bosa,Nick
Montez Sweat,WAS,2019,DE,838242,CHI,14148,,31858.0,,2141772.0,78.0,Mississippi State,13745.0,98.0,e3601423-c3ac-4013-bbe9-3478e2b7e1dd,26.0,262.0,1.0,,,841813200.0,,,Sweat,Montez
Rashan Gary,GBP,2019,DE,946020,GBP,14149,,31844.0,,2260648.0,77.0,Michigan,13651.0,52.0,99847f76-5bf2-4cbe-8573-9a477f7fb472,12.0,277.0,1.0,14017.0,,881125200.0,,,Gary,Rashan
Austin Bryant,DET,2019,DE,867753,FA,14150,,31949.0,,2179209.0,77.0,Clemson,13843.0,40.0,5314292d-aac5-4fe1-be7e-8f2ddf2d45a8,15.0,250.0,4.0,14184.0,,847774800.0,3728253.0,,Bryant,Austin
Clelin Ferrell,OAK,2019,DE,867757,WAS,14151,,31836.0,,2179216.0,76.0,Clemson,13649.0,99.0,108759bf-8c78-41c6-a409-b87c63985c21,4.0,265.0,1.0,13984.0,,863845200.0,,,Ferrell,Clelin
Zach Allen,ARI,2019,DT,883401,DEN,14153,,31897.0,,2185907.0,77.0,Boston College,13742.0,99.0,f68685e7-9904-47bc-b39a-e1c813435385,1.0,285.0,3.0,14106.0,,872053200.0,,,Allen,Zach
Anthony Nelson,TBB,2019,DE,870515,TBB,14154,,31939.0,,2179724.0,79.0,Iowa,13562.0,98.0,8bc51884-c9db-4745-8731-20eff25f41b0,5.0,271.0,4.0,14107.0,,857451600.0,,,Nelson,Anthony
L.J. Collier,SEA,2019,DT,822436,ARI,14155,,31861.0,,2131806.0,74.0,TCU,13751.0,91.0,9d546e3b-0eb3-4926-a5ef-eb5e48b9330e,29.0,291.0,1.0,14093.0,,810882000.0,,,Collier,L.J.
Quinnen Williams,NYJ,2019,DT,944430,NYJ,14157,,31835.0,,2257890.0,75.0,Alabama,13584.0,95.0,b8e0fa49-1122-4e97-9fe2-d90f6b7cb444,3.0,303.0,1.0,14011.0,,882680400.0,,,Williams,Quinnen
Ed Oliver,BUF,2019,DT,921280,BUF,14158,,31841.0,,2247345.0,73.0,Houston,13653.0,91.0,adabdc56-278f-48b9-a003-1329b7f2f663,9.0,287.0,1.0,14016.0,,881902800.0,,,Oliver,Ed
Dexter Lawrence,NYG,2019,DT,913535,NYG,14159,,31849.0,,2239523.0,76.0,Clemson,13568.0,97.0,31bd7a4c-8eaf-4ea3-871c-b44420c804f8,17.0,340.0,1.0,14014.0,,879310800.0,,,Lawrence,Dexter
Isaiah Buggs,PIT,2019,DT,973976,FA,14160,,32024.0,,2741198.0,75.0,Alabama,13755.0,96.0,5ec1f072-8ce0-449d-bbc0-5e8160836007,19.0,306.0,6.0,14216.0,,872398800.0,,,Buggs,Isaiah
Jerry Tillery,LAC,2019,DT,867700,MIN,14161,,31860.0,,2181242.0,78.0,Notre Dame,13757.0,99.0,9da6119d-b135-4b90-9f9d-7d08ab00b15d,28.0,295.0,1.0,14021.0,,844750800.0,,,Tillery,Jerry
Christian Wilkins,MIA,2019,DT,867762,LVR,14162,,31845.0,,2179235.0,76.0,Clemson,13758.0,94.0,6c640668-de81-49c4-a0da-e367e1747923,13.0,310.0,1.0,14071.0,,819435600.0,,,Wilkins,Christian
Jeffery Simmons,TEN,2019,DT,922057,TEN,14163,,31851.0,,2248637.0,76.0,Mississippi State,13465.0,98.0,dcbe3642-aa52-43e6-8f4c-4b9809377c4d,19.0,305.0,1.0,14008.0,,870066000.0,,,Simmons,Jeffery
Dre'Mont Jones,DEN,2019,DT,878764,SEA,14164,,31903.0,,2179816.0,75.0,Ohio State,13451.0,55.0,92c8bc67-756d-4e3c-981c-3df010e15e2d,7.0,281.0,3.0,14100.0,,852440400.0,,,Jones,Dre'Mont
Josh Hines-Allen,JAC,2019,DE,881646,JAC,14167,,31839.0,,2184628.0,77.0,Kentucky,13642.0,41.0,dd7be5f3-c615-4621-92e1-2434519cb1f9,7.0,255.0,1.0,14024.0,,868770000.0,3915239.0,,Hines-Allen,Josh
Devin White,TBB,2019,LB,910681,PHI,14168,,31837.0,,2222025.0,72.0,LSU,13611.0,45.0,37849d01-7d7e-4a35-8840-e17cacd73d85,5.0,237.0,1.0,13947.0,,887691600.0,,,White,Devin
Mack Wilson,CLE,2019,LB,944431,ARI,14169,,31987.0,,2257891.0,73.0,Alabama,13609.0,2.0,0790a8d6-5316-4204-91a6-8508ca48973b,17.0,246.0,5.0,14064.0,,887432400.0,,,Wilson,Mack
Devin Bush,PIT,2019,LB,910976,CLE,14170,,31842.0,,2239725.0,71.0,Michigan,13461.0,30.0,ab5d4d72-fb1c-4aeb-887b-f6ca35f679bf,10.0,235.0,1.0,14063.0,,900738000.0,,,Bush,Devin
Brian Burns,CAR,2019,DE,936822,NYG,14171,,31848.0,,2253012.0,77.0,Florida State,13439.0,53.0,dbf199a9-542e-4279-8764-3341b9f80910,16.0,250.0,1.0,13949.0,,893307600.0,,,Burns,Brian
Chase Winovich,NEP,2019,DE,830701,MIA,14176,,31909.0,,2136539.0,75.0,Michigan,13655.0,50.0,5d235c9b-8d01-44a7-a3ec-b5c7bd4491ee,13.0,251.0,3.0,14089.0,,798267600.0,3115974.0,,Winovich,Chase
Julian Love,NYG,2019,S,946103,SEA,14179,,31940.0,,2260683.0,71.0,Notre Dame,13533.0,20.0,a1052a59-114e-4340-8936-bffb17431300,6.0,195.0,4.0,13974.0,,890283600.0,4046675.0,,Love,Julian
Byron Murphy,ARI,2019,CB,924155,MIN,14180,,31865.0,,2251384.0,71.0,Washington,13560.0,7.0,c025b513-9431-4097-bc25-9777bf08f846,1.0,190.0,2.0,14067.0,,885099600.0,,,Murphy,Byron
Byron Murphy,ARI,2019,CB,924155,MIN,14180,,31865.0,,2251384.0,71.0,Washington,13560.0,7.0,d7cd56ba-a624-4149-83d0-a2c66df65804,1.0,190.0,2.0,14067.0,,885099600.0,,,Murphy,Byron
Byron Murphy,ARI,2019,CB,924155,MIN,14180,,31865.0,,2251384.0,71.0,Washington,17736.0,7.0,c025b513-9431-4097-bc25-9777bf08f846,1.0,190.0,2.0,14067.0,,885099600.0,,,Murphy,Byron
Byron Murphy,ARI,2019,CB,924155,MIN,14180,,31865.0,,2251384.0,71.0,Washington,17736.0,7.0,d7cd56ba-a624-4149-83d0-a2c66df65804,1.0,190.0,2.0,14067.0,,885099600.0,,,Murphy,Byron
Byron Murphy,ARI,2019,CB,924155,MIN,14180,,31865.0,,2673120.0,71.0,Washington,13560.0,7.0,c025b513-9431-4097-bc25-9777bf08f846,1.0,190.0,2.0,14067.0,,885099600.0,,,Murphy,Byron
Byron Murphy,ARI,2019,CB,924155,MIN,14180,,31865.0,,2673120.0,71.0,Washington,13560.0,7.0,d7cd56ba-a624-4149-83d0-a2c66df65804,1.0,190.0,2.0,14067.0,,885099600.0,,,Murphy,Byron
Byron Murphy,ARI,2019,CB,924155,MIN,14180,,31865.0,,2673120.0,71.0,Washington,17736.0,7.0,c025b513-9431-4097-bc25-9777bf08f846,1.0,190.0,2.0,14067.0,,885099600.0,,,Murphy,Byron
Byron Murphy,ARI,2019,CB,924155,MIN,14180,,31865.0,,2673120.0,71.0,Washington,17736.0,7.0,d7cd56ba-a624-4149-83d0-a2c66df65804,1.0,190.0,2.0,14067.0,,885099600.0,,,Murphy,Byron
Byron Murphy,ARI,2019,CB,924155,MIN,14180,,40895.0,,2251384.0,71.0,Washington,13560.0,7.0,c025b513-9431-4097-bc25-9777bf08f846,1.0,190.0,2.0,14067.0,,885099600.0,,,Murphy,Byron
Byron Murphy,ARI,2019,CB,924155,MIN,14180,,40895.0,,2251384.0,71.0,Washington,13560.0,7.0,d7cd56ba-a624-4149-83d0-a2c66df65804,1.0,190.0,2.0,14067.0,,885099600.0,,,Murphy,Byron
Byron Murphy,ARI,2019,CB,924155,MIN,14180,,40895.0,,2251384.0,71.0,Washington,17736.0,7.0,c025b513-9431-4097-bc25-9777bf08f846,1.0,190.0,2.0,14067.0,,885099600.0,,,Murphy,Byron
Byron Murphy,ARI,2019,CB,924155,MIN,14180,,40895.0,,2251384.0,71.0,Washington,17736.0,7.0,d7cd56ba-a624-4149-83d0-a2c66df65804,1.0,190.0,2.0,14067.0,,885099600.0,,,Murphy,Byron
Byron Murphy,ARI,2019,CB,924155,MIN,14180,,40895.0,,2673120.0,71.0,Washington,13560.0,7.0,c025b513-9431-4097-bc25-9777bf08f846,1.0,190.0,2.0,14067.0,,885099600.0,,,Murphy,Byron
Byron Murphy,ARI,2019,CB,924155,MIN,14180,,40895.0,,2673120.0,71.0,Washington,13560.0,7.0,d7cd56ba-a624-4149-83d0-a2c66df65804,1.0,190.0,2.0,14067.0,,885099600.0,,,Murphy,Byron
Byron Murphy,ARI,2019,CB,924155,MIN,14180,,40895.0,,2673120.0,71.0,Washington,17736.0,7.0,c025b513-9431-4097-bc25-9777bf08f846,1.0,190.0,2.0,14067.0,,885099600.0,,,Murphy,Byron
Byron Murphy,ARI,2019,CB,924155,MIN,14180,,40895.0,,2673120.0,71.0,Washington,17736.0,7.0,d7cd56ba-a624-4149-83d0-a2c66df65804,1.0,190.0,2.0,14067.0,,885099600.0,,,Murphy,Byron
Byron Murphy,ARI,2019,CB,0,MIN,14180,,31865.0,,2251384.0,71.0,Washington,13560.0,7.0,c025b513-9431-4097-bc25-9777bf08f846,1.0,190.0,2.0,14067.0,,885099600.0,,,Murphy,Byron
Byron Murphy,ARI,2019,CB,0,MIN,14180,,31865.0,,2251384.0,71.0,Washington,13560.0,7.0,d7cd56ba-a624-4149-83d0-a2c66df65804,1.0,190.0,2.0,14067.0,,885099600.0,,,Murphy,Byron
Byron Murphy,ARI,2019,CB,0,MIN,14180,,31865.0,,2251384.0,71.0,Washington,17736.0,7.0,c025b513-9431-4097-bc25-9777bf08f846,1.0,190.0,2.0,14067.0,,885099600.0,,,Murphy,Byron
Byron Murphy,ARI,2019,CB,0,MIN,14180,,31865.0,,2251384.0,71.0,Washington,17736.0,7.0,d7cd56ba-a624-4149-83d0-a2c66df65804,1.0,190.0,2.0,14067.0,,885099600.0,,,Murphy,Byron
Byron Murphy,ARI,2019,CB,0,MIN,14180,,31865.0,,2673120.0,71.0,Washington,13560.0,7.0,c025b513-9431-4097-bc25-9777bf08f846,1.0,190.0,2.0,14067.0,,885099600.0,,,Murphy,Byron
Byron Murphy,ARI,2019,CB,0,MIN,14180,,31865.0,,2673120.0,71.0,Washington,13560.0,7.0,d7cd56ba-a624-4149-83d0-a2c66df65804,1.0,190.0,2.0,14067.0,,885099600.0,,,Murphy,Byron
Byron Murphy,ARI,2019,CB,0,MIN,14180,,31865.0,,2673120.0,71.0,Washington,17736.0,7.0,c025b513-9431-4097-bc25-9777bf08f846,1.0,190.0,2.0,14067.0,,885099600.0,,,Murphy,Byron
Byron Murphy,ARI,2019,CB,0,MIN,14180,,31865.0,,2673120.0,71.0,Washington,17736.0,7.0,d7cd56ba-a624-4149-83d0-a2c66df65804,1.0,190.0,2.0,14067.0,,885099600.0,,,Murphy,Byron
Byron Murphy,ARI,2019,CB,0,MIN,14180,,40895.0,,2251384.0,71.0,Washington,13560.0,7.0,c025b513-9431-4097-bc25-9777bf08f846,1.0,190.0,2.0,14067.0,,885099600.0,,,Murphy,Byron
Byron Murphy,ARI,2019,CB,0,MIN,14180,,40895.0,,2251384.0,71.0,Washington,13560.0,7.0,d7cd56ba-a624-4149-83d0-a2c66df65804,1.0,190.0,2.0,14067.0,,885099600.0,,,Murphy,Byron
Byron Murphy,ARI,2019,CB,0,MIN,14180,,40895.0,,2251384.0,71.0,Washington,17736.0,7.0,c025b513-9431-4097-bc25-9777bf08f846,1.0,190.0,2.0,14067.0,,885099600.0,,,Murphy,Byron
Byron Murphy,ARI,2019,CB,0,MIN,14180,,40895.0,,2251384.0,71.0,Washington,17736.0,7.0,d7cd56ba-a624-4149-83d0-a2c66df65804,1.0,190.0,2.0,14067.0,,885099600.0,,,Murphy,Byron
Byron Murphy,ARI,2019,CB,0,MIN,14180,,40895.0,,2673120.0,71.0,Washington,13560.0,7.0,c025b513-9431-4097-bc25-9777bf08f846,1.0,190.0,2.0,14067.0,,885099600.0,,,Murphy,Byron
Byron Murphy,ARI,2019,CB,0,MIN,14180,,40895.0,,2673120.0,71.0,Washington,13560.0,7.0,d7cd56ba-a624-4149-83d0-a2c66df65804,1.0,190.0,2.0,14067.0,,885099600.0,,,Murphy,Byron
Byron Murphy,ARI,2019,CB,0,MIN,14180,,40895.0,,2673120.0,71.0,Washington,17736.0,7.0,c025b513-9431-4097-bc25-9777bf08f846,1.0,190.0,2.0,14067.0,,885099600.0,,,Murphy,Byron
Byron Murphy,ARI,2019,CB,0,MIN,14180,,40895.0,,2673120.0,71.0,Washington,17736.0,7.0,d7cd56ba-a624-4149-83d0-a2c66df65804,1.0,190.0,2.0,14067.0,,885099600.0,,,Murphy,Byron
Trayvon Mullen,FA,2019,CB,913543,BAL,14181,,31872.0,,2239524.0,74.0,Clemson,13572.0,30.0,c5e92aff-ce1e-4ce0-b838-6149f8ce875f,8.0,194.0,2.0,14066.0,,874731600.0,4035458.0,,Mullen,Trayvon
Amani Hooker,TEN,2019,S,923916,TEN,14182,,31948.0,,2251098.0,71.0,Iowa,13550.0,37.0,aac96096-362f-4254-952a-5b3b04472f19,14.0,210.0,4.0,14075.0,,897800400.0,,,Hooker,Amani
Johnathan Abram,FA,2019,S,871364,FA,14184,JohnathanAbram1,31859.0,,2180453.0,71.0,Mississippi State,13546.0,24.0,26b6ac3e-facf-48eb-ae5b-afd30b2544b2,27.0,205.0,1.0,14077.0,,846219600.0,3728305.0,,Abram,Johnathan
Taylor Rapp,LAR,2019,S,913599,BUF,14186,,31893.0,,2240202.0,72.0,Washington,13507.0,9.0,1cccc54a-c168-4359-bfbc-30556db0ca73,29.0,208.0,2.0,14078.0,,882766800.0,,,Rapp,Taylor
Luis Perez,FA,2018,QB,895714,FA,14196,,31734.0,,2927085.0,75.0,Texas A&M,13078.0,,90395591-32e3-42e8-962f-1f82f7cd6e75,,218.0,,13865.0,,777877200.0,4290778.0,,Perez,Luis
Darnell Savage,GBP,2019,S,0,JAC,14197,,31853.0,,2179332.0,71.0,Maryland,13810.0,6.0,e1b066fb-d077-42a3-9f5d-4ed560c9d777,21.0,198.0,1.0,14076.0,,870238800.0,,,Savage,Darnell
Rock Ya-Sin,IND,2019,CB,875395,SFO,14198,,31866.0,,2183381.0,71.0,Temple,13474.0,33.0,bbeb74ae-87d4-417d-ba57-670391baf8ca,2.0,195.0,2.0,14084.0,,832827600.0,,,Ya-Sin,Rock
Sean Murphy-Bunting,TBB,2019,CB,885764,ARI,14199,,31871.0,,2188984.0,72.0,Central Michigan,13648.0,23.0,f84bf885-d6ff-4fc8-8b6e-64bb3bceb17d,7.0,195.0,2.0,14094.0,seanmurphy-bunting/2562635,866696400.0,,,Murphy-Bunting,Sean
Jahlani Tavai,DET,2019,LB,834599,NEP,14200,,31875.0,,2139903.0,74.0,Hawaii,13885.0,48.0,dfb05fbc-7329-4893-8dc1-3d30033e49d0,11.0,255.0,2.0,14101.0,,843886800.0,3124587.0,,Tavai,Jahlani
Joejuan Williams,DET,2019,CB,910430,FA,14201,,31877.0,,2221852.0,75.0,Vanderbilt,13482.0,29.0,154d65c6-b3fc-4ac4-99a6-48c191e90ffc,13.0,212.0,2.0,13957.0,,881384400.0,4035286.0,,Williams,Joejuan
Marquise Blair,SEA,2019,S,1052321,SEA,14202,,31879.0,,2827526.0,73.0,Utah,13796.0,13.0,1c468a8a-355f-429a-a12d-d8528fdc6aa2,15.0,196.0,2.0,14102.0,,869202000.0,4243244.0,,Blair,Marquise
Lonnie Johnson,HOU,2019,S,976145,CAR,14205,,31886.0,,2803779.0,74.0,Kentucky,13820.0,32.0,acbf5978-d7da-4d01-8f1d-22dd65d4484c,22.0,213.0,2.0,14096.0,,815461200.0,4240780.0,,Johnson,Lonnie
Trysten Hill,DAL,2019,DT,944023,NEP,14206,,31890.0,,2257304.0,75.0,UCF,13514.0,97.0,c6c5ae5d-59c6-437d-9768-34e377fddcec,26.0,310.0,2.0,14092.0,trystenhill/2562573,890802000.0,4042141.0,,Hill,Trysten
Juan Thornhill,KCC,2019,S,883971,CLE,14207,,31895.0,,2186262.0,72.0,Virginia,13824.0,1.0,73ec5a10-dd68-448e-938f-25021cbc3004,31.0,205.0,2.0,14079.0,,845701200.0,3917909.0,,Thornhill,Juan
Diontae Johnson,PIT,2019,WR,891115,CAR,14208,,31898.0,,2194164.0,70.0,Toledo,13472.0,5.0,244c00c7-fe9a-4f4f-adff-1d5b9c8877e7,2.0,183.0,3.0,14126.0,,836542800.0,,,Johnson,Diontae
Josh Oliver,JAC,2019,TE,881779,MIN,14209,,31901.0,,2184618.0,77.0,San Jose State,13786.0,84.0,dc83f7af-7b30-4c4a-9c93-f67bd8db954b,5.0,259.0,3.0,14127.0,,858920400.0,,,Oliver,Josh
Germaine Pratt,CIN,2019,LB,820884,CIN,14210,,31904.0,,2130964.0,75.0,North Carolina State,13436.0,57.0,ac012bab-43f3-4e8c-9cf4-0fb20ffa55a2,8.0,250.0,3.0,14128.0,,864190800.0,,,Pratt,Germaine
David Long,LAR,2019,CB,946029,FA,14211,,31911.0,,2260657.0,71.0,Michigan,13508.0,20.0,57bda6af-7324-4e96-a207-525501224c41,15.0,196.0,3.0,14103.0,,886741200.0,4046536.0,,Long,David
Sione Takitaki,CLE,2019,LB,839574,NEP,14212,,31912.0,,2142097.0,73.0,Brigham Young,13614.0,16.0,471db686-fa8e-484c-8525-0169b0a8f773,16.0,245.0,3.0,14124.0,,802587600.0,3138834.0,,Takitaki,Sione
Will Harris,DET,2019,S,883417,NOS,14213,,31913.0,,2185917.0,73.0,Boston College,13805.0,5.0,cae34950-dcb7-4021-ad21-0a8ae7cf47f1,17.0,206.0,3.0,14129.0,,819349200.0,3915297.0,,Harris,Will
Khalen Saunders,KCC,2019,DT,831799,NOS,14215,,31916.0,,2137006.0,72.0,Western Illinois,13746.0,50.0,757c55e1-2f3a-41d2-a211-16bf577a1586,20.0,324.0,3.0,14130.0,,839566800.0,,,Saunders,Khalen
Cody Barton,SEA,2019,LB,882715,DEN,14217,,31920.0,,2185568.0,74.0,Utah,13733.0,55.0,577dfac0-3f0b-45ee-afff-c851c6aebb1e,24.0,237.0,3.0,14137.0,,847861200.0,,,Barton,Cody
Bobby Okereke,IND,2019,LB,830520,NYG,14218,,31921.0,,2136745.0,74.0,Stanford,13782.0,58.0,6c338c70-42d9-4d35-bf87-04fe7e2f690a,25.0,235.0,3.0,14065.0,,838616400.0,3117253.0,,Okereke,Bobby
Jamel Dean,TBB,2019,CB,866978,TBB,14219,,31926.0,,2179803.0,73.0,Auburn,13483.0,35.0,278a0811-98b8-42d2-96e9-160b7f364ae0,30.0,206.0,3.0,13959.0,,845355600.0,,,Dean,Jamel
Oshane Ximines,NYG,2019,DE,835045,NEP,14220,,31927.0,,2140954.0,76.0,Old Dominion,13891.0,93.0,9898a791-ba28-4a68-beee-ad12f61af7db,31.0,254.0,3.0,14146.0,,818312400.0,,,Ximines,Oshane
Quincy Williams,JAC,2019,LB,832599,NYJ,14221,,31930.0,,3116461.0,71.0,Murray State,13982.0,56.0,8227621d-ad2e-4dea-aef5-64d4f154adb2,34.0,230.0,3.0,14149.0,,841208400.0,3110565.0,,Williams,Quincy
Mike Edwards,TBB,2019,S,867995,BUF,14222,,31931.0,,2180483.0,70.0,Kentucky,13789.0,21.0,b2da84c5-e51c-47d8-bccc-888f8caaa8ad,35.0,205.0,3.0,14150.0,,832395600.0,,,Edwards,Mike
Alexander Mattison,MIN,2019,RB,944343,LVR,14223,,31934.0,,2257933.0,71.0,Boise State,13477.0,22.0,ae4faec0-509d-4080-b5cb-d1a44d062858,38.0,220.0,3.0,13958.0,,898232400.0,,,Mattison,Alexander
Chauncey Gardner-Johnson,NOS,2019,S,910391,PHI,14224,,31937.0,,2221830.0,71.0,Florida,15189.0,8.0,5fb6e9f1-2efa-44c9-876f-4d635484be88,3.0,210.0,4.0,14091.0,,882594000.0,4034953.0,,Gardner-Johnson,Chauncey
Maxx Crosby,OAK,2019,DE,885785,LVR,14225,,31938.0,,2189001.0,77.0,Eastern Michigan,13459.0,98.0,3ae55cda-ad32-46c5-bde7-470755f37f3a,4.0,255.0,4.0,14119.0,,872226000.0,,,Crosby,Maxx
Mitch Wishnowsky,SFO,2019,PN,913716,SFO,14227,,31942.0,,,74.0,Utah,13816.0,3.0,e8e8a5fe-00d1-4ffc-9401-9e5cb254afea,8.0,220.0,4.0,14244.0,,699598800.0,,,Wishnowsky,Mitch
Sheldrick Redwine,CLE,2019,S,871711,FA,14230,,31951.0,,2179401.0,72.0,Miami (FL),13537.0,20.0,32b601e7-4491-479a-895a-2f96add83e09,17.0,196.0,4.0,14136.0,,847256400.0,3917852.0,,Redwine,Sheldrick
Trevon Wesco,NYJ,2019,TE,919456,FA,14231,,31953.0,,2243366.0,75.0,West Virginia,13828.0,88.0,f6c34178-e063-444b-96b3-df6b3cf66419,19.0,267.0,4.0,14224.0,,810882000.0,4039253.0,,Wesco,Trevon
Drue Tranquill,LAC,2019,LB,839068,KCC,14235,,31962.0,,2142299.0,74.0,Notre Dame,13814.0,23.0,d468dfe5-8ad2-4c8b-b7ba-0962316a2156,28.0,234.0,4.0,14117.0,,808462800.0,,,Tranquill,Drue
Ugo Amadi,SEA,2019,CB,870196,FA,14236,,31964.0,,2180286.0,69.0,Oregon,13839.0,39.0,9448aee3-538c-4ff3-8781-bc848b086bfc,30.0,201.0,4.0,14226.0,,863758800.0,3886834.0,,Amadi,Ugo
Greg Gaines,LAR,2019,DT,837808,TBB,14237,,31966.0,,2139630.0,73.0,Washington,13802.0,96.0,724c3e97-bd2a-4d48-850e-352829e51708,32.0,312.0,4.0,14148.0,,831358800.0,,,Gaines,Greg
John Cominsky,ATL,2019,DE,1163507,DET,14238,,31967.0,,3116532.0,77.0,Charleston Univ,13798.0,79.0,c41a772c-8458-4f5d-b7b5-8c2a23406fa3,33.0,285.0,4.0,14201.0,,817016400.0,4411771.0,,Cominsky,John
Foster Moreau,OAK,2019,TE,865573,NOS,14239,,31969.0,,2180634.0,76.0,LSU,13822.0,87.0,9c3a67fd-5c6e-4689-9e08-9ff6d4db6c9a,35.0,250.0,4.0,14154.0,,862894800.0,,,Moreau,Foster
Zach Gentry,PIT,2019,TE,883079,FA,14240,,31973.0,,2185708.0,80.0,Michigan,13511.0,88.0,58f18567-a050-49c4-aeca-b34499338b37,3.0,265.0,5.0,14247.0,,842331600.0,3929924.0,,Gentry,Zach
Matt Gay,TBB,2019,PK,1068998,IND,14244,,31977.0,,2870511.0,72.0,Utah,13673.0,7.0,2b90e091-ef78-4753-93eb-0acf3632c206,7.0,232.0,5.0,14248.0,,763707600.0,4249087.0,,Gay,Matt
Amani Oruwariye,DET,2019,CB,836167,FA,14245,,31978.0,,2139308.0,74.0,Penn State,13744.0,27.0,3e4c9bb7-6ff1-4bf8-bc25-cd6717ddf568,8.0,200.0,5.0,14073.0,,823842000.0,,,Oruwariye,Amani
Dre Greenlaw,SFO,2019,LB,882298,SFO,14247,,31980.0,,2185496.0,72.0,Arkansas,13804.0,57.0,e6eb9d50-9231-44ff-89eb-7f7b996e042f,10.0,230.0,5.0,14249.0,,864536400.0,3916903.0,,Greenlaw,Dre
Andrew Van Ginkel,MIA,2019,DE,840243,MIN,14249,,31983.0,,2142864.0,76.0,Wisconsin,13887.0,43.0,7b47d190-168b-44bc-bb91-a688fe28f768,13.0,242.0,5.0,14250.0,,804574800.0,,,Van Ginkel,Andrew
Justin Hollins,DEN,2019,DE,835877,FA,14250,,31988.0,,2139590.0,77.0,Oregon,13773.0,58.0,210bfe87-1c9c-48c3-951c-81aef4b2c763,18.0,248.0,5.0,14144.0,,821682000.0,3122678.0,,Hollins,Justin
Blake Cashman,NYJ,2019,LB,867412,MIN,14251,,31989.0,,2179762.0,73.0,Minnesota,13846.0,51.0,17dfbad4-f4fc-4a65-a085-6cdcefe36879,19.0,235.0,5.0,14104.0,,831704400.0,,,Cashman,Blake
Michael Jackson,DAL,2019,CB,0,CAR,14252,,31990.0,,2179388.0,73.0,Miami (FL),13704.0,30.0,63fd7882-5d20-426e-9834-e85c0ebb4d5b,20.0,210.0,5.0,14147.0,,852872400.0,3917853.0,,Jackson,Michael
Byron Cowart,NEP,2019,DT,880535,CHI,14253,,31991.0,,2183961.0,75.0,Maryland,13753.0,93.0,3fa97e08-13d9-47a8-b155-39f975964d47,21.0,300.0,5.0,14254.0,,832568400.0,3916922.0,,Cowart,Byron
Charles Omenihu,HOU,2019,DE,884296,KCC,14254,,31993.0,,2186497.0,77.0,Texas,13791.0,90.0,eff1c40e-715c-49c4-93d8-6155322c1205,23.0,280.0,5.0,14115.0,,872053200.0,3929865.0,,Omenihu,Charles
Jake Bailey,NEP,2019,PN,884923,MIA,14256,,31995.0,,,74.0,Stanford,13817.0,16.0,af1335c6-c262-4488-9352-86ba80754583,25.0,212.0,5.0,14255.0,,866610000.0,,,Bailey,Jake
E.J. Speed,IND,2019,LB,791843,IND,14257,,31996.0,,3116591.0,76.0,Tarleton State,13984.0,45.0,e653effc-2bdc-4bfe-bf3d-272e783ae4c4,26.0,227.0,5.0,14256.0,,801982800.0,,,Speed,E.J.
Austin Seibert,CLE,2019,PK,865932,WAS,14258,,32002.0,,2179668.0,69.0,Oklahoma,13812.0,15.0,bd1f047a-978f-4643-b55f-f4d3b0719a4e,32.0,200.0,5.0,14257.0,,848034000.0,3821683.0,,Seibert,Austin
Cole Holcomb,WAS,2019,LB,830662,PIT,14260,,32005.0,,3116561.0,73.0,North Carolina,13700.0,55.0,c727b9d9-9776-415d-953c-9ae046e10a05,35.0,240.0,5.0,14259.0,,838702800.0,3116689.0,,Holcomb,Cole
Corey Ballentine,NYG,2019,CB,1163952,GBP,14263,,32012.0,,3116594.0,71.0,Washburn,13795.0,26.0,e3a4104a-ceba-4df2-b265-70843ecf1fb0,7.0,196.0,6.0,14153.0,,829371600.0,4411769.0,,Ballentine,Corey
Ka'dar Hollman,GBP,2019,CB,871187,FA,14266,,32017.0,,3116590.0,72.0,Toledo,13729.0,25.0,ca08b2bc-7fad-4dec-88d9-5f5f9712a830,12.0,196.0,6.0,14261.0,,779864400.0,3916676.0,,Hollman,Ka'dar
Juwann Winfree,DEN,2019,WR,836079,IND,14267,,32019.0,,3116589.0,73.0,Colorado,13664.0,9.0,fa7bdbe5-23b9-4cba-9015-98c5e2d09c9e,14.0,210.0,6.0,14263.0,,841813200.0,,,Winfree,Juwann
David Long Jr.,TEN,2019,LB,0,MIA,14268,,32020.0,,2179486.0,71.0,West Virginia,13486.0,11.0,55d7adb4-be58-4c59-9a6e-1ceb73c10c4d,15.0,225.0,6.0,14264.0,,845096400.0,3916074.0,,Long Jr.,David
Armon Watts,MIN,2019,DT,837920,NEP,14269,,32022.0,,2141939.0,77.0,Arkansas,13776.0,94.0,1cb784d8-de4d-4962-a775-c7379b7053c2,17.0,307.0,6.0,14176.0,,838011600.0,3128685.0,,Watts,Armon
Marcus Epps,MIN,2019,S,840324,LVR,14270,,32023.0,,3116592.0,72.0,Wyoming,13985.0,1.0,4dcf9e8a-fc5c-43a2-9b83-4ca295490a9b,18.0,191.0,6.0,14266.0,,822718800.0,,,Epps,Marcus
Duke Shelley,CHI,2019,CB,879946,FA,14278,,32037.0,,3116651.0,69.0,Kansas State,13986.0,29.0,a7450b47-b784-490b-8edd-b5502f16366f,32.0,176.0,6.0,14273.0,,844750800.0,3916126.0,,Shelley,Duke
Scotty Miller,TBB,2019,WR,866578,PIT,14280,,32040.0,,2180075.0,69.0,Bowling Green,13987.0,13.0,85e18d5f-8a3f-4b6c-88fe-dfdaaed5554e,35.0,174.0,6.0,14275.0,,870325200.0,,,Miller,Scotty
Donovan Wilson,DAL,2019,S,835844,DAL,14283,,32045.0,,2139883.0,72.0,Texas A&M,13890.0,6.0,2e9ef3ac-eca5-4eb9-a41d-f404dfaae460,40.0,204.0,6.0,14278.0,,793342800.0,,,Wilson,Donovan
Kris Boyd,MIN,2019,CB,884277,HOU,14286,,32049.0,,2186481.0,71.0,Texas,13797.0,17.0,96fdd2ed-d54e-40f5-beb1-40c5b3fd4bfb,3.0,201.0,7.0,14161.0,,842504400.0,,,Boyd,Kris
Ty Summers,GBP,2019,LB,822442,NYG,14292,,32058.0,,2131833.0,73.0,TCU,13883.0,55.0,5203e275-5554-47de-bc0a-5b13639e5b50,12.0,241.0,7.0,14233.0,,820386000.0,3116431.0,,Summers,Ty
Tommy Sweeney,BUF,2019,TE,836094,FA,14294,,32060.0,,2139106.0,77.0,Boston College,13667.0,47.0,ec63ee49-3a03-44ca-a083-3916f0bccd76,14.0,255.0,7.0,14287.0,,804574800.0,3122818.0,,Sweeney,Tommy
Nick Scott,LAR,2019,S,836171,CAR,14302,,32075.0,,2139311.0,71.0,Penn State,13958.0,21.0,4d383922-53ab-48f8-bb8a-29176ea3ffbc,29.0,200.0,7.0,14297.0,,800686800.0,,,Scott,Nick
Kaden Elliss,NOS,2019,LB,821940,ATL,14303,,32076.0,,2132125.0,74.0,Idaho,13953.0,55.0,7c51883f-8ea7-4f54-8c03-a562b4524858,30.0,238.0,7.0,14207.0,,805352400.0,,,Elliss,Kaden
Quinton Bell,FA,2019,DE,893248,MIA,14310,,32062.0,,3116653.0,76.0,Prairie View A&M,13990.0,56.0,c8d98dc8-ca11-40bc-bd72-7e2f4bd2ba3b,16.0,255.0,7.0,14290.0,,863154000.0,3933407.0,,Bell,Quinton
Ashton Dulin,FA,2019,WR,1166036,IND,14315,,32292.0,,3116796.0,74.0,Malone University,13854.0,16.0,f374262b-d642-4d05-9584-5955548ee4d1,,215.0,,14020.0,,863672400.0,,,Dulin,Ashton
Penny Hart,FA,2019,WR,878935,FA,14316,,32293.0,,2183625.0,68.0,Georgia State,13616.0,19.0,a296f2fe-7af8-4796-b50a-28ef010d0933,,180.0,,14334.0,,836542800.0,,,Hart,Penny
Keelan Doss,FA,2019,WR,830084,FA,14317,,32342.0,,2137866.0,75.0,UC Davis,13479.0,10.0,fcae1e29-5ca2-463e-92a6-0be893f5eb4a,,215.0,,14212.0,,827384400.0,3120980.0,,Doss,Keelan
Andrew Beck,FA,2019,RB,824428,FA,14319,,32225.0,,2131774.0,75.0,Texas,13713.0,47.0,b556a98d-16aa-4a0d-9134-1b59c46cc640,,255.0,,14462.0,,832136400.0,3125107.0,,Beck,Andrew
Cody Thompson,FA,2019,WR,833514,FA,14321,,32367.0,,2136709.0,74.0,Toledo,13490.0,83.0,16da963d-a300-4d72-8e4d-7771196c03e9,,205.0,,14335.0,,821336400.0,3126115.0,,Thompson,Cody
T.J. Edwards,FA,2019,LB,836191,CHI,14322,,32403.0,,2139322.0,73.0,Wisconsin,13460.0,53.0,a7b4b50a-9431-4551-89e1-6b8cb80536d7,,242.0,,14202.0,,839826000.0,,,Edwards,T.J.
Andrew Wingard,FA,2019,S,868228,JAC,14328,,32105.0,,2181092.0,72.0,Wyoming,13768.0,42.0,65e778fa-4639-4973-bb82-c76efa2ff309,,200.0,,14328.0,,849762000.0,3918331.0,,Wingard,Andrew
D'Ernest Johnson,FA,2019,RB,839043,JAC,14331,,32608.0,,3117165.0,70.0,South Florida,12678.0,2.0,f46e812f-14c6-4af8-9316-01a880adebc5,,208.0,,14786.0,,825397200.0,,,Johnson,D'Ernest
Jalen Guyton,FA,2019,WR,884567,FA,14337,,32201.0,,2186663.0,73.0,North Texas,13575.0,4.0,ae9495b2-4c62-4e14-8e43-beb53e1ae28a,,212.0,,14311.0,,865659600.0,3932430.0,,Guyton,Jalen
Donald Parham,FA,2019,TE,875649,FA,14341,,32456.0,,2183713.0,80.0,Stetson University,13602.0,89.0,4f246e92-3d21-450f-977a-dc16892c7238,,237.0,,14320.0,,871707600.0,3912092.0,,Parham,Donald
David Wells,FA,2018,TE,746301,FA,14355,,31283.0,,,78.0,San Diego State,12692.0,89.0,268c8b1e-b217-474d-a92f-4f924273c938,,260.0,,13374.0,,799390800.0,3047536.0,,Wells,David
Jake Browning,FA,2019,QB,865844,CIN,14358,,32138.0,,2180355.0,74.0,Washington,13504.0,6.0,f2f29019-7306-4b1c-a9d8-e9f802cb06e0,,209.0,,14305.0,,829198800.0,3886812.0,,Browning,Jake
Jakob Johnson,FA,2019,RB,820601,NYG,14359,,31826.0,,3114047.0,75.0,Tennessee,13931.0,84.0,12b701c8-7f40-4437-aeef-782fd1d25f2e,,255.0,,14032.0,,787467600.0,3115349.0,,Johnson,Jakob
Kevin Rader,FA,2018,TE,840531,FA,14363,,31441.0,,2925426.0,76.0,Youngstown State,13119.0,88.0,1ea6e870-84ff-44ba-8302-f0f08623fa26,,250.0,,13623.0,,798872400.0,3049290.0,,Rader,Kevin
Austin Walter,FA,2019,RB,839390,FA,14368,,32383.0,,3116876.0,68.0,Rice,14170.0,32.0,e25b6e0d-efa3-4425-bab6-5f846b902195,,202.0,,14584.0,,840258000.0,,,Walter,Austin
Tanner Hudson,FA,2018,TE,1115394,CIN,14370,,31257.0,,,77.0,Southern Arkansas,13286.0,87.0,2fa75e05-cac4-4b40-8924-dbc9ae0c959c,,239.0,,,,784616400.0,,,Hudson,Tanner
Abdullah Anderson,FA,2018,DE,832993,FA,14377,,31657.0,,2926782.0,76.0,Bucknell,13237.0,92.0,3bdd0681-066b-477f-bca9-6b38bad6d8e9,,295.0,,13792.0,,822459600.0,3119119.0,,Anderson,Abdullah
Josh Woods,FA,2018,LB,836080,FA,14379,,31753.0,,,73.0,Maryland,13361.0,10.0,abdf27dc-a54d-427c-a745-173f1c485292,,230.0,,13885.0,,836197200.0,,,Woods,Josh
Malik Reed,FA,2019,DE,821593,FA,14384,,32220.0,,2131312.0,74.0,Nevada,13907.0,52.0,7f35aa83-30f3-4997-b5de-11b0c19e90cb,,245.0,,,,839221200.0,,,Reed,Malik
Jonathan Ledbetter,FA,2019,DE,871367,FA,14400,,32440.0,,2180466.0,76.0,Georgia,13787.0,93.0,c03646a8-503b-49a9-8251-b9c44f13a2ff,,282.0,,14304.0,,874040400.0,,,Ledbetter,Jonathan
Sam Eguavoen,FA,2019,LB,0,NYJ,14401,,31815.0,,3103639.0,73.0,Texas Tech,13561.0,52.0,3b4c4797-d35d-4885-93a3-06d85242b522,,236.0,,,,730357200.0,2577637.0,,Eguavoen,Sam
Carl Granderson,FA,2019,DE,868212,NOS,14405,,32490.0,,2181068.0,77.0,Wyoming,13784.0,96.0,d9cf7aa3-71b1-4ef2-98c5-3db5d44b6f1e,,261.0,,14174.0,,850885200.0,,,Granderson,Carl
Alex Singleton,FA,2015,LB,608786,DEN,14412,,28716.0,,,74.0,Montana State,10811.0,49.0,954d9ed8-41ed-4222-b0d8-b3cc8d1755a5,,240.0,,10782.0,,755240400.0,,,Singleton,Alex
Jonathan Owens,FA,2018,S,1115406,CHI,14414,,13813.0,,,71.0,Missouri Western,13218.0,36.0,411c2af8-64c9-4982-8d72-3ba4c683c0db,,210.0,,13511.0,,806389200.0,,,Owens,Jonathan
Alec Ingold,FA,2019,RB,880322,MIA,14420,,32344.0,,2183930.0,73.0,Wisconsin,13806.0,30.0,7ade135c-0760-4548-b7d9-cf1174e2be33,,232.0,,14561.0,,836888400.0,,,Ingold,Alec
Matthew Wright,FA,2019,PK,838418,FA,14426,,32174.0,,3116875.0,71.0,Central Florida,14189.0,8.0,f0c7de3c-9e8b-4c3d-b42f-985f29ce163f,,174.0,,14420.0,,827470800.0,3128444.0,,Wright,Matthew
Jeremy Reaves,FA,2018,S,837722,WAS,14434,,31582.0,,,71.0,South Alabama,12827.0,39.0,186a4bda-d3b3-48c1-8ed7-cb4ad1014062,,200.0,,13405.0,,841294800.0,,,Reaves,Jeremy
Christian Kuntz,FA,2017,LB,699184,PIT,14442,,30954.0,,,73.0,Duquesne,12977.0,46.0,0c306d14-6fe6-4b4e-b87f-871c72441947,,228.0,,13042.0,,766213200.0,,,Kuntz,Christian
Chris Lammons,FA,2018,CB,835746,IND,14452,,26130.0,,2139732.0,70.0,South Carolina,13017.0,35.0,bb5e3914-d941-4f05-8c45-bc9c520490ef,,190.0,,13549.0,,823064400.0,3128630.0,,Lammons,Chris
Del'Shawn Phillips,FA,2019,LB,821487,HOU,14467,,32118.0,,3116938.0,74.0,Illinois,14025.0,13.0,a3d59d11-8d6a-4cfa-9c5d-3387d20de7f9,,230.0,,,,844837200.0,4240528.0,,Phillips,Del'Shawn
Tyrel Dodson,FA,2019,LB,922129,SEA,14472,,32411.0,,2249181.0,72.0,Texas A&M,13512.0,25.0,1881d1a7-218b-4690-9065-497946d1ec1e,,237.0,,,,898750800.0,4035232.0,,Dodson,Tyrel
D.J. Montgomery,FA,2019,WR,1063397,FA,14486,,32283.0,,3116788.0,73.0,Austin Peay,14129.0,2.0,021f2c32-0876-4db3-9605-e829f7d449d7,,201.0,,,,848206800.0,4249030.0,,Montgomery,D.J.
Jamie Gillan,FA,2019,PN,891880,NYG,14489,,32277.0,,,73.0,Arkansas-Pine Bluff,14147.0,6.0,bc63567a-81e7-44c9-a85f-8aa9532ab4fd,,207.0,,,,867992400.0,,,Gillan,Jamie
Luke Gifford,FA,2019,LB,821248,TEN,14495,,32205.0,,3117022.0,75.0,Nebraska,14068.0,57.0,bc8260d5-231f-4337-9979-7c1c40bc6cd0,,243.0,,,,809586000.0,3116097.0,,Gifford,Luke
Tom Kennedy,FA,2019,WR,837087,DET,14503,,32561.0,,3117113.0,70.0,Bryant,14246.0,85.0,dc51b38c-dc82-44ee-a88b-764d681ce58a,,195.0,,,,838616400.0,3126997.0,,Kennedy,Tom
Anthony Pittman,FA,2019,LB,1166932,FA,14506,,32457.0,,3117026.0,75.0,"Wayne State, Mich.",14211.0,57.0,23df1eb7-f589-4e49-bb31-0b4ce983fe32,,224.0,,,,848811600.0,4423367.0,,Pittman,Anthony
Curtis Bolton,FA,2019,LB,820700,FA,14509,,32266.0,,3116793.0,72.0,Oklahoma,14103.0,58.0,dd62d18d-3438-408f-8b53-a68399bd4a04,,228.0,,,,819262800.0,3116367.0,,Bolton,Curtis
Jalen Thompson,FA,2019,S,910649,ARI,14518,,32623.0,,3126183.0,71.0,Washington State,14330.0,34.0,56992f39-70e7-4b6a-86da-0a4776504e7a,,190.0,,,,900738000.0,,,Thompson,Jalen
Jordan Kunaszyk,FA,2019,LB,923359,MIN,14519,,32151.0,,2250824.0,75.0,California,14257.0,45.0,fceeeac9-470d-4864-bc19-36c5d03013b0,,235.0,,,,845355600.0,4035866.0,,Kunaszyk,Jordan
Malik Taylor,FA,2019,WR,1166944,NYJ,14533,,32488.0,,3117089.0,73.0,Ferris State,14002.0,86.0,228b0dd8-3f75-4b60-90d1-59036858b8ae,,220.0,,,,819522000.0,,,Taylor,Malik
Darius Harris,FA,2019,LB,822641,FA,14543,,32359.0,,3116857.0,74.0,Middle Tennessee,14180.0,59.0,fa443b6d-6d31-4030-9afa-b223f08b03d7,,238.0,,,,821854800.0,3122906.0,,Harris,Darius
Nsimba Webster,FA,2019,WR,828656,CHI,14549,,32137.0,,3117157.0,70.0,Eastern Washington,14012.0,83.0,bbc981ff-556b-4346-abea-f6efc0f94001,,180.0,,,,822718800.0,3119317.0,,Webster,Nsimba
Trenton Irwin,FA,2019,WR,884943,CIN,14551,,32438.0,,3117052.0,74.0,Stanford,13626.0,16.0,ee79ad2e-353a-40cd-9344-c9d84f7e4b63,,200.0,,,,818571600.0,,,Irwin,Trenton
Khari Blasingame,FA,2019,RB,835845,CHI,14552,,32140.0,,2139744.0,72.0,Vanderbilt,13998.0,35.0,bd12a2c0-e6ce-460b-9f09-27b75c306608,,233.0,,,,836197200.0,3122154.0,,Blasingame,Khari
Gunner Olszewski,FA,2019,WR,1168410,NYG,14555,,32612.0,,3117210.0,72.0,Bemidji State,14318.0,80.0,625a1777-dd9a-48c6-b512-c450b0914450,,190.0,,,,848984400.0,,,Olszewski,Gunner
Deonte Harty,FA,2019,WR,1166545,BAL,14558,,32398.0,,3116892.0,66.0,Assumption,14191.0,3.0,8f1147cb-3040-4128-b113-5813816241ec,,170.0,,,,881211600.0,,,Harty,Deonte
Jeff Smith,FA,2019,WR,883429,FA,14561,,32533.0,,2185927.0,73.0,Boston College,13934.0,86.0,767b1112-c77a-4a58-89b4-30f1ffa2a497,,195.0,,,,861598800.0,,,Smith,Jeff
Azeez Al-Shaair,FA,2019,LB,866464,HOU,14590,,32318.0,,2183512.0,74.0,Florida Atlantic,13829.0,2.0,e9348fc5-273d-4ac3-9760-462f37c025dc,,228.0,,,,870670800.0,,,Al-Shaair,Azeez
Olamide Zaccheaus,FA,2019,WR,883976,WAS,14592,,32123.0,,2186266.0,68.0,Virginia,13833.0,14.0,d8281390-f081-41e5-b55e-75779536fe94,,193.0,,,,869634000.0,,,Zaccheaus,Olamide
Kevin Strong,FA,2019,DT,835485,FA,14595,,32461.0,,3117029.0,76.0,Texas-San Antonio,14213.0,92.0,6c8c270b-7412-452a-a221-7ec5600cc2a3,,295.0,,,,839221200.0,3124052.0,,Strong,Kevin
Joey Slye,FA,2019,PK,836963,NEP,14600,,32384.0,,3116871.0,71.0,Virginia Tech,14172.0,13.0,ef4998e0-c9ef-4afe-88ab-d09b48975a08,,213.0,,,,829112400.0,,,Slye,Joey
Patrick Laird,FA,2019,RB,835694,FA,14612,,32439.0,,2139562.0,73.0,California,13913.0,25.0,5c424ecf-07c8-471e-a400-8d5f834af2e0,,205.0,,,,808635600.0,3127211.0,,Laird,Patrick
Steven Sims,FA,2019,WR,877596,HOU,14613,,32187.0,,3116703.0,70.0,Kansas,14055.0,82.0,4a213e4e-b0ba-4124-833e-33c528bd5908,,176.0,,,,859784400.0,,,Sims,Steven
Micah Abernathy,FA,2019,S,877193,ATL,14624,,32139.0,,2180502.0,72.0,Tennessee,14154.0,29.0,5e32839d-6ea9-4f92-8209-520a980ffcde,,195.0,,,,855550800.0,,,Abernathy,Micah
A.J. Cole,FA,2019,PN,866061,LVR,14630,,32386.0,,,76.0,North Carolina State,14171.0,6.0,36f93677-a95b-4362-ac5f-6722f5c05b6d,,220.0,,,,817448400.0,,,Cole,A.J.
Tristan Vizcaino,FA,2019,PK,837827,FA,14650,,31808.0,,3103638.0,74.0,Washington,13496.0,16.0,cefd0600-93f2-4e0f-9624-81e3dc495c1d,,203.0,,,,838789200.0,,,Vizcaino,Tristan
Kevin Givens,FA,2019,DT,883319,SFO,14652,,32321.0,,2185968.0,73.0,Penn State,13519.0,90.0,2a86a6b4-58ef-42f5-aff9-d5d979bea6c7,,285.0,,,,857192400.0,,,Givens,Kevin
Keisean Nixon,FA,2019,CB,0,GBP,14669,,32348.0,,3116813.0,70.0,South Carolina,13701.0,25.0,e94ac14d-0122-4dc8-ad20-b71226cb8cfe,,200.0,,,,866955600.0,,,Nixon,Keisean
Daniel Ekuale,FA,2018,DT,0,NEP,14670,,31454.0,,,75.0,Washington State,13142.0,95.0,55998ec0-4d69-4d14-a2f4-cf72de36e998,,310.0,,,,758437200.0,,,Ekuale,Daniel
Troy Reeder,FA,2019,LB,0,LAR,14672,,32135.0,,2139310.0,75.0,Delaware,14013.0,59.0,d0412c6f-ac97-420c-a9e2-1ca587c480b2,,236.0,,,,779432400.0,,,Reeder,Troy
Shy Tuttle,FA,2019,DT,0,CAR,14675,,32497.0,,2180542.0,75.0,Tennessee,14286.0,99.0,c8fb3887-c2bb-4038-af6f-f9b81aeee0ac,,300.0,,,,814165200.0,,,Tuttle,Shy
Kyle Phillips,FA,2019,DE,0,FA,14676,,32530.0,,2180531.0,76.0,Tennessee,13708.0,91.0,4e2c85e2-3efb-4c5e-ba5e-3c75202e4f00,,277.0,,,,862808400.0,,,Phillips,Kyle
Roderic Teamer,FA,2019,S,0,FA,14702,,32552.0,,3117066.0,72.0,Tulane,14267.0,30.0,dba7bc1b-c414-404a-8845-4b0245df64a9,,205.0,,,,863413200.0,3917058.0,,Teamer,Roderic
Jonathan Harris,FA,2019,DT,0,FA,14716,,32254.0,,3116773.0,77.0,Lindenwood,14144.0,98.0,29815a83-1d6b-4e1b-b1c6-9bf44e7166c9,,295.0,,,,839134800.0,4422407.0,,Harris,Jonathan
Chase McLaughlin,FA,2019,PK,0,TBB,14717,,32417.0,,2165272.0,72.0,Illinois,14254.0,4.0,12d28404-63e1-432f-adde-c93631a5c39c,,190.0,,,,829026000.0,,,McLaughlin,Chase
Nik Needham,FA,2019,CB,0,FA,14722,,32443.0,,3117055.0,73.0,Texas-El Paso,14077.0,40.0,03e6a751-5206-4f9e-8ffa-f92672f7c159,,196.0,,,,847083600.0,3124702.0,,Needham,Nik
Craig Reynolds,FA,2019,RB,0,DET,14727,,32596.0,,,71.0,Kutztown,13960.0,13.0,0deb1dc9-0945-470d-8352-220d26d03d7d,,216.0,,,,834814800.0,,,Reynolds,Craig
Jesper Horsted,FA,2019,TE,0,FA,14752,,32576.0,,3117107.0,75.0,Princeton,13639.0,84.0,48c56733-6644-42ee-9020-07bd2deba1ad,,237.0,,,,857019600.0,3940587.0,,Horsted,Jesper
Kevin Stefanski,FA,0,Coach,0,CLE,14776,,,,,,,,,e266a725-2c3d-4222-be78-19bc78e5b85e,,,,,,389682000.0,,,Stefanski,Kevin
Joe Burrow,CIN,2020,QB,0,CIN,14777,Joe_Burrow10,32671.0,,2179798.0,76.0,LSU,14442.0,9.0,3023ac10-4e7f-425f-9fc5-2b8e6332c92e,1.0,215.0,1.0,,,850194000.0,,,Burrow,Joe
Tua Tagovailoa,MIA,2020,QB,0,MIA,14778,Tuaamann,32675.0,,2741209.0,73.0,Alabama,14465.0,1.0,26ad9c27-de38-495e-913c-6fb2428e76d3,5.0,225.0,1.0,,,888814800.0,4241479.0,,Tagovailoa,Tua
Justin Herbert,LAC,2020,QB,0,LAC,14779,Justin10Herbert,32676.0,,2221960.0,78.0,Oregon,14446.0,10.0,f0a8f8e3-b9e9-46ed-85e4-eec6452a8a44,6.0,236.0,1.0,,,889506000.0,,,Herbert,Justin
Jacob Eason,IND,2020,QB,0,FA,14780,skinnyqb10,32792.0,,2240210.0,78.0,Washington,14401.0,9.0,060d05d6-aa31-4571-9f91-12c8050b6aaf,16.0,231.0,4.0,,,879742800.0,4035003.0,,Eason,Jacob
Jake Fromm,BUF,2020,QB,0,FA,14781,FrommJake,32837.0,,2803326.0,74.0,Georgia,14486.0,11.0,12ce10f6-7f95-42db-8ed3-36b14933484f,21.0,215.0,5.0,,,901774800.0,4240689.0,,Fromm,Jake
Jordan Love,GBP,2020,QB,0,GBP,14782,jordan3love,32696.0,,2239997.0,76.0,Utah State,14371.0,10.0,e5094779-e94f-4052-8597-bdbee3719f6b,26.0,219.0,1.0,,,909982800.0,4036378.0,,Love,Jordan
Jalen Hurts,PHI,2020,QB,0,PHI,14783,JalenHurts,32723.0,,2240246.0,73.0,Oklahoma,14416.0,1.0,64bd0f02-6a5d-407e-98f1-fd02048ea21d,21.0,223.0,2.0,,,902466000.0,,,Hurts,Jalen
Tyler Huntley,FA,2020,QB,0,FA,14789,,32993.0,,3159137.0,73.0,Utah,14563.0,10.0,7c226f73-a59f-4db6-ad98-2766d05d4d5a,,205.0,,,,886482000.0,4035671.0,,Huntley,Tyler
D'Andre Swift,DET,2020,RB,0,CHI,14797,DAndreSwift,32705.0,,2871710.0,69.0,Georgia,14394.0,4.0,cc4b5f58-a11c-4450-a1df-617ad88336e4,3.0,215.0,2.0,,,916290000.0,,,Swift,D'Andre
Zack Moss,BUF,2020,RB,0,CIN,14798,PresMoss2,32756.0,,2240516.0,70.0,Utah,14564.0,31.0,d8fef424-aa41-4c26-9bce-1265b53cd5e2,22.0,215.0,3.0,,,882162000.0,,,Moss,Zack
Cam Akers,LAR,2020,RB,0,HOU,14799,thereal_cam3,32722.0,,2804034.0,70.0,Florida State,14383.0,22.0,74980532-8158-4b56-91db-5053878737b4,20.0,217.0,2.0,,,930027600.0,4240021.0,,Akers,Cam
J.K. Dobbins,BAL,2020,RB,0,LAC,14800,jkdobbins22,32725.0,,2804420.0,70.0,Ohio State,14418.0,27.0,a57b9914-4315-4295-98b4-9b348c52d6a1,23.0,215.0,2.0,,,913870800.0,,,Dobbins,J.K.
Eno Benjamin,ARI,2020,RB,0,FA,14801,eno_benjamin5,32892.0,,2760832.0,69.0,Arizona State,14372.0,26.0,aebf7b65-da15-4499-b1af-6687fa50b2e4,8.0,207.0,7.0,,,923979600.0,,,Benjamin,Eno
Jonathan Taylor,IND,2020,RB,0,IND,14802,JayT23,32711.0,,2866395.0,70.0,Wisconsin,14455.0,28.0,925195a4-06ba-4e37-ae7d-a3d6a5419139,9.0,226.0,2.0,,,916722000.0,,,Taylor,Jonathan
Clyde Edwards-Helaire,KCC,2020,RB,0,KCC,14803,,32702.0,,2804554.0,67.0,LSU,14514.0,25.0,8aa01565-4481-443a-9951-642c98ded113,32.0,207.0,1.0,,,923806800.0,4242214.0,,Edwards-Helaire,Clyde
Anthony McFarland,PIT,2020,RB,0,FA,14804,,32794.0,,2804293.0,68.0,Maryland,14357.0,26.0,30487ab2-836d-4e4b-a46a-89e31b414374,18.0,193.0,4.0,,,920523600.0,4241941.0,,McFarland,Anthony
AJ Dillon,GBP,2020,RB,0,GBP,14805,ajdillon7,32732.0,,2867083.0,72.0,Boston College,14370.0,28.0,e10bfeb8-ea01-47bc-bfa8-45f6dcbf71b3,30.0,247.0,2.0,,,894085200.0,4239934.0,,Dillon,AJ
Lamical Perine,NYJ,2020,RB,0,FA,14806,lp_deucedeuce,32790.0,,2248610.0,71.0,Florida,14427.0,38.0,f86e291f-d678-463c-93cb-beedab9a309a,14.0,216.0,4.0,,,886136400.0,4034952.0,,Perine,Lamical
Joshua Kelley,LAC,2020,RB,0,FA,14807,SmoothplayJK,32782.0,,2183195.0,71.0,UCLA,14494.0,25.0,62542e04-3c44-4b75-8165-be674c8be75f,6.0,212.0,4.0,,,880002000.0,3910544.0,,Kelley,Joshua
Darrynton Evans,TEN,2020,RB,0,BUF,14808,ItzLiveee,32763.0,,2240806.0,70.0,Appalachian State,14400.0,37.0,eb3c219d-6489-4f2f-a542-bdbf7423a325,29.0,203.0,3.0,,,899960400.0,4036431.0,,Evans,Darrynton
Ke'Shawn Vaughn,TBB,2020,RB,0,FA,14810,SneakVaughn,32746.0,,2179704.0,70.0,Vanderbilt,14557.0,43.0,4b0a90db-f007-4ac1-8542-b531342b9da5,12.0,214.0,3.0,,,862722000.0,3917612.0,,Vaughn,Ke'Shawn
Salvon Ahmed,FA,2020,RB,0,FA,14811,,33265.0,,2815163.0,71.0,Washington,14453.0,26.0,0dbbd211-0372-4751-9751-e4df4ab1f8eb,,197.0,,,,914994000.0,4243315.0,,Ahmed,Salvon
James Robinson,FA,2020,RB,0,FA,14813,,33138.0,,2257036.0,69.0,Illinois State,14660.0,26.0,5fc196a1-2015-49c7-85b2-1adbd2c33cf5,,219.0,,,,902638800.0,,,Robinson,James
DeeJay Dallas,SEA,2020,RB,0,ARI,14815,DallasDeejay,32814.0,,2804094.0,70.0,Miami,14410.0,20.0,48ef5bfa-7b91-4ed1-ad12-e94c0bc101c2,38.0,214.0,4.0,,,905922000.0,,,Dallas,DeeJay
Patrick Taylor,FA,2020,RB,0,SFO,14817,,33235.0,,2256736.0,74.0,Memphis,14573.0,32.0,ef87e355-8e0c-40ed-a85d-bca4896d4f1e,,217.0,,,,893826000.0,,,Taylor,Patrick
JaMycal Hasty,FA,2020,RB,0,NEP,14821,,33199.0,,2189504.0,68.0,Baylor,14392.0,39.0,c6c50d09-f14f-41c2-9eb3-87514f0121f6,,205.0,,,,842504400.0,,,Hasty,JaMycal
Rico Dowdle,FA,2020,RB,0,DAL,14823,,33100.0,,2252798.0,72.0,South Carolina,14657.0,23.0,bba755a2-63b6-4ac1-b806-0609816135de,,215.0,,,,897800400.0,,,Dowdle,Rico
J.J. Taylor,FA,2020,RB,0,FA,14827,,33028.0,,2252786.0,66.0,Arizona,14459.0,38.0,879325b1-c961-4c9a-a3a4-679d77a28293,,185.0,,,,883890000.0,4039607.0,,Taylor,J.J.
Tony Jones,FA,2020,RB,0,FA,14828,,33114.0,,2260681.0,71.0,Notre Dame,14423.0,37.0,83d4c4c3-3c40-49b1-8b86-25d256a0b5ad,,224.0,,,,880347600.0,4046676.0,,Jones,Tony
CeeDee Lamb,DAL,2020,WR,0,DAL,14832,_CeeDeeThree,32687.0,,2865251.0,74.0,Oklahoma,14411.0,88.0,a72ea15b-5199-4101-a300-846e1c655add,17.0,200.0,1.0,,,923547600.0,4241389.0,,Lamb,CeeDee
Jerry Jeudy,DEN,2020,WR,0,CLE,14833,jerryjeudy,32685.0,,2741201.0,73.0,Alabama,14458.0,3.0,eaaa4a61-c2a7-4926-8e9b-3ec71be2f991,15.0,195.0,1.0,,,924930000.0,,,Jeudy,Jerry
Henry Ruggs,LVR,2020,WR,0,FA,14834,__RUGGS,32682.0,,,72.0,Alabama,14473.0,11.0,8a453858-7309-49ae-b8eb-de691847393f,12.0,190.0,1.0,,,917154000.0,,,Ruggs,Henry
Tee Higgins,CIN,2020,WR,0,CIN,14835,teehiggins5,32703.0,,2809208.0,76.0,Clemson,14506.0,5.0,7963b029-5de4-4541-b00a-44eefe4349af,1.0,219.0,2.0,,,917499600.0,4239993.0,,Higgins,Tee
Justin Jefferson,MIN,2020,WR,0,MIN,14836,JJettas2,32692.0,,2871343.0,73.0,LSU,14509.0,18.0,4131d4ee-0318-4bb5-832a-4dec80668a4f,22.0,195.0,1.0,,,929509200.0,4262921.0,,Jefferson,Justin
KJ Hamler,DEN,2020,WR,0,BUF,14837,Kj_hamler,32716.0,,2804432.0,69.0,Penn State,14462.0,19.0,89338a12-65a8-4670-ac99-97281732ff79,14.0,178.0,2.0,,,931410000.0,4240380.0,,Hamler,KJ
Laviska Shenault,JAC,2020,WR,0,SEA,14838,Viska2live,32712.0,,,73.0,Colorado,14358.0,81.0,131d3b1a-5746-499e-98ee-4bbf67cd377e,10.0,224.0,2.0,,,907563600.0,,,Shenault,Laviska
Jalen Reagor,PHI,2020,WR,0,FA,14839,jalenreagor,32691.0,,2803733.0,71.0,TCU,14421.0,83.0,06ff7f42-5fe7-4899-84a5-9ba5349d17e8,21.0,197.0,1.0,,,915166800.0,4241802.0,,Reagor,Jalen
Brandon Aiyuk,SFO,2020,WR,0,SFO,14840,THE2ERA,32695.0,,2967489.0,72.0,Arizona State,14386.0,11.0,c90471cc-fa60-4416-9388-5aebb5d877eb,25.0,200.0,1.0,,,890110800.0,,,Aiyuk,Brandon
Chase Claypool,PIT,2020,WR,0,FA,14841,ChaseClaypool,32719.0,,2260676.0,76.0,Notre Dame,14433.0,14.0,53ed110c-f022-4759-afd3-1cd3436dbba7,17.0,238.0,2.0,,,899787600.0,4046692.0,,Claypool,Chase
Michael Pittman,IND,2020,WR,0,IND,14842,MikePitt_Jr,32704.0,,2240188.0,76.0,USC,14378.0,11.0,1aefd5e2-1f85-471a-91a5-4aad4cf6fe6d,2.0,223.0,2.0,,,876027600.0,,,Pittman,Michael
Lynn Bowden,LVR,2020,WR,0,FA,14843,LynnBowden_1,32750.0,,2875380.0,73.0,Kentucky,14460.0,5.0,bd783f2e-b931-4d3e-ab71-60fa1431f598,16.0,204.0,3.0,,,876805200.0,,,Bowden,Lynn
Bryan Edwards,LVR,2020,WR,0,FA,14844,B__ED89,32751.0,,2221840.0,75.0,South Carolina,14577.0,11.0,5abee27b-2710-46ed-b110-fece5c2654e8,17.0,215.0,3.0,,,910933200.0,,,Edwards,Bryan
Gabriel Davis,BUF,2020,WR,0,JAC,14845,DavisGB1,32798.0,,2804813.0,74.0,UCF,14359.0,13.0,dc397432-7157-4ce4-976d-b9662cc6f551,22.0,225.0,4.0,,,922942800.0,,,Davis,Gabriel
Denzel Mims,NYJ,2020,WR,0,FA,14846,Zel5Zelly,32729.0,,2253076.0,75.0,Baylor,14539.0,83.0,adfc13b3-1eb6-49f3-9ba6-d4d87fd13685,27.0,207.0,2.0,,,876459600.0,4035403.0,,Mims,Denzel
Devin Duvernay,BAL,2020,WR,0,JAC,14847,Dev_Duv5,32762.0,,2246849.0,71.0,Texas,14636.0,12.0,d93dbc83-e604-4823-a24e-d162cbd8d4d9,28.0,202.0,3.0,,,874040400.0,,,Duvernay,Devin
James Proche,BAL,2020,WR,0,FA,14848,jamesproche3,32871.0,,2180769.0,71.0,SMU,14415.0,11.0,c65488d4-251e-40fc-9f32-7019bbdaf75e,22.0,193.0,6.0,,,843282000.0,3916204.0,,Proche,James
Isaiah Hodgins,BUF,2020,WR,0,FA,14849,IsaiahHodgins,32877.0,,2783899.0,75.0,Oregon State,14356.0,18.0,1d1c217b-6407-40d7-aebb-ba95fa05d127,28.0,200.0,6.0,,,908946000.0,4242540.0,,Hodgins,Isaiah
Quintez Cephus,DET,2020,WR,0,FA,14850,QoDeep_87,32836.0,,2251870.0,73.0,Wisconsin,14466.0,81.0,3bd012f5-1fdf-4ed7-b660-5013122df93f,20.0,208.0,5.0,,,891406800.0,4035793.0,,Cephus,Quintez
Antonio Gibson,WAS,2020,RB,0,NEP,14852,antoniogibson14,32736.0,,2960976.0,72.0,Memphis,14639.0,21.0,c0a8a5d0-583f-457a-9d96-70027d3f69e7,2.0,228.0,3.0,,,898578000.0,4360294.0,,Gibson,Antonio
Collin Johnson,JAC,2020,WR,0,FA,14853,Call_In_Johnson,32835.0,,2240315.0,78.0,Texas,14545.0,80.0,214ae0bc-d6ed-4216-a154-f253c85bb90b,19.0,222.0,5.0,,,874990800.0,,,Johnson,Collin
Austin Mack,FA,2020,WR,0,FA,14855,,33039.0,,2239784.0,74.0,Ohio State,14546.0,81.0,126811e0-f856-49c2-b36d-15e71e06f4c0,,215.0,,,,873003600.0,4040623.0,,Mack,Austin
Donovan Peoples-Jones,CLE,2020,WR,0,FA,14857,dpeoplesjones,32857.0,,2819119.0,74.0,Michigan,14457.0,19.0,924edb03-29a9-42ae-92dd-ef7e8a498095,8.0,204.0,6.0,,,919400400.0,4258195.0,,Peoples-Jones,Donovan
Van Jefferson,LAR,2020,WR,0,PIT,14858,,32727.0,,2186342.0,73.0,Florida,14430.0,11.0,8e1285f7-6e4c-41e4-aac9-92e09f9f32b2,25.0,200.0,2.0,,,838357200.0,,,Jefferson,Van
Trishton Jackson,FA,2020,WR,0,MIN,14859,,33253.0,,2253371.0,73.0,Syracuse,14402.0,8.0,9a2cd41e-a6e8-42d6-aad4-65c42939d733,,191.0,,,,889419600.0,,,Jackson,Trishton
Jauan Jennings,SFO,2020,WR,0,SFO,14860,,32887.0,,2180514.0,75.0,Tennessee,14376.0,15.0,3ae9f0fa-c711-4663-80cf-4707856c07aa,3.0,212.0,7.0,,,868510800.0,3886598.0,,Jennings,Jauan
Juwan Johnson,FA,2020,TE,0,NOS,14861,,33113.0,,2186637.0,76.0,Oregon,14630.0,83.0,0226b03b-f91d-4223-9813-9fcd2e9c3acc,,231.0,,,,842590800.0,3929645.0,,Johnson,Juwan
Joe Reed,LAC,2020,WR,0,FA,14862,JoeBee_2,32821.0,,2251260.0,72.0,Virginia,14428.0,80.0,4c449f2b-a566-4c9c-882c-a70991d1aa54,5.0,224.0,5.0,,,883890000.0,,,Reed,Joe
Tyler Johnson,TBB,2020,WR,0,LAR,14864,T_muhneyy10,32831.0,,1620002.0,73.0,Minnesota,14432.0,18.0,93c17735-5275-45cf-b3ef-620351c62313,15.0,208.0,5.0,,,904021200.0,,,Johnson,Tyler
Freddie Swain,SEA,2020,WR,0,FA,14865,,32884.0,,2221836.0,72.0,Florida,14644.0,86.0,81997ce2-9e70-4014-999a-25ebb405dbf6,35.0,199.0,6.0,,,902206800.0,4034950.0,,Swain,Freddie
Cole Kmet,CHI,2020,TE,0,CHI,14867,ColeKmet,32713.0,,2868619.0,78.0,Notre Dame,14436.0,85.0,036feeb6-9a22-43c5-a8e3-7ac611d8ff49,11.0,260.0,2.0,,,921042000.0,,,Kmet,Cole
Brycen Hopkins,LAR,2020,TE,0,FA,14868,Itsbhop89,32806.0,,2183906.0,76.0,Purdue,14586.0,88.0,39cb1520-dda8-4167-95c4-4947c8383bc4,30.0,245.0,4.0,,,859438800.0,,,Hopkins,Brycen
Adam Trautman,NOS,2020,TE,0,DEN,14870,,32775.0,,2182228.0,77.0,Dayton,14541.0,82.0,4e14183b-f974-4745-9d7f-8f5eb2a92a7d,41.0,253.0,3.0,,,855118800.0,,,Trautman,Adam
Colby Parkinson,SEA,2020,TE,0,LAR,14871,,32803.0,,2867522.0,79.0,Stanford,14463.0,86.0,1ea7affb-e5e7-491a-aaa3-55e200b2eb48,27.0,265.0,4.0,,,915771600.0,,,Parkinson,Colby
Albert Okwuegbunam,DEN,2020,TE,0,PHI,14873,AOkwuegbunam,32788.0,,2245117.0,77.0,Missouri,14369.0,85.0,617aee8a-70be-4bdf-9a71-2e2b74e647e6,12.0,258.0,4.0,,,893480400.0,,,Okwuegbunam,Albert
Harrison Bryant,CLE,2020,TE,0,LVR,14875,hbryant17,32785.0,,2241240.0,77.0,Florida Atlantic,14576.0,84.0,f58a5899-8b78-46e8-a29a-ba6273b7d872,9.0,230.0,4.0,,,893307600.0,,,Bryant,Harrison
Josiah Deguara,GBP,2020,TE,0,FA,14876,JosiahD5,32764.0,,2181108.0,74.0,Cincinnati,14629.0,81.0,7874d188-0fcd-4af9-9289-27c27e2bbd16,30.0,238.0,3.0,,,855896400.0,3914151.0,,Deguara,Josiah
Chase Young,WAS,2020,DE,0,NOS,14877,youngchase907,32672.0,,2829229.0,77.0,Ohio State,14452.0,99.0,9947409c-4a34-45f5-99a1-aa6daa13c430,2.0,265.0,1.0,,,924066000.0,4241986.0,,Young,Chase
Yetur Gross-Matos,CAR,2020,DE,0,SFO,14878,__lobo99,32707.0,,2868927.0,77.0,Penn State,14355.0,94.0,d96afcfe-32fb-4a59-b75c-94a6184d3136,6.0,265.0,2.0,,,888469200.0,,,Gross-Matos,Yetur
A.J. Epenesa,BUF,2020,DE,0,BUF,14879,ajepenesa24,32724.0,,2865969.0,78.0,Iowa,14501.0,57.0,3fa3a270-f8b2-4d53-a265-84bc928af5c5,22.0,260.0,2.0,,,905835600.0,4240585.0,,Epenesa,A.J.
Khalid Kareem,CIN,2020,DE,0,FA,14880,khalid_kareem53,32817.0,,2240621.0,76.0,Notre Dame,14684.0,52.0,3f4fe254-f18f-4b56-83e0-c37cfc72c7f7,1.0,268.0,5.0,,,893739600.0,4039029.0,,Kareem,Khalid
Jonathan Greenard,HOU,2020,DE,0,MIN,14882,jongreenard7,32760.0,,2181166.0,75.0,Florida,14550.0,58.0,bc69c92c-58ff-44b2-a18b-07a08ee78dc6,26.0,259.0,3.0,,,864536400.0,,,Greenard,Jonathan
Marlon Davidson,ATL,2020,DT,0,TEN,14883,marlondavidson7,32717.0,,2222006.0,75.0,Auburn,14540.0,90.0,73afc75b-68f0-4cb0-823d-5bfe33969766,15.0,303.0,2.0,,,894862800.0,,,Davidson,Marlon
Isaiah Simmons,ARI,2020,S,0,NYG,14887,isaiahsimmons25,32678.0,,2239532.0,76.0,Clemson,14525.0,19.0,b87d80b7-f129-4f3d-938a-1272f8122589,8.0,238.0,1.0,,,901429200.0,4035462.0,,Simmons,Isaiah
K'Lavon Chaisson,JAC,2020,DE,0,FA,14888,S4CKGURU,32690.0,,2804551.0,75.0,LSU,14523.0,45.0,74439c42-a6db-4a9a-be25-559f3e03ef59,20.0,254.0,1.0,,,932878800.0,4242205.0,,Chaisson,K'Lavon
Kenneth Murray,LAC,2020,LB,0,TEN,14889,KennethMurray,32693.0,,2804138.0,74.0,Oklahoma,14434.0,56.0,79bf0ca5-a8db-4c39-a40b-67674ccb60d0,23.0,241.0,1.0,,,911192400.0,,,Murray,Kenneth
Jacob Phillips,CLE,2020,LB,0,FA,14890,jacobphilly,32767.0,,2804564.0,75.0,LSU,14517.0,22.0,894c783a-ddcd-4dba-b337-06d7db037a6e,33.0,228.0,3.0,,,922942800.0,4242206.0,,Phillips,Jacob
Malik Harrison,BAL,2020,LB,0,BAL,14891,,32768.0,,2260979.0,75.0,Ohio State,14648.0,40.0,32575119-3aca-47cb-aaaf-162c48b7d372,34.0,255.0,3.0,,,889074000.0,,,Harrison,Malik
Jordyn Brooks,SEA,2020,LB,0,MIA,14892,JordynBrooks_,32697.0,,2252263.0,72.0,Texas Tech,14739.0,20.0,ef422c88-b74f-4720-a831-947010c44ebe,27.0,240.0,1.0,,,877410000.0,,,Brooks,Jordyn
Zack Baun,NOS,2020,LB,0,PHI,14893,zackbizzaun,32744.0,,2183919.0,75.0,Wisconsin,14374.0,53.0,719a7e8e-8286-453e-8aee-d2487c45e53f,10.0,225.0,3.0,,,851922000.0,,,Baun,Zack
Anfernee Jennings,NEP,2020,DE,0,NEP,14894,anferneejenning,32757.0,,2186321.0,74.0,Alabama,14742.0,33.0,56692800-dd44-4b82-a988-398314845fd9,23.0,255.0,3.0,,,862462800.0,3925350.0,,Jennings,Anfernee
Patrick Queen,BAL,2020,LB,0,PIT,14896,Patrickqueen_,32698.0,,2804566.0,72.0,LSU,14508.0,6.0,bc4c0c7d-a6f4-4cff-95ec-a4d0523c2232,28.0,232.0,1.0,,,934520400.0,,,Queen,Patrick
Derrick Brown,CAR,2020,DT,0,CAR,14897,DerrickBrownAU5,32677.0,,2241797.0,77.0,Auburn,13852.0,95.0,9c8292c7-b406-4a31-a781-7c72aac6b053,7.0,320.0,1.0,,,892616400.0,4035495.0,,Brown,Derrick
Raekwon Davis,MIA,2020,DT,0,IND,14898,raekwondavis_99,32726.0,,2252833.0,79.0,Alabama,14538.0,98.0,9666a6bd-4321-4acd-823e-b872943a436e,24.0,325.0,2.0,,,865918800.0,4040965.0,,Davis,Raekwon
Javon Kinlaw,SFO,2020,DT,0,NYJ,14899,JavonKinlaw,32684.0,,2869019.0,77.0,South Carolina,14444.0,54.0,1a8eff7a-1057-47c9-aa82-3dbf3f47a76c,14.0,319.0,1.0,,,875854800.0,,,Kinlaw,Javon
Nnamdi Madubuike,BAL,2020,DT,0,BAL,14900,MadubuikeJustin,32741.0,,2249188.0,75.0,Texas A&M,14380.0,92.0,904f702b-e8b1-4fef-a4a0-278d18cc15e3,7.0,305.0,3.0,,,879742800.0,4035245.0,,Madubuike,Nnamdi
Neville Gallimore,DAL,2020,DT,0,LAR,14901,path2greatwork,32752.0,,2179652.0,74.0,Oklahoma,14451.0,90.0,fda10175-38e3-4678-a94c-ccd6008d40ec,18.0,315.0,3.0,,,853477200.0,3892883.0,,Gallimore,Neville
Jeff Okudah,DET,2020,CB,0,HOU,14902,jeffokudah,32673.0,,2804425.0,73.0,Ohio State,14424.0,11.0,790ae305-a3ea-4a98-a13a-31dacadec04e,3.0,205.0,1.0,,,917931600.0,4241984.0,,Okudah,Jeff
Trevon Diggs,DAL,2020,CB,0,DAL,14903,TrevonDiggs,32721.0,,2252834.0,74.0,Alabama,14389.0,7.0,02753dc9-52ac-4ed1-8086-7894d35a3bd1,19.0,195.0,2.0,,,906267600.0,4040966.0,,Diggs,Trevon
Kristian Fulton,TEN,2020,CB,0,LAC,14904,Kriss1_,32731.0,,2223248.0,71.0,LSU,14443.0,7.0,c87aaf5b-e1e9-4d18-b0f1-f328b646031d,29.0,197.0,2.0,,,904798800.0,,,Fulton,Kristian
CJ Henderson,JAC,2020,CB,0,FA,14905,HendersonChris_,32679.0,,2773013.0,73.0,Florida,14367.0,21.0,afbc5ac8-8e3f-4cb6-a96d-3b28b039bde9,9.0,205.0,1.0,,,907131600.0,4240596.0,,Henderson,CJ
Grant Delpit,CLE,2020,S,0,CLE,14907,realgrantdelpit,32714.0,,2804169.0,75.0,LSU,14507.0,9.0,1bbe7ce0-3707-4d4d-b8f6-7577008f1763,12.0,208.0,2.0,,,906267600.0,,,Delpit,Grant
Xavier McKinney,NYG,2020,S,0,GBP,14908,mckinney15__,32706.0,,2741205.0,72.0,Alabama,14617.0,29.0,dbeff2ee-8d26-48f3-b345-3cd88c374c87,4.0,201.0,2.0,,,934174800.0,,,McKinney,Xavier
Antoine Winfield,TBB,2020,S,0,TBB,14909,AntoineWJr11,32715.0,,2239774.0,69.0,Minnesota,14484.0,31.0,27732f2b-2009-4954-a0a0-d29f5ce1abdf,13.0,203.0,2.0,,,903243600.0,4034790.0,,Winfield,Antoine
Brandon Jones,MIA,2020,S,0,DEN,14910,BlessedJones33,32740.0,,2246113.0,72.0,Texas,14696.0,22.0,f0c60c6e-513b-40df-9794-d555ed59202f,6.0,191.0,3.0,,,891493200.0,,,Jones,Brandon
Ashtyn Davis,NYJ,2020,S,0,NYJ,14911,,32738.0,,2180264.0,73.0,California,14447.0,21.0,7d491979-7d1b-4b55-9f3a-f68db22d8bb1,4.0,202.0,3.0,,,844923600.0,,,Davis,Ashtyn
Rodrigo Blankenship,FA,2020,PK,0,FA,14912,,33211.0,,2183949.0,73.0,Georgia,14437.0,3.0,c8bbff7b-3b6e-413f-8945-24c01bfd84c5,,191.0,,,,854514000.0,,,Blankenship,Rodrigo
Jacques Patrick,FA,2019,RB,0,FA,14917,,32669.0,,,74.0,Florida State,13964.0,31.0,e2f3af7f-dd17-44f2-a000-d487a29f0f03,,231.0,,,,852613200.0,,,Patrick,Jacques
A.J. Terrell,ATL,2020,CB,0,ATL,14918,ajterrell_8,32686.0,,2809212.0,73.0,Clemson,14526.0,24.0,1eae2610-be1d-4f53-82a2-28cf4a2db352,16.0,194.0,1.0,,,906526800.0,4239995.0,,Terrell,A.J.
Noah Igbinoghene,MIA,2020,CB,0,WAS,14919,Noah_Igbo9,32700.0,,2829987.0,71.0,Auburn,14713.0,19.0,b4b346b6-6175-407c-a6cd-103368a1609f,30.0,197.0,1.0,,,943678800.0,,,Igbinoghene,Noah
Kyle Dugger,NEP,2020,S,0,NEP,14921,KingDugg_3,32710.0,,3150388.0,73.0,Lenoir-Rhyne University,14542.0,23.0,1d8d5c04-15e7-4346-9d1f-f128e4df3adb,5.0,216.0,2.0,,,827470800.0,,,Dugger,Kyle
Ross Blacklock,HOU,2020,DT,0,FA,14922,1krozayy,32709.0,,2240321.0,77.0,TCU,14406.0,90.0,7e2046da-1bdb-49b6-abb1-c35e725d84a3,8.0,307.0,2.0,,,899960400.0,4038557.0,,Blacklock,Ross
Darrell Taylor,SEA,2020,DE,0,CHI,14923,darrelltaylorst,32718.0,,2180538.0,76.0,Tennessee,14649.0,52.0,5670f3dd-822d-4d13-a6c9-f981354441fc,16.0,267.0,2.0,,,859179600.0,3915396.0,,Taylor,Darrell
Jaylon Johnson,CHI,2020,CB,0,CHI,14924,NBAxJay1,32720.0,,2827532.0,72.0,Utah,14627.0,1.0,99b81b41-fb3b-4650-940b-9cb3770021ba,18.0,196.0,2.0,,,924498000.0,,,Johnson,Jaylon
Josh Uche,NEP,2020,DE,0,NEP,14925,_Uche35,32730.0,,2260670.0,73.0,Michigan,14477.0,55.0,8738c2cc-4ac6-4288-922d-ce4590d9af42,28.0,240.0,2.0,,,906094800.0,,,Uche,Josh
Willie Gay,KCC,2020,LB,0,NOS,14926,WillieG___,32733.0,,,73.0,Mississippi State,14520.0,6.0,9b2d5497-738b-47bc-bd96-2c550b4649ee,31.0,243.0,2.0,,,887518800.0,,,Gay,Willie
Jeremy Chinn,CAR,2020,S,0,WAS,14927,ChinnJeremy2,32734.0,,2247190.0,75.0,Southern Illinois,14623.0,11.0,5f623fbc-415e-4035-b423-7850cf1153b4,32.0,220.0,2.0,,,888469200.0,,,Chinn,Jeremy
Logan Wilson,CIN,2020,LB,0,CIN,14928,ljw21,32735.0,,2181091.0,74.0,Wyoming,14647.0,55.0,05cb1d47-3517-4410-a61b-75adabbfb910,1.0,245.0,3.0,,,836802000.0,,,Wilson,Logan
Julian Okwara,DET,2020,DE,0,ARI,14929,julian_okwara,32737.0,,2260688.0,76.0,Notre Dame,14448.0,52.0,e91734d9-8e7d-4e55-9027-e7c338cc809a,3.0,250.0,3.0,,,883198800.0,4046690.0,,Okwara,Julian
Davon Hamilton,JAC,2020,DT,0,JAC,14930,dmhamilton53,32743.0,,2179811.0,76.0,Ohio State,14714.0,52.0,a94f0507-44b0-4fb5-9e8c-fd21157ec1a6,9.0,335.0,3.0,,,854773200.0,,,Hamilton,Davon
Michael Ojemudia,DEN,2020,CB,0,FA,14931,GotMo_J,32747.0,,2179727.0,73.0,Iowa,14711.0,29.0,bc399631-6a3c-4515-9f8b-acc9a08bc434,13.0,200.0,3.0,,,874040400.0,3894830.0,,Ojemudia,Michael
Terrell Lewis,LAR,2020,DE,0,FA,14932,_real24_,32754.0,,2252836.0,77.0,Alabama,14390.0,46.0,a0ebc174-02ad-4bf4-8c0f-517d04a29a95,20.0,262.0,3.0,,,904021200.0,,,Lewis,Terrell
Julian Blackmon,IND,2020,S,0,IND,14933,jumpmanjuice23,32755.0,,2253091.0,72.0,Utah,14704.0,32.0,c2ec4712-147c-49b1-b6ec-fdb298913080,21.0,202.0,3.0,,,903934800.0,,,Blackmon,Julian
Jordan Elliott,CLE,2020,DT,0,SFO,14934,bigj5k,32758.0,,2246110.0,76.0,Missouri,14353.0,92.0,445efcfc-1646-4823-89f7-8b6005266d13,24.0,303.0,3.0,,,880261200.0,,,Elliott,Jordan
Cameron Dantzler,MIN,2020,CB,0,FA,14935,camdantzler3,32759.0,,2248633.0,74.0,Mississippi State,14363.0,11.0,c10aceb5-abcc-4e42-a399-cce8e5832671,25.0,188.0,3.0,,,904798800.0,,,Dantzler,Cameron
Devin Asiasi,NEP,2020,TE,0,FA,14936,ASI2X,32761.0,,2260483.0,75.0,UCLA,14425.0,86.0,05e15d81-6bb1-49f7-b677-63475d073961,27.0,260.0,3.0,,,871534800.0,,,Asiasi,Devin
McTelvin Agim,DEN,2020,DT,0,FA,14937,So_Splash,32765.0,,2240258.0,75.0,Arkansas,14602.0,58.0,ea01fa3b-cebd-40c3-9de8-3dc7f5e44e58,31.0,300.0,3.0,,,875163600.0,4035566.0,,Agim,McTelvin
Tanner Muse,LVR,2020,LB,0,FA,14938,tanner_muse,32770.0,,2179227.0,74.0,Clemson,14690.0,53.0,b9f364a0-5553-4475-8388-6dfd1d7a2e62,36.0,227.0,3.0,,,841986000.0,3728263.0,,Muse,Tanner
Dalton Keene,NEP,2020,TE,0,HOU,14939,DaltonKeene18,32771.0,,2805113.0,76.0,Virginia Tech,14559.0,40.0,4da5e05d-fc5c-4e87-aa38-d9cde42dd476,37.0,251.0,3.0,,,924066000.0,4240861.0,,Keene,Dalton
Alex Highsmith,PIT,2020,DE,0,PIT,14940,highsmith34,32772.0,,2241393.0,76.0,North Carolina-Charlotte,14724.0,56.0,3f4025d1-5782-43e4-9f42-8eee2da66a95,38.0,242.0,3.0,,,870930000.0,,,Highsmith,Alex
Terrell Burgess,LAR,2020,S,0,FA,14942,titaniumt98,32774.0,,2240499.0,71.0,Utah,14702.0,35.0,b222de39-0a5e-4bbe-b239-083a500194bb,40.0,202.0,3.0,,,910846800.0,4035663.0,,Burgess,Terrell
Akeem Davis-Gaither,CIN,2020,LB,0,CIN,14943,AkeemDavis16,32777.0,,2182263.0,74.0,Appalachian State,14661.0,59.0,d152b2d5-402d-47f4-a6d1-7870e5a32df5,1.0,228.0,4.0,,,874818000.0,,,Davis-Gaither,Akeem
Darnay Holmes,NYG,2020,CB,0,LVR,14944,prowaydarnay,32780.0,,2806232.0,70.0,UCLA,14535.0,30.0,8e19d167-cee8-4048-8f28-d476b11ec330,4.0,195.0,4.0,,,898578000.0,4242973.0,,Holmes,Darnay
Leki Fotu,ARI,2020,DT,0,NYJ,14946,LekiFotu,32784.0,,2240504.0,77.0,Utah,14712.0,92.0,2040899a-0b04-4de7-900b-f9e6861c6150,8.0,335.0,4.0,,,903848400.0,4035666.0,,Fotu,Leki
D.J. Wonnum,MIN,2020,DE,0,CAR,14947,dwonnum,32787.0,,2252822.0,77.0,South Carolina,14612.0,98.0,68356887-b59e-4210-9726-828ea7f83928,11.0,258.0,4.0,,,878274000.0,4038849.0,,Wonnum,D.J.
Mykal Walker,ATL,2020,LB,0,WAS,14948,MykalWalker3,32789.0,,2865637.0,75.0,Fresno State,14754.0,32.0,86d7dd69-9957-4853-b069-5ad7e35edc64,13.0,230.0,4.0,,,872744400.0,,,Walker,Mykal
K'Von Wallace,PHI,2020,S,0,SEA,14950,KVonWallace,32797.0,,2239538.0,71.0,Clemson,14686.0,24.0,789af1aa-253e-4fda-a93b-cef346bd91b3,21.0,205.0,4.0,,,869806800.0,,,Wallace,K'Von
James Lynch,MIN,2020,DT,0,TEN,14951,JamesHusker38,32800.0,,2868531.0,76.0,Baylor,14499.0,60.0,ce8b21f7-6f93-40e6-8068-0432e10d855f,24.0,295.0,4.0,,,916808400.0,4259181.0,,Lynch,James
Troy Dye,MIN,2020,LB,0,LAC,14953,tdye15dbtroy,32802.0,,2221826.0,75.0,Oregon,14740.0,43.0,f070d4ef-1904-47f2-87d3-b9e2788789ed,26.0,231.0,4.0,,,843022800.0,,,Dye,Troy
Jaylinn Hawkins,ATL,2020,S,0,NEP,14954,jhawko6,32804.0,,2180267.0,73.0,California,14697.0,32.0,c588e277-fc9e-4187-9358-2b9e1a2b0cd9,28.0,208.0,4.0,,,872485200.0,,,Hawkins,Jaylinn
Josiah Scott,JAC,2020,CB,0,FA,14955,josiahscott7,32807.0,,2807092.0,69.0,Michigan State,14413.0,42.0,72d2a51c-7f02-4db8-8cce-19c45820f170,31.0,185.0,4.0,,,923288400.0,4241977.0,,Scott,Josiah
L'Jarius Sneed,KCC,2020,CB,0,TEN,14956,,32808.0,,2239881.0,73.0,Louisiana Tech,14688.0,38.0,92b059b3-6b1b-4db4-a535-ceba629176d1,32.0,192.0,4.0,,,853822800.0,,,Sneed,L'Jarius
Amik Robertson,LVR,2020,CB,0,DET,14957,_youngtruth7,32809.0,,2816298.0,69.0,Louisiana Tech,14709.0,21.0,23525664-b547-413b-9221-b09091b90edf,33.0,183.0,4.0,,,899701200.0,4239694.0,,Robertson,Amik
Shaquille Quarterman,JAC,2020,LB,0,LAC,14958,,32810.0,,2221934.0,72.0,Miami,14747.0,37.0,dd7218be-5eaa-4d51-94f8-a9f68d2f0af9,34.0,234.0,4.0,,,878014800.0,4037468.0,,Quarterman,Shaquille
Trevis Gipson,CHI,2020,DE,0,SEA,14962,trevisgipson,32825.0,,2181277.0,76.0,Tulsa,14680.0,50.0,2814f1e7-dca6-4bd9-80a9-9af480d10546,9.0,263.0,5.0,,,866178000.0,3917016.0,,Gipson,Trevis
Daniel Thomas,JAC,2020,S,0,JAC,14963,gamechanger021,32827.0,,2241807.0,70.0,Auburn,14687.0,20.0,15a6249f-f4cf-47c2-8251-8a3a802b3db0,11.0,215.0,5.0,,,899269200.0,,,Thomas,Daniel
Bryce Hall,NYJ,2020,CB,0,TBB,14964,,32828.0,,2251254.0,73.0,Virginia,14445.0,34.0,e81fcb68-e579-455f-9278-1bc28d5d332b,12.0,202.0,5.0,,,878706000.0,4037584.0,,Hall,Bryce
Khaleke Hudson,WAS,2020,LB,0,CLE,14966,KhalekeHudson,32832.0,,2260652.0,72.0,Michigan,14480.0,47.0,5c52edd1-7566-483d-9564-03c21438fb29,16.0,220.0,5.0,,,881384400.0,4046525.0,,Hudson,Khaleke
Kindle Vildor,CHI,2020,CB,0,DET,14967,ThePremier20,32833.0,,2252448.0,71.0,Georgia Southern,14706.0,29.0,e1072f9a-86f7-4d01-89a6-33fe0186f232,17.0,189.0,5.0,,,881816400.0,,,Vildor,Kindle
Broderick Washington,BAL,2020,DT,0,BAL,14971,,32840.0,,2185746.0,74.0,Texas Tech,14720.0,96.0,6f695364-f31f-420d-8baa-434539e2b12d,24.0,315.0,5.0,,,849675600.0,,,Washington,Broderick
Darnell Mooney,CHI,2020,WR,0,ATL,14974,Darnell_M1,32843.0,,2240651.0,71.0,Tulane,14510.0,1.0,bafe8df1-66b5-4200-8fb3-ff188c25a4e2,27.0,177.0,5.0,,,878101200.0,,,Mooney,Darnell
Larrell Murchison,TEN,2020,DT,0,LAR,14975,Murchboy92,32844.0,,2865164.0,74.0,North Carolina State,14718.0,52.0,ff0950aa-357f-47b4-b4dd-d4374413ffc1,28.0,285.0,5.0,,,861858000.0,,,Murchison,Larrell
K.J. Osborn,MIN,2020,WR,0,NEP,14977,,32846.0,,2184383.0,72.0,Miami,14641.0,2.0,3bf5c049-9daa-43ba-9758-c6c895a9d462,30.0,200.0,5.0,,,865918800.0,,,Osborn,K.J.
Michael Danna,KCC,2020,DE,0,KCC,14978,M_Danna4,32847.0,,2180090.0,74.0,Michigan,14823.0,51.0,9e9d2934-a273-4e39-a413-d991d083297b,31.0,257.0,5.0,,,881211600.0,,,Danna,Michael
Justin Strnad,DEN,2020,LB,0,DEN,14979,jsgarbs,32848.0,,2186413.0,75.0,Wake Forest,14757.0,40.0,f8f0760e-8f04-45bf-9371-fa33c945bc1c,32.0,235.0,5.0,,,840603600.0,,,Strnad,Justin
Cam Brown,NYG,2020,LB,0,MIA,14980,,32852.0,,2251294.0,77.0,Penn State,14596.0,47.0,65533cd0-792b-42cb-808f-18cbac2e51cb,4.0,230.0,6.0,,,891406800.0,4045165.0,,Brown,Cam
Alohi Gilman,LAC,2020,S,0,LAC,14982,alohigilman,32856.0,,2868542.0,70.0,Notre Dame,14521.0,32.0,f3a7ab39-ead2-4dbf-b760-d652b8a26853,7.0,201.0,6.0,,,874472400.0,,,Gilman,Alohi
Tyler Bass,BUF,2020,PK,0,BUF,14983,tbass_xvi,32858.0,,2188356.0,70.0,Georgia Southern,14609.0,2.0,bfccbff4-bc01-41ed-aa11-be976160504c,9.0,183.0,6.0,,,855896400.0,,,Bass,Tyler
Charlie Woerner,SFO,2020,TE,0,ATL,14984,,32860.0,,2248629.0,77.0,Georgia,14608.0,89.0,527dfee0-a242-4dc7-830a-ab7028308259,11.0,241.0,6.0,,,876978000.0,,,Woerner,Charlie
Braden Mann,NYJ,2020,PN,0,PHI,14985,MannBraden,32861.0,,,71.0,Texas A&M,14654.0,10.0,85eaaf9f-59cf-4150-943c-c1abdaa78eb1,12.0,198.0,6.0,,,880347600.0,,,Mann,Braden
Khalil Davis,TBB,2020,DT,0,HOU,14987,khalildaish95,32864.0,,2179622.0,74.0,Nebraska,14682.0,94.0,2f471656-9ecc-42ea-977f-0c56756d0557,15.0,315.0,6.0,,,840690000.0,,,Davis,Khalil
Shaun Bradley,PHI,2020,LB,0,FA,14988,Sdot_Bradley5,32866.0,,2239597.0,73.0,Temple,14737.0,54.0,a004c949-7097-4faf-bac9-0edc5b1b2b67,17.0,240.0,6.0,,,860475600.0,,,Bradley,Shaun
Jordan Fuller,LAR,2020,S,0,CAR,14991,j_fuller4,32869.0,,2260978.0,74.0,Ohio State,14698.0,20.0,c72cb618-fb6b-4327-8ced-91088c936c81,20.0,203.0,6.0,,,888987600.0,,,Fuller,Jordan
Quez Watkins,PHI,2020,WR,0,FA,14992,AdamSchefter,32870.0,,2262953.0,72.0,Southern Mississippi,14464.0,16.0,ca85137c-205c-458e-8b77-8457849f614c,21.0,193.0,6.0,,,897368400.0,4050373.0,,Watkins,Quez
Josh Metellus,MIN,2020,S,0,MIN,14995,NoExcuses_23,32875.0,,2260662.0,71.0,Michigan,14479.0,44.0,e135eaa4-1688-487a-a924-4d83b16977df,26.0,207.0,6.0,,,885358800.0,,,Metellus,Josh
Tyler Davis,JAC,2020,TE,0,GBP,14996,Tyler_Davis9,32876.0,,2182811.0,76.0,Georgia Tech,14827.0,84.0,e7a9186e-5e19-4f70-b45c-527c888e6fc7,27.0,252.0,6.0,,,859957200.0,4568217.0,,Davis,Tyler
Tyler Davis,JAC,2020,TE,0,GBP,14996,Tyler_Davis9,32876.0,,2182811.0,76.0,Georgia Tech,14827.0,84.0,4adfc559-1138-4476-a095-3bbaa7ba18b3,27.0,252.0,6.0,,,859957200.0,4568217.0,,Davis,Tyler
Tyler Davis,JAC,2020,TE,0,GBP,14996,Tyler_Davis9,32876.0,,2182811.0,76.0,Georgia Tech,17799.0,84.0,e7a9186e-5e19-4f70-b45c-527c888e6fc7,27.0,252.0,6.0,,,859957200.0,4568217.0,,Davis,Tyler
Tyler Davis,JAC,2020,TE,0,GBP,14996,Tyler_Davis9,32876.0,,2182811.0,76.0,Georgia Tech,17799.0,84.0,4adfc559-1138-4476-a095-3bbaa7ba18b3,27.0,252.0,6.0,,,859957200.0,4568217.0,,Davis,Tyler
Tyler Davis,JAC,2020,TE,0,GBP,14996,Tyler_Davis9,32876.0,,1703029.0,76.0,Georgia Tech,14827.0,84.0,e7a9186e-5e19-4f70-b45c-527c888e6fc7,27.0,252.0,6.0,,,859957200.0,4568217.0,,Davis,Tyler
Tyler Davis,JAC,2020,TE,0,GBP,14996,Tyler_Davis9,32876.0,,1703029.0,76.0,Georgia Tech,14827.0,84.0,4adfc559-1138-4476-a095-3bbaa7ba18b3,27.0,252.0,6.0,,,859957200.0,4568217.0,,Davis,Tyler
Tyler Davis,JAC,2020,TE,0,GBP,14996,Tyler_Davis9,32876.0,,1703029.0,76.0,Georgia Tech,17799.0,84.0,e7a9186e-5e19-4f70-b45c-527c888e6fc7,27.0,252.0,6.0,,,859957200.0,4568217.0,,Davis,Tyler
Tyler Davis,JAC,2020,TE,0,GBP,14996,Tyler_Davis9,32876.0,,1703029.0,76.0,Georgia Tech,17799.0,84.0,4adfc559-1138-4476-a095-3bbaa7ba18b3,27.0,252.0,6.0,,,859957200.0,4568217.0,,Davis,Tyler
Tyler Davis,JAC,2020,TE,0,GBP,14996,Tyler_Davis9,41080.0,,2182811.0,76.0,Georgia Tech,14827.0,84.0,e7a9186e-5e19-4f70-b45c-527c888e6fc7,27.0,252.0,6.0,,,859957200.0,4568217.0,,Davis,Tyler
Tyler Davis,JAC,2020,TE,0,GBP,14996,Tyler_Davis9,41080.0,,2182811.0,76.0,Georgia Tech,14827.0,84.0,4adfc559-1138-4476-a095-3bbaa7ba18b3,27.0,252.0,6.0,,,859957200.0,4568217.0,,Davis,Tyler
Tyler Davis,JAC,2020,TE,0,GBP,14996,Tyler_Davis9,41080.0,,2182811.0,76.0,Georgia Tech,17799.0,84.0,e7a9186e-5e19-4f70-b45c-527c888e6fc7,27.0,252.0,6.0,,,859957200.0,4568217.0,,Davis,Tyler
Tyler Davis,JAC,2020,TE,0,GBP,14996,Tyler_Davis9,41080.0,,2182811.0,76.0,Georgia Tech,17799.0,84.0,4adfc559-1138-4476-a095-3bbaa7ba18b3,27.0,252.0,6.0,,,859957200.0,4568217.0,,Davis,Tyler
Tyler Davis,JAC,2020,TE,0,GBP,14996,Tyler_Davis9,41080.0,,1703029.0,76.0,Georgia Tech,14827.0,84.0,e7a9186e-5e19-4f70-b45c-527c888e6fc7,27.0,252.0,6.0,,,859957200.0,4568217.0,,Davis,Tyler
Tyler Davis,JAC,2020,TE,0,GBP,14996,Tyler_Davis9,41080.0,,1703029.0,76.0,Georgia Tech,14827.0,84.0,4adfc559-1138-4476-a095-3bbaa7ba18b3,27.0,252.0,6.0,,,859957200.0,4568217.0,,Davis,Tyler
Tyler Davis,JAC,2020,TE,0,GBP,14996,Tyler_Davis9,41080.0,,1703029.0,76.0,Georgia Tech,17799.0,84.0,e7a9186e-5e19-4f70-b45c-527c888e6fc7,27.0,252.0,6.0,,,859957200.0,4568217.0,,Davis,Tyler
Tyler Davis,JAC,2020,TE,0,GBP,14996,Tyler_Davis9,41080.0,,1703029.0,76.0,Georgia Tech,17799.0,84.0,4adfc559-1138-4476-a095-3bbaa7ba18b3,27.0,252.0,6.0,,,859957200.0,4568217.0,,Davis,Tyler
Isaiah Rodgers,IND,2020,CB,0,PHI,14997,rodgers_isaiah,32881.0,,2261492.0,70.0,UMass,14828.0,34.0,72100db3-2daa-4c17-aaa8-6c2c52bea5f3,32.0,170.0,6.0,,,884149200.0,,,Rodgers,Isaiah
Markus Bailey,CIN,2020,LB,0,ARI,15000,mb_boiler21,32885.0,,2183896.0,73.0,Purdue,14736.0,41.0,cbe52cf7-a9fe-495c-bd77-3a22a7f7208f,1.0,235.0,7.0,,,857710800.0,3917992.0,,Bailey,Markus
Kamren Curl,WAS,2020,S,0,LAR,15001,KCurl_2,32886.0,,2866171.0,74.0,Arkansas,14381.0,3.0,eff8e3ec-98e4-49c8-b865-436e3abb0870,2.0,205.0,7.0,,,922856400.0,,,Curl,Kamren
Carter Coughlin,NYG,2020,LB,0,NYG,15002,Cmoe34,32888.0,,2239754.0,75.0,Minnesota,14580.0,52.0,d2f9e776-11e2-47ce-82fd-60908aeb2769,4.0,240.0,7.0,,,869461200.0,4034766.0,,Coughlin,Carter
Geno Stone,BAL,2020,S,0,CIN,15003,GenoStone22,32889.0,,2867170.0,71.0,Iowa,14474.0,22.0,95f3b8ac-e10f-4f0d-8650-b464b37ded86,5.0,210.0,7.0,,,924498000.0,,,Stone,Geno
Stantley Thomas-Oliver,CAR,2020,CB,0,FA,15004,__Alcatraz21,32891.0,,2262783.0,72.0,Florida International,14707.0,36.0,6c162e60-0d39-46b4-bd8d-d2f3c6d6c7e5,7.0,190.0,7.0,,,896936400.0,4046353.0,,Thomas-Oliver,Stantley
James Smith-Williams,WAS,2020,DE,0,ATL,15007,jacsw3,32899.0,,2179368.0,75.0,North Carolina State,14729.0,50.0,63758554-7225-48de-a553-c43c03419c49,15.0,265.0,7.0,,,870238800.0,,,Smith-Williams,James
Casey Toohill,PHI,2020,DE,0,BUF,15010,CaseyToohill,32903.0,,2186841.0,77.0,Stanford,14753.0,99.0,8d617c67-6e6a-4afd-b5c8-f98dd744c36d,19.0,254.0,7.0,,,840603600.0,3931408.0,,Toohill,Casey
Dane Jackson,BUF,2020,CB,0,CAR,15016,Djack11_,32909.0,,2179418.0,71.0,Pittsburgh,14549.0,23.0,089763ae-208d-4ad9-bb30-c97c0fcfdcd1,25.0,180.0,7.0,,,849243600.0,3895791.0,,Jackson,Dane
Stephen Sullivan,SEA,2020,TE,0,FA,15026,SJS_10,32921.0,,2223251.0,77.0,Louisiana State,14570.0,84.0,a41b8454-0326-4c56-87a2-f2aac3814961,37.0,245.0,7.0,,,849157200.0,,,Sullivan,Stephen
Tyrie Cleveland,DEN,2020,WR,0,FA,15027,,32922.0,,2248604.0,74.0,Florida,14621.0,12.0,8cd3d1bb-5b04-4351-bd03-4b4f9b9e33e4,38.0,205.0,7.0,,,874731600.0,4034964.0,,Cleveland,Tyrie
Tae Crowder,NYG,2020,LB,0,FA,15029,TaeCrowder,32924.0,,2180461.0,75.0,Georgia,14839.0,54.0,22f733ff-fd31-4731-acf1-97843e9eb665,41.0,235.0,7.0,,,858142800.0,,,Crowder,Tae
Jack Fox,FA,2019,PN,0,DET,15032,,32358.0,,,74.0,Rice,13715.0,3.0,7141ec7a-4f3d-44a4-979e-6644ab9e8f7b,,218.0,,,,841554000.0,,,Fox,Jack
Marquez Callaway,FA,2020,WR,0,FA,15034,,33109.0,,2247505.0,74.0,Tennessee,14556.0,82.0,1364cb22-1bfa-429b-8bde-dfd0d2938163,,204.0,,,,890974800.0,4035170.0,,Callaway,Marquez
John Wolford,FA,2018,QB,0,FA,15035,,31803.0,,2983467.0,73.0,Wake Forest,13403.0,11.0,2ab1b694-1013-4661-85d4-55415d3b147f,,218.0,,,,813819600.0,3124092.0,,Wolford,John
Ty'Son Williams,FA,2020,RB,0,FA,15040,,33006.0,,,72.0,Brigham Young,14404.0,22.0,9e31f935-1e60-437d-9859-e1f2bb936aa5,,220.0,,,,841813200.0,,,Williams,Ty'Son
Lawrence Cager,FA,2020,TE,0,FA,15041,,33329.0,,,77.0,Georgia,14597.0,83.0,2f2181f8-cb0a-42e4-9468-17f5f5a219cc,,220.0,,,,872053200.0,3917849.0,,Cager,Lawrence
Jonathan Ward,FA,2020,RB,0,FA,15042,,33088.0,,3159088.0,72.0,Central Michigan,15106.0,48.0,1dc6b133-355f-451e-856f-d02839681578,,202.0,,,,875595600.0,4039274.0,,Ward,Jonathan
Kirk Merritt,FA,2020,WR,0,FA,15046,,33242.0,,,73.0,Arkansas State,14861.0,33.0,521f597a-0709-4cc4-afab-72d93eccb5fc,,214.0,,,,852440400.0,,,Merritt,Kirk
Joe Bachie,FA,2020,LB,0,CIN,15049,,33108.0,,,74.0,Michigan State,14735.0,49.0,c44bdac4-0732-4f94-8bae-df47ecec5656,,235.0,,,,888469200.0,,,Bachie,Joe
Tommy Townsend,FA,2020,PN,0,HOU,15051,,32960.0,,,73.0,Florida,14574.0,6.0,edfc712a-54f7-4c34-a838-c50c14dbf7dc,,191.0,,,,847774800.0,,,Townsend,Tommy
Giovanni Ricci,FA,2020,TE,0,FA,15054,,33151.0,,2189091.0,75.0,Western Michigan,14785.0,44.0,689de342-1d99-4a4d-976d-f6573ef3a8c2,,240.0,,,,845442000.0,3916749.0,,Ricci,Giovanni
De'Jon Harris,FA,2020,LB,0,FA,15063,,33321.0,,,72.0,Arkansas,14553.0,45.0,8ca83e4e-d3a5-4dcb-a917-e58e36b77721,,245.0,,,,878360400.0,,,Harris,De'Jon
Jody Fortson,FA,2019,TE,0,FA,15070,,32600.0,,3117124.0,76.0,Valdosta State,14306.0,88.0,a01ffd42-5fdb-42f8-95ab-157025e3fba8,,235.0,,,,818312400.0,4408854.0,,Fortson,Jody
Christian Rozeboom,FA,2020,LB,0,LAR,15076,,33261.0,,,74.0,South Dakota State,15090.0,56.0,49abd11f-fe2b-4d15-99ed-f316d2ec67e1,,237.0,,,,854600400.0,,,Rozeboom,Christian
Essang Bassey,FA,2020,CB,0,FA,15079,,32932.0,,2223200.0,70.0,Wake Forest,14738.0,27.0,34853ce3-5e1f-4b23-b730-6f51444291ac,,190.0,,,,902898000.0,4037216.0,,Bassey,Essang
Noah Togiai,FA,2020,TE,0,FA,15080,,32970.0,,,76.0,Oregon State,14843.0,83.0,86707c8e-fec4-4ebe-9111-4d3ad238ad43,,244.0,,,,868165200.0,3930298.0,,Togiai,Noah
Tershawn Wharton,FA,2020,DT,0,KCC,15081,,32952.0,,,73.0,Missouri S&T,15077.0,98.0,632a8382-27d6-45ae-b3d2-a37157e09ab7,,280.0,,,,898750800.0,,,Wharton,Tershawn
Krys Barnes,FA,2020,LB,0,ARI,15082,,33221.0,,,74.0,UCLA,14572.0,51.0,fc081a72-124d-4648-86a4-45aebb95a5ba,,229.0,,,,891493200.0,4035817.0,,Barnes,Krys
Malcolm Roach,FA,2020,DT,0,DEN,15089,,33118.0,,,75.0,Texas,14726.0,97.0,bb01a04e-0d54-4fc6-98c8-2b8614d07afe,,290.0,,,,897368400.0,,,Roach,Malcolm
Marquise Copeland,FA,2019,DT,0,FA,15093,,32130.0,,,74.0,Cincinnati,14014.0,93.0,7e4f9b27-edc4-4f5c-b77a-81604220a454,,287.0,,,,863154000.0,,,Copeland,Marquise
P.J. Locke,FA,2019,S,0,DEN,15094,,32164.0,,,70.0,Texas,14198.0,6.0,155980c2-e289-48c4-a047-09c08d0ce7ae,,202.0,,,,855723600.0,,,Locke,P.J.
Sean McKeon,FA,2020,TE,0,FA,15097,,33101.0,,,77.0,Michigan,14478.0,86.0,0f369885-8ecd-4ca0-a3dc-df8530a0db6e,,255.0,,,,883285200.0,4036275.0,,McKeon,Sean
Reggie Gilliam,FA,2020,RB,0,BUF,15103,,33357.0,,3161112.0,72.0,Toledo,14844.0,41.0,4475bb8a-b5a6-4527-bfc7-8e7e03900984,,244.0,,,,872053200.0,4039505.0,,Gilliam,Reggie
Nick Westbrook-Ikhine,FA,2020,WR,0,TEN,15109,,33348.0,,,74.0,Indiana,14750.0,15.0,5e63e674-adf3-4f4e-929e-4a0ff2cfb1df,,211.0,,,,858920400.0,,,Westbrook-Ikhine,Nick
Nick Thurman,FA,2018,DT,0,CAR,15110,,31726.0,,,76.0,Houston,13320.0,91.0,ded1a577-51cc-4f13-8b79-4f4c09655f44,,305.0,,,,802933200.0,,,Thurman,Nick
Demetrius Flannigan-Fowles,FA,2019,LB,0,SFO,15117,,32319.0,,,74.0,Arizona,14074.0,45.0,c5175598-1392-4eaa-ae62-d99811a0c477,,223.0,,,,841813200.0,,,Flannigan-Fowles,Demetrius
Bryce Huff,FA,2020,DE,0,PHI,15121,,33335.0,,,75.0,Memphis,15035.0,47.0,07b963d4-aef7-4874-ba04-f9b1ec1142d3,,255.0,,,,892789200.0,,,Huff,Bryce
James Pierre,FA,2020,CB,0,FA,15124,,32939.0,,,74.0,Florida Atlantic,14439.0,29.0,6e0bbdc7-fa74-41d2-b3de-4eaa8e670f87,,185.0,,,,842850000.0,,,Pierre,James
Khalil Dorsey,FA,2020,CB,0,DET,15129,,33012.0,,,68.0,Northern Arizona,15137.0,30.0,e8b1322a-6162-4535-b6af-4ca60ce8b09c,,185.0,,,,891320400.0,,,Dorsey,Khalil
Kendal Vickers,FA,2018,DT,0,NOS,15132,,31420.0,,2071857.0,75.0,Tennessee,14560.0,91.0,0cd46b5f-5397-4947-9331-8d3420af7852,,295.0,,,,801205200.0,3044732.0,,Vickers,Kendal
Grayland Arnold,FA,2020,S,0,FA,15137,,32961.0,,2253063.0,70.0,Baylor,14491.0,35.0,d6969476-95dc-42e4-9cd1-a1e8ae6973ff,,190.0,,,,873349200.0,4035389.0,,Arnold,Grayland
Cam Lewis,FA,2019,S,0,BUF,15140,,32416.0,,3117007.0,69.0,Buffalo,14253.0,39.0,d5dee97b-aa96-4fa6-868f-b6dc1f66245c,,183.0,,,,860907600.0,3916577.0,,Lewis,Cam
Cam Gill,FA,2020,DE,0,FA,15141,,33272.0,,3159189.0,75.0,Wagner,14917.0,48.0,112b95ea-d080-4aa7-bedc-5755c6c6b80c,,240.0,,,,882075600.0,4034496.0,,Gill,Cam
Tyler Hall,FA,2020,CB,0,FA,15142,,33058.0,,2258315.0,70.0,Wyoming,14999.0,31.0,74761bca-f09c-4a06-8dd4-5f3cf2a2b897,,190.0,,,,909810000.0,4048718.0,,Hall,Tyler
Sam Franklin,FA,2020,S,0,CAR,15148,,33137.0,,,75.0,Temple,14931.0,42.0,3b1bb0da-607a-4502-8855-8ab5095334da,,210.0,,,,823237200.0,4044133.0,,Franklin,Sam
Kristian Welch,FA,2020,LB,0,DEN,15151,,33005.0,,,75.0,Iowa,15141.0,54.0,0782b3a2-9693-40f6-aff2-a21bc8fa4c5d,,240.0,,,,895986000.0,4036153.0,,Welch,Kristian
Benito Jones,FA,2020,DT,0,MIA,15165,,33239.0,,,73.0,Mississippi,14715.0,95.0,e9746156-842c-475e-806d-4bcb26032e3b,,335.0,,,,880606800.0,,,Jones,Benito
Teair Tart,FA,2020,DT,0,LAC,15173,,33347.0,,3161108.0,74.0,Florida International,14985.0,90.0,a78206af-6d78-4b4c-90e3-dc4bd62ac80b,,315.0,,,,857106000.0,4374269.0,,Tart,Teair
Myles Bryant,FA,2020,CB,0,HOU,15177,,33319.0,,,69.0,Washington,14703.0,30.0,7a51270b-cbdf-451e-a9e7-0f0b23435dd0,,192.0,,,,883717200.0,,,Bryant,Myles
Kendall Hinton,FA,2020,WR,0,FA,15183,,32929.0,,,72.0,Wake Forest,14593.0,9.0,0830e644-2d6e-446b-9da6-57d7e3472fcd,,195.0,,,,856328400.0,,,Hinton,Kendall
Kameron Cline,FA,2020,DE,0,BUF,15186,,33212.0,,3159058.0,76.0,South Dakota,15021.0,96.0,8f36321c-c317-40ce-ae09-fca8694083b4,,283.0,,,,887864400.0,4041572.0,,Cline,Kameron
Bobby Price,FA,2020,CB,0,FA,15191,,33190.0,,,75.0,Norfolk State,14849.0,26.0,b80be347-fd65-4a40-bdad-e11c75bded39,,208.0,,,,893480400.0,4030779.0,,Price,Bobby
Cole Christiansen,FA,2020,LB,0,FA,15194,,32977.0,,3159125.0,73.0,Army,15080.0,48.0,ae372a9d-6f85-4e37-a910-47fd77483ebc,,230.0,,,,870238800.0,4036959.0,,Christiansen,Cole
Blake Lynch,FA,2020,LB,0,FA,15203,,33034.0,,3159149.0,75.0,Baylor,14906.0,40.0,299cb403-1cea-48da-baaa-b55510a6b78b,,225.0,,,,855896400.0,3892773.0,,Lynch,Blake
Joe Gaziano,FA,2020,DT,0,FA,15212,,32982.0,,3159128.0,76.0,Northwestern,15065.0,99.0,bab100c6-1a6c-4411-9286-f719244f5d35,,280.0,,,,843800400.0,3915990.0,,Gaziano,Joe
Elijah Riley,FA,2020,S,0,NYG,15225,,32968.0,,3159157.0,72.0,Army,14498.0,34.0,8782ad19-a41a-455d-84f9-aa64f7038ee6,,205.0,,,,897627600.0,4036924.0,,Riley,Elijah
A.J. Green,FA,2020,CB,0,FA,15229,,33306.0,,2250385.0,74.0,Oklahoma State,14716.0,28.0,07dbf3ec-0d6b-42f1-a2e8-7dd437339417,,198.0,,,,897368400.0,4038437.0,,Green,A.J.
Nick Sirianni,FA,0,Coach,0,PHI,15234,,,,,,,,,e488386a-5837-4f69-a8de-49bbf3646517,,,,,,,,,Sirianni,Nick
Robert Saleh,FA,0,Coach,0,NYJ,15235,,,,,,,,,7ff285b3-e38c-4ba8-92c2-b46fd35e5c01,,,,,,,,,Saleh,Robert
Trevor Lawrence,JAC,2021,QB,0,JAC,15237,,33389.0,,,78.0,Clemson,15357.0,16.0,aaa8b42c-4d87-45f6-bfd2-e31cfed9a736,1.0,220.0,1.0,,,939186000.0,4360310.0,,Lawrence,Trevor
Justin Fields,CHI,2021,QB,0,PIT,15238,,33399.0,,,75.0,Ohio State,15416.0,2.0,cf15be8f-9117-4531-a517-2b9c7cb3e9e1,11.0,227.0,1.0,,,920610000.0,,,Fields,Justin
Zach Wilson,NYJ,2021,QB,0,DEN,15239,,33390.0,,,74.0,Brigham Young,15330.0,4.0,17bb63b1-1b0e-48e1-baf7-55cd314d0e62,2.0,214.0,1.0,,,933656400.0,,,Wilson,Zach
Trey Lance,SFO,2021,QB,0,DAL,15240,,33391.0,,,76.0,North Dakota State,15198.0,19.0,676a508c-c65f-404a-a2b0-f861a4bfd072,3.0,226.0,1.0,,,958107600.0,,,Lance,Trey
Mac Jones,NEP,2021,QB,0,JAC,15241,,33403.0,,,75.0,Alabama,15402.0,10.0,1fd00ec3-b758-46d2-a2c1-cca521ea8a54,15.0,220.0,1.0,,,904971600.0,,,Jones,Mac
Kyle Trask,TBB,2021,QB,0,TBB,15242,,33452.0,,,77.0,Florida,15335.0,2.0,13038760-a019-4e2a-9aea-f13d7dce5bda,32.0,236.0,2.0,,,889160400.0,,,Trask,Kyle
Kellen Mond,MIN,2021,QB,0,FA,15243,,33454.0,,,75.0,Texas A&M,15470.0,2.0,631e6ad5-0a97-4b3a-a45e-6179b0ec6c4e,2.0,217.0,3.0,,,930027600.0,,,Mond,Kellen
Feleipe Franks,FA,2021,TE,0,FA,15244,,33729.0,,2221829.0,78.0,Arkansas,15324.0,49.0,79a849be-0552-4da9-89ff-11d20a7a764a,,228.0,,,,882766800.0,4034948.0,,Franks,Feleipe
Ian Book,NOS,2021,QB,0,FA,15246,,33521.0,,2260674.0,72.0,Notre Dame,15368.0,16.0,0d3113f7-2a82-4fba-a0ab-bfe068746a8a,28.0,212.0,4.0,,,891234000.0,4046678.0,,Book,Ian
Shane Buechele,FA,2021,QB,0,BUF,15248,,33879.0,,2240307.0,72.0,SMU,15262.0,6.0,d7c63db7-dfe8-4cd6-a684-90342d12fa26,,210.0,,,,884235600.0,4039034.0,,Buechele,Shane
Sam Ehlinger,IND,2021,QB,0,IND,15250,,33606.0,,,74.0,Texas,15328.0,4.0,59f4acd0-971a-4470-ab8d-17900a4b128a,34.0,225.0,6.0,,,907131600.0,,,Ehlinger,Sam
Davis Mills,HOU,2021,QB,0,HOU,15252,,33455.0,,2867381.0,76.0,Stanford,15542.0,10.0,7d51fab7-2d52-4d19-a021-19a123af0d10,3.0,225.0,3.0,63811.0,,908946000.0,4242546.0,,Mills,Davis
Travis Etienne,JAC,2021,RB,0,JAC,15253,,33413.0,,,70.0,Clemson,15385.0,1.0,970693f0-0af4-4627-ac0c-bf519f7433ee,25.0,215.0,1.0,,,917326800.0,,,Etienne,Travis
Najee Harris,PIT,2021,RB,0,PIT,15254,,33412.0,,,73.0,Alabama,15468.0,22.0,48ec58c3-ec26-4434-b005-8d34035e6667,24.0,242.0,1.0,,,889419600.0,,,Harris,Najee
Kenneth Gainwell,PHI,2021,RB,0,PHI,15255,,33538.0,,,69.0,Memphis,15222.0,14.0,e2a5882a-dcc1-4800-889f-3b957b21834f,6.0,200.0,5.0,,,921387600.0,,,Gainwell,Kenneth
Javonte Williams,DEN,2021,RB,0,DEN,15256,,33423.0,,,70.0,North Carolina,15306.0,33.0,889dcdc5-3d88-45df-9677-5ad7ff87c011,3.0,220.0,2.0,,,956638800.0,,,Williams,Javonte
Trey Sermon,SFO,2021,RB,0,IND,15257,,33476.0,,,72.0,Ohio State,15413.0,27.0,b7146193-fcd1-4b02-a6da-625fe467f60e,24.0,215.0,3.0,,,917672400.0,,,Sermon,Trey
Michael Carter,FA,2021,RB,0,FA,15258,,33495.0,,2804075.0,68.0,North Carolina,15273.0,22.0,7f119181-4c9f-4a9f-bccc-357277b64a8d,2.0,201.0,4.0,,,926053200.0,4240657.0,,Carter,Michael
Michael Carter,FA,2021,RB,0,FA,15258,,33495.0,,2804075.0,68.0,North Carolina,15273.0,22.0,7f119181-4c9f-4a9f-bccc-357277b64a8d,2.0,201.0,4.0,,,926053200.0,4240456.0,,Carter,Michael
Michael Carter,FA,2021,RB,0,FA,15258,,33495.0,,2804075.0,68.0,North Carolina,15273.0,22.0,117d2769-60b3-47f0-be7f-f47fe36e0ac9,2.0,201.0,4.0,,,926053200.0,4240657.0,,Carter,Michael
Michael Carter,FA,2021,RB,0,FA,15258,,33495.0,,2804075.0,68.0,North Carolina,15273.0,22.0,117d2769-60b3-47f0-be7f-f47fe36e0ac9,2.0,201.0,4.0,,,926053200.0,4240456.0,,Carter,Michael
Michael Carter,FA,2021,RB,0,FA,15258,,33495.0,,2804075.0,68.0,North Carolina,15621.0,22.0,7f119181-4c9f-4a9f-bccc-357277b64a8d,2.0,201.0,4.0,,,926053200.0,4240657.0,,Carter,Michael
Michael Carter,FA,2021,RB,0,FA,15258,,33495.0,,2804075.0,68.0,North Carolina,15621.0,22.0,7f119181-4c9f-4a9f-bccc-357277b64a8d,2.0,201.0,4.0,,,926053200.0,4240456.0,,Carter,Michael
Michael Carter,FA,2021,RB,0,FA,15258,,33495.0,,2804075.0,68.0,North Carolina,15621.0,22.0,117d2769-60b3-47f0-be7f-f47fe36e0ac9,2.0,201.0,4.0,,,926053200.0,4240657.0,,Carter,Michael
Michael Carter,FA,2021,RB,0,FA,15258,,33495.0,,2804075.0,68.0,North Carolina,15621.0,22.0,117d2769-60b3-47f0-be7f-f47fe36e0ac9,2.0,201.0,4.0,,,926053200.0,4240456.0,,Carter,Michael
Michael Carter,FA,2021,RB,0,FA,15258,,33495.0,,2865090.0,68.0,North Carolina,15273.0,22.0,7f119181-4c9f-4a9f-bccc-357277b64a8d,2.0,201.0,4.0,,,926053200.0,4240657.0,,Carter,Michael
Michael Carter,FA,2021,RB,0,FA,15258,,33495.0,,2865090.0,68.0,North Carolina,15273.0,22.0,7f119181-4c9f-4a9f-bccc-357277b64a8d,2.0,201.0,4.0,,,926053200.0,4240456.0,,Carter,Michael
Michael Carter,FA,2021,RB,0,FA,15258,,33495.0,,2865090.0,68.0,North Carolina,15273.0,22.0,117d2769-60b3-47f0-be7f-f47fe36e0ac9,2.0,201.0,4.0,,,926053200.0,4240657.0,,Carter,Michael
Michael Carter,FA,2021,RB,0,FA,15258,,33495.0,,2865090.0,68.0,North Carolina,15273.0,22.0,117d2769-60b3-47f0-be7f-f47fe36e0ac9,2.0,201.0,4.0,,,926053200.0,4240456.0,,Carter,Michael
Michael Carter,FA,2021,RB,0,FA,15258,,33495.0,,2865090.0,68.0,North Carolina,15621.0,22.0,7f119181-4c9f-4a9f-bccc-357277b64a8d,2.0,201.0,4.0,,,926053200.0,4240657.0,,Carter,Michael
Michael Carter,FA,2021,RB,0,FA,15258,,33495.0,,2865090.0,68.0,North Carolina,15621.0,22.0,7f119181-4c9f-4a9f-bccc-357277b64a8d,2.0,201.0,4.0,,,926053200.0,4240456.0,,Carter,Michael
Michael Carter,FA,2021,RB,0,FA,15258,,33495.0,,2865090.0,68.0,North Carolina,15621.0,22.0,117d2769-60b3-47f0-be7f-f47fe36e0ac9,2.0,201.0,4.0,,,926053200.0,4240657.0,,Carter,Michael
Michael Carter,FA,2021,RB,0,FA,15258,,33495.0,,2865090.0,68.0,North Carolina,15621.0,22.0,117d2769-60b3-47f0-be7f-f47fe36e0ac9,2.0,201.0,4.0,,,926053200.0,4240456.0,,Carter,Michael
Michael Carter,FA,2021,RB,0,FA,15258,,33542.0,,2804075.0,68.0,North Carolina,15273.0,22.0,7f119181-4c9f-4a9f-bccc-357277b64a8d,2.0,201.0,4.0,,,926053200.0,4240657.0,,Carter,Michael
Michael Carter,FA,2021,RB,0,FA,15258,,33542.0,,2804075.0,68.0,North Carolina,15273.0,22.0,7f119181-4c9f-4a9f-bccc-357277b64a8d,2.0,201.0,4.0,,,926053200.0,4240456.0,,Carter,Michael
Michael Carter,FA,2021,RB,0,FA,15258,,33542.0,,2804075.0,68.0,North Carolina,15273.0,22.0,117d2769-60b3-47f0-be7f-f47fe36e0ac9,2.0,201.0,4.0,,,926053200.0,4240657.0,,Carter,Michael
Michael Carter,FA,2021,RB,0,FA,15258,,33542.0,,2804075.0,68.0,North Carolina,15273.0,22.0,117d2769-60b3-47f0-be7f-f47fe36e0ac9,2.0,201.0,4.0,,,926053200.0,4240456.0,,Carter,Michael
Michael Carter,FA,2021,RB,0,FA,15258,,33542.0,,2804075.0,68.0,North Carolina,15621.0,22.0,7f119181-4c9f-4a9f-bccc-357277b64a8d,2.0,201.0,4.0,,,926053200.0,4240657.0,,Carter,Michael
Michael Carter,FA,2021,RB,0,FA,15258,,33542.0,,2804075.0,68.0,North Carolina,15621.0,22.0,7f119181-4c9f-4a9f-bccc-357277b64a8d,2.0,201.0,4.0,,,926053200.0,4240456.0,,Carter,Michael
Michael Carter,FA,2021,RB,0,FA,15258,,33542.0,,2804075.0,68.0,North Carolina,15621.0,22.0,117d2769-60b3-47f0-be7f-f47fe36e0ac9,2.0,201.0,4.0,,,926053200.0,4240657.0,,Carter,Michael
Michael Carter,FA,2021,RB,0,FA,15258,,33542.0,,2804075.0,68.0,North Carolina,15621.0,22.0,117d2769-60b3-47f0-be7f-f47fe36e0ac9,2.0,201.0,4.0,,,926053200.0,4240456.0,,Carter,Michael
Michael Carter,FA,2021,RB,0,FA,15258,,33542.0,,2865090.0,68.0,North Carolina,15273.0,22.0,7f119181-4c9f-4a9f-bccc-357277b64a8d,2.0,201.0,4.0,,,926053200.0,4240657.0,,Carter,Michael
Michael Carter,FA,2021,RB,0,FA,15258,,33542.0,,2865090.0,68.0,North Carolina,15273.0,22.0,7f119181-4c9f-4a9f-bccc-357277b64a8d,2.0,201.0,4.0,,,926053200.0,4240456.0,,Carter,Michael
Michael Carter,FA,2021,RB,0,FA,15258,,33542.0,,2865090.0,68.0,North Carolina,15273.0,22.0,117d2769-60b3-47f0-be7f-f47fe36e0ac9,2.0,201.0,4.0,,,926053200.0,4240657.0,,Carter,Michael
Michael Carter,FA,2021,RB,0,FA,15258,,33542.0,,2865090.0,68.0,North Carolina,15273.0,22.0,117d2769-60b3-47f0-be7f-f47fe36e0ac9,2.0,201.0,4.0,,,926053200.0,4240456.0,,Carter,Michael
Michael Carter,FA,2021,RB,0,FA,15258,,33542.0,,2865090.0,68.0,North Carolina,15621.0,22.0,7f119181-4c9f-4a9f-bccc-357277b64a8d,2.0,201.0,4.0,,,926053200.0,4240657.0,,Carter,Michael
Michael Carter,FA,2021,RB,0,FA,15258,,33542.0,,2865090.0,68.0,North Carolina,15621.0,22.0,7f119181-4c9f-4a9f-bccc-357277b64a8d,2.0,201.0,4.0,,,926053200.0,4240456.0,,Carter,Michael
Michael Carter,FA,2021,RB,0,FA,15258,,33542.0,,2865090.0,68.0,North Carolina,15621.0,22.0,117d2769-60b3-47f0-be7f-f47fe36e0ac9,2.0,201.0,4.0,,,926053200.0,4240657.0,,Carter,Michael
Michael Carter,FA,2021,RB,0,FA,15258,,33542.0,,2865090.0,68.0,North Carolina,15621.0,22.0,117d2769-60b3-47f0-be7f-f47fe36e0ac9,2.0,201.0,4.0,,,926053200.0,4240456.0,,Carter,Michael
Rhamondre Stevenson,NEP,2021,RB,0,NEP,15259,,33508.0,,,72.0,Oklahoma,15372.0,38.0,6260e78a-64e2-4f7e-9bf8-39948a17a370,15.0,227.0,4.0,,,888210000.0,4569173.0,,Stevenson,Rhamondre
Jaret Patterson,FA,2021,RB,0,FA,15260,,33706.0,,2964701.0,68.0,Buffalo,15315.0,34.0,82996e3b-b72d-41ca-8eb1-91e462ceff85,,195.0,,,,945925200.0,4362452.0,,Patterson,Jaret
Chuba Hubbard,CAR,2021,RB,0,CAR,15261,,33514.0,,,73.0,Oklahoma State,15242.0,30.0,32205e74-b23f-420a-b312-465b29260745,21.0,210.0,4.0,,,929077200.0,,,Hubbard,Chuba
Jermar Jefferson,DET,2021,RB,0,FA,15262,,33644.0,,,70.0,Oregon State,15296.0,28.0,de456390-b27b-4146-87b9-0267f1ea8db4,29.0,215.0,7.0,,,955774800.0,4374033.0,,Jefferson,Jermar
Elijah Mitchell,SFO,2021,RB,0,SFO,15263,,33582.0,,,70.0,Louisiana-Lafayette,15379.0,25.0,8ba68abf-e9d2-4927-bf8d-476f271d840c,10.0,200.0,6.0,,,894085200.0,,,Mitchell,Elijah
Demetric Felton,CLE,2021,RB,0,FA,15270,,33599.0,,2240193.0,69.0,UCLA,15266.0,38.0,0752f1c9-fc3e-44bc-b6ad-03f8f7f4191c,27.0,190.0,6.0,,,900565200.0,4035826.0,,Felton,Demetric
Khalil Herbert,CHI,2021,RB,0,CHI,15271,,33605.0,,,69.0,Virginia Tech,15281.0,24.0,02af99e0-3c84-4d4e-937a-a9f29a02323b,33.0,212.0,6.0,,,893134800.0,,,Herbert,Khalil
Larry Rountree,LAC,2021,RB,0,FA,15272,,33586.0,,,70.0,Missouri,15432.0,34.0,21e671a3-1260-4e1a-954c-005a290cf06b,14.0,210.0,6.0,,,887346000.0,,,Rountree,Larry
Chris Evans,CIN,2021,RB,0,CIN,15275,,33590.0,,2260647.0,71.0,Michigan,15304.0,25.0,f7397b71-3756-4b1b-9f61-8618164a4098,18.0,215.0,6.0,,,876027600.0,,,Evans,Chris
Deon Jackson,FA,2021,RB,0,FA,15277,,33798.0,,2866237.0,72.0,Duke,15635.0,34.0,3833681f-0164-4dbf-bfae-ea33115daafb,,218.0,,,,919314000.0,4240455.0,,Jackson,Deon
Ja'Marr Chase,CIN,2021,WR,0,CIN,15281,,33393.0,,,72.0,LSU,15183.0,1.0,fa99e984-d63b-4ef4-a164-407f68a7eeaf,5.0,201.0,1.0,,,951886800.0,4362628.0,,Chase,Ja'Marr
DeVonta Smith,PHI,2021,WR,0,PHI,15282,,33398.0,,,72.0,Alabama,15406.0,6.0,3555d07e-57ae-43de-97d5-b1b5bf055f17,10.0,170.0,1.0,,,911019600.0,,,Smith,DeVonta
Rondale Moore,ARI,2021,WR,0,ATL,15283,,33437.0,,2968526.0,67.0,Purdue,15514.0,14.0,975555d0-fe82-4e88-90f4-d690f5000671,17.0,181.0,2.0,,,960526800.0,,,Moore,Rondale
Jaylen Waddle,MIA,2021,WR,0,MIA,15284,,33394.0,,,70.0,Alabama,15404.0,17.0,0ff9a975-669d-4851-a95d-ab28d9fc29c4,6.0,185.0,1.0,,,911970000.0,4372016.0,,Waddle,Jaylen
Tylan Wallace,BAL,2021,WR,0,BAL,15285,,33519.0,,,71.0,Oklahoma State,15310.0,16.0,29269863-13cf-4c66-ac3c-5d9a47e2040a,26.0,202.0,4.0,,,926571600.0,,,Wallace,Tylan
Seth Williams,DEN,2021,WR,0,FA,15286,,33607.0,,2965944.0,75.0,Auburn,15405.0,18.0,f3debe3e-27e4-4c4a-867a-ec537b5a7826,35.0,211.0,6.0,,,955342800.0,4371974.0,,Williams,Seth
Amon-Ra St. Brown,DET,2021,WR,0,DET,15287,,33500.0,,,72.0,USC,15332.0,14.0,26ef0447-29b8-4dd1-9831-dcbf8132bb74,7.0,202.0,4.0,,,940741200.0,,,St. Brown,Amon-Ra
Elijah Moore,NYJ,2021,WR,0,CLE,15288,,33422.0,,,70.0,Mississippi,15280.0,8.0,b1935e20-6bd6-4863-8d7e-702ec403491f,2.0,180.0,2.0,,,954133200.0,,,Moore,Elijah
Kadarius Toney,NYG,2021,WR,0,CLE,15289,,33408.0,,2767487.0,72.0,Florida,15336.0,19.0,b4af6462-3e3a-49d5-9d96-482ad9f3c0c8,20.0,193.0,1.0,,,917413200.0,4240600.0,,Toney,Kadarius
Nico Collins,HOU,2021,WR,0,HOU,15290,,33477.0,,,76.0,Michigan,15200.0,12.0,bd56a50c-5fae-4ee2-8363-f74ae07b6887,25.0,222.0,3.0,,,921819600.0,4258173.0,,Collins,Nico
Dyami Brown,WAS,2021,WR,0,WAS,15292,,33470.0,,,72.0,North Carolina,15274.0,2.0,0fb60ada-bdd3-4d74-8c98-058303a1649a,18.0,195.0,3.0,,,941432400.0,,,Brown,Dyami
Rashod Bateman,BAL,2021,WR,0,BAL,15293,,33415.0,,,73.0,Minnesota,15210.0,7.0,d9f8b92b-69d4-4d83-9bf2-106ee523efed,27.0,195.0,1.0,,,943851600.0,,,Bateman,Rashod
Anthony Schwartz,CLE,2021,WR,0,MIA,15296,,33479.0,,2965374.0,72.0,Auburn,15334.0,84.0,98374ffa-8c40-49ce-bc85-745ad7d74f91,27.0,195.0,3.0,,,968130000.0,4371986.0,,Schwartz,Anthony
Amari Rodgers,GBP,2021,WR,0,FA,15297,,33473.0,,,69.0,Clemson,15441.0,3.0,e47ca6ed-c988-4cad-b4a4-181c67463748,21.0,212.0,3.0,,,938062800.0,,,Rodgers,Amari
Shi Smith,CAR,2021,WR,0,FA,15298,,33592.0,,,70.0,South Carolina,15226.0,12.0,1e664071-60d0-47da-94c8-e5c8617e11f6,20.0,190.0,6.0,,,909378000.0,,,Smith,Shi
Tutu Atwell,LAR,2021,WR,0,LAR,15301,,33445.0,,,69.0,Louisville,15229.0,5.0,7dc49535-f9dd-44b0-94f2-08ac6470130b,25.0,165.0,2.0,,,939272400.0,,,Atwell,Tutu
D'Wayne Eskridge,SEA,2021,WR,0,FA,15302,,33444.0,,,69.0,Western Michigan,15461.0,1.0,4a76219c-34b8-4cfe-81ab-2bb011368367,24.0,190.0,2.0,,,859093200.0,4043016.0,,Eskridge,D'Wayne
Simi Fehoko,DAL,2021,WR,0,LAC,15303,,33567.0,,,76.0,Stanford,15559.0,87.0,3860693c-99a2-4484-99db-1d43e3ff7fd4,35.0,218.0,5.0,,,878706000.0,,,Fehoko,Simi
Frank Darby,ATL,2021,WR,0,FA,15304,,33575.0,,,73.0,Arizona State,15465.0,3.0,52f8f4a4-3d70-4d43-9a3d-9f7356033f2f,3.0,200.0,6.0,,,873694800.0,4047836.0,,Darby,Frank
Tre Nixon,NEP,2021,WR,0,FA,15306,,33630.0,,,74.0,UCF,15525.0,82.0,c552a87b-4612-49f2-a6a4-55a5e26787c7,14.0,190.0,7.0,,,885790800.0,,,Nixon,Tre
Terrace Marshall,CAR,2021,WR,0,FA,15308,,33447.0,,,74.0,LSU,15214.0,88.0,69388223-d1e7-46c3-9106-e10edb7073e9,27.0,200.0,2.0,,,960526800.0,,,Marshall,Terrace
Racey McMath,TEN,2021,WR,0,FA,15313,,33593.0,,,75.0,LSU,15454.0,80.0,2a977d56-5e34-48dc-986a-e862e6886112,21.0,217.0,6.0,,,929336400.0,,,McMath,Racey
Cornell Powell,KCC,2021,WR,0,FA,15316,,33569.0,,,72.0,Clemson,15446.0,14.0,bc25629f-1501-4f58-ae46-c6cf502a4b13,37.0,204.0,5.0,,,878187600.0,4035465.0,,Powell,Cornell
Josh Palmer,LAC,2021,WR,0,LAC,15319,,33465.0,,,73.0,Tennessee,15447.0,5.0,857fcc59-10e8-4194-bd7d-41bc5f72a47f,13.0,210.0,3.0,,,937976400.0,,,Palmer,Josh
Jaelon Darden,TBB,2021,WR,0,CLE,15321,,33517.0,,2836391.0,68.0,North Texas,15240.0,16.0,ada174f6-9300-46ba-833f-018d007f20ce,24.0,175.0,4.0,,,916290000.0,4243830.0,,Darden,Jaelon
Austin Watkins,FA,2021,WR,0,FA,15324,,33830.0,,2961443.0,75.0,UAB,15434.0,41.0,dda1c351-8148-4c26-9bc0-1d906065290f,,210.0,,,,887605200.0,4363409.0,,Watkins,Austin
Dax Milne,WAS,2021,WR,0,FA,15326,,33645.0,,2975629.0,73.0,Brigham Young,15569.0,35.0,cab3a948-e9a2-4b3d-b893-020836be00d2,30.0,190.0,7.0,,,930114000.0,4373642.0,,Milne,Dax
Kyle Pitts,ATL,2021,TE,0,ATL,15329,,33392.0,,,78.0,Florida,15265.0,8.0,1f3deb24-9ff8-4769-8f42-825eff7742f6,4.0,246.0,1.0,,,970808400.0,,,Pitts,Kyle
Brevin Jordan,HOU,2021,TE,0,HOU,15330,,33535.0,,,75.0,Miami (FL),15369.0,9.0,8ffb5c07-4aa1-4796-b1ab-30c1ab0ccc4c,3.0,245.0,5.0,,,963723600.0,,,Jordan,Brevin
Pat Freiermuth,PIT,2021,TE,0,PIT,15331,,33443.0,,2961270.0,77.0,Penn State,15267.0,88.0,04f0fefe-9d9d-44f5-94ea-6df2a42df3c6,23.0,258.0,2.0,,,909291600.0,4361411.0,,Freiermuth,Pat
Tommy Tremble,CAR,2021,TE,0,CAR,15332,,33471.0,,,76.0,Notre Dame,15371.0,82.0,cbee2fd3-e5f2-4316-bffd-531f1873f032,19.0,250.0,3.0,,,959922000.0,,,Tremble,Tommy
Tre' McKitty,LAC,2021,TE,0,FA,15333,,33485.0,,,76.0,Georgia,15252.0,83.0,2ac90a86-c585-4c12-894d-a805a0c94cc3,33.0,246.0,3.0,,,916117200.0,,,McKitty,Tre'
Hunter Long,MIA,2021,TE,0,LAR,15334,,33469.0,,,77.0,Boston College,15246.0,84.0,ebc576d0-a98b-4f82-aaf9-901a3911487d,17.0,243.0,3.0,,,903502800.0,,,Long,Hunter
Luke Farrell,JAC,2021,TE,0,JAC,15335,,33533.0,,,77.0,Ohio State,15566.0,89.0,8a1f0e8e-6521-4a94-9934-ad4f76a25fd9,1.0,250.0,5.0,,,876805200.0,,,Farrell,Luke
Noah Gray,KCC,2021,TE,0,KCC,15337,,33550.0,,2866903.0,75.0,Duke,15459.0,83.0,c97dfcb6-b999-476f-8487-f3848e92df17,18.0,240.0,5.0,,,925448400.0,4240472.0,,Gray,Noah
Kenny Yeboah,FA,2021,TE,0,NYJ,15339,,33705.0,,,76.0,Mississippi,15339.0,88.0,990c2825-ca25-4da9-9966-269363a9bb91,,250.0,,,,909723600.0,,,Yeboah,Kenny
Quintin Morris,FA,2021,TE,0,BUF,15341,,33819.0,,,74.0,Bowling Green,15460.0,85.0,eab74cbc-ed11-46b3-bd16-1d4c997adc22,,252.0,,,,916894800.0,,,Morris,Quintin
Zach Davidson,MIN,2021,TE,0,FA,15343,,33556.0,,2665324.0,79.0,Central Missouri,15567.0,84.0,cb5e14e8-87a7-4bad-9fd4-abdd50628abb,24.0,251.0,5.0,,,900478800.0,4746079.0,,Davidson,Zach
John Bates,WAS,2021,TE,0,WAS,15344,,33512.0,,,78.0,Boise State,15289.0,87.0,3208880b-949f-4926-85eb-1940770550ea,19.0,259.0,4.0,,,878792400.0,,,Bates,John
Kwity Paye,IND,2021,DE,0,IND,15345,,33409.0,,,75.0,Michigan,15264.0,51.0,4c52a12f-6745-468e-86d9-977ffa512c4b,21.0,265.0,1.0,,,911451600.0,,,Paye,Kwity
Gregory Rousseau,BUF,2021,DE,0,BUF,15346,,33418.0,,,78.0,Miami (FL),15283.0,50.0,c47a2147-d70d-4874-91b3-8548b26fb3ec,30.0,266.0,1.0,,,954910800.0,,,Rousseau,Gregory
Rashad Weaver,TEN,2021,DE,0,HOU,15347,,33523.0,,4242214.0,76.0,Pittsburgh,15277.0,99.0,28558bf5-c09f-49ec-8cad-0154971728a0,30.0,259.0,4.0,,,879138000.0,4036076.0,,Weaver,Rashad
Carlos Basham,BUF,2021,DE,0,NYG,15348,,33449.0,,,75.0,Wake Forest,15260.0,55.0,18eae132-a14e-4de6-bae2-77c9ce8f5864,29.0,274.0,2.0,,,882248400.0,,,Basham,Carlos
Jaelan Phillips,MIA,2021,DE,0,MIA,15349,,33406.0,,2806235.0,77.0,Miami (FL),15263.0,15.0,2e0122de-812b-44fa-8bf9-084695be95e3,18.0,263.0,1.0,,,927867600.0,4242975.0,,Phillips,Jaelan
Micah Parsons,DAL,2021,DE,0,DAL,15350,,33400.0,,2967590.0,75.0,Penn State,15182.0,11.0,b4eab0bf-9e1f-43f8-912f-d33ac517bc46,12.0,245.0,1.0,,,927694800.0,4361423.0,,Parsons,Micah
Jeremiah Owusu-Koramoah,CLE,2021,LB,0,CLE,15351,,33440.0,,2868613.0,74.0,Notre Dame,15505.0,6.0,513aad03-6d8b-45cd-96ed-ad0d56e942f4,20.0,221.0,2.0,,,941691600.0,4258599.0,,Owusu-Koramoah,Jeremiah
Zaven Collins,ARI,2021,DE,0,ARI,15352,,33404.0,,2829831.0,76.0,Tulsa,15288.0,25.0,61fda7fc-a8d7-435f-9397-5657662cd6b2,16.0,260.0,1.0,,,927090000.0,4244606.0,,Collins,Zaven
Chazz Surratt,MIN,2021,LB,0,NYJ,15353,,33466.0,,,74.0,North Carolina,15276.0,55.0,0c9102ea-9fe8-4900-9d33-8eab299cf9ce,14.0,233.0,3.0,,,856069200.0,,,Surratt,Chazz
Nick Bolton,KCC,2021,LB,0,KCC,15355,,33446.0,,,71.0,Missouri,15286.0,32.0,83ad043c-d1e6-45b3-9e06-3f148538db46,26.0,237.0,2.0,,,952664400.0,,,Bolton,Nick
Baron Browning,DEN,2021,DE,0,DEN,15356,,33493.0,,,75.0,Ohio State,15422.0,5.0,faf72326-5e36-4bdd-9843-5d2a6b4ee6b4,41.0,240.0,3.0,,,919400400.0,4241987.0,,Browning,Baron
Christian Barmore,NEP,2021,DT,0,NEP,15357,,33426.0,,,77.0,Alabama,15395.0,90.0,39017237-0575-4984-b784-954a79c2bba2,6.0,315.0,2.0,,,933138000.0,,,Barmore,Christian
Tommy Togiai,CLE,2021,DT,0,FA,15358,,33520.0,,,74.0,Ohio State,15590.0,62.0,4a4f2ec4-b750-417c-8fa3-f1ec6386f032,27.0,296.0,4.0,,,937717200.0,,,Togiai,Tommy
Jay Tufele,JAC,2021,DT,0,CIN,15359,,33494.0,,,75.0,USC,15421.0,97.0,79a2bcb9-b390-4486-b64a-db81b246bf68,1.0,305.0,4.0,,,932878800.0,,,Tufele,Jay
Caleb Farley,TEN,2021,CB,0,FA,15360,,33410.0,,,74.0,Virginia Tech,15169.0,3.0,f063865f-624c-45ae-9433-4f9565890665,22.0,197.0,1.0,,,909982800.0,,,Farley,Caleb
Jaycee Horn,CAR,2021,CB,0,CAR,15361,,33396.0,,,73.0,South Carolina,15209.0,8.0,90b71985-5235-4d5a-b95a-405129be496f,8.0,200.0,1.0,,,943592400.0,,,Horn,Jaycee
Patrick Surtain II,DEN,2021,CB,0,DEN,15362,,33397.0,,2965625.0,74.0,Alabama,15403.0,2.0,5c753156-6ba2-4e25-9fbd-492c69e06ff0,9.0,202.0,1.0,,,955688400.0,4372012.0,,Surtain II,Patrick
Ifeatu Melifonwu,DET,2021,S,0,DET,15363,,33489.0,,,75.0,Syracuse,15261.0,6.0,8c348caf-34d8-44a8-a781-fee8064ae258,37.0,210.0,3.0,,,925621200.0,,,Melifonwu,Ifeatu
Andre Cisco,JAC,2021,S,0,JAC,15364,,33453.0,,,72.0,Syracuse,15199.0,5.0,250da6c8-2222-4438-9800-60d7bbb449d7,1.0,210.0,3.0,,,953787600.0,,,Cisco,Andre
Trevon Moehrig,LVR,2021,S,0,LVR,15365,,33431.0,,,74.0,TCU,15340.0,7.0,c8f74b89-065c-4857-be4e-4fcf897a5bc0,11.0,202.0,2.0,,,929509200.0,,,Moehrig,Trevon
Jevon Holland,MIA,2021,S,0,MIA,15366,,33424.0,,,73.0,Oregon,15196.0,8.0,30915dd4-f19f-48cd-8425-f2cf29246b66,4.0,205.0,2.0,,,952059600.0,,,Holland,Jevon
Hamsah Nasirildeen,NYJ,2021,LB,0,FA,15367,,33574.0,,,75.0,Florida State,15453.0,45.0,d2bbcec8-7163-4d6a-b356-9002a16eebe6,2.0,215.0,6.0,,,916549200.0,,,Nasirildeen,Hamsah
Evan McPherson,CIN,2021,PK,0,CIN,15368,,33537.0,,2962681.0,71.0,Florida,15383.0,2.0,acc143ed-53b2-49c9-81bc-16e6c98ffcae,5.0,185.0,5.0,,,932533200.0,4360234.0,,McPherson,Evan
Riley Patterson,FA,2021,PK,0,FA,15369,,33781.0,,2865368.0,72.0,Memphis,15512.0,15.0,deac735c-af0a-4f01-ada8-379ef66917ba,,190.0,,,,936680400.0,4243371.0,,Patterson,Riley
Myles Adams,FA,2020,DT,0,SEA,15371,,33131.0,,,74.0,Rice,14965.0,95.0,e6d6138f-1081-457b-9d89-dc9cd0ab9598,,290.0,,,,889419600.0,,,Adams,Myles
Jamin Davis,WAS,2021,LB,0,WAS,15373,,33407.0,,,75.0,Kentucky,15375.0,52.0,6484ba1b-2145-46fb-83f7-c38baa3080c0,19.0,234.0,1.0,,,913438800.0,,,Davis,Jamin
Greg Newsome,CLE,2021,CB,0,CLE,15375,,33414.0,,2966771.0,72.0,Northwestern,15275.0,20.0,2303e1eb-fa31-4cfe-b93d-7c2e1b683baa,26.0,192.0,1.0,,,958626000.0,4361266.0,,Newsome,Greg
Payton Turner,NOS,2021,DE,0,NOS,15376,,33416.0,,,78.0,Houston,15435.0,98.0,91e004b5-8a40-45cc-8246-a34faca1ee64,28.0,270.0,1.0,,,915685200.0,,,Turner,Payton
Eric Stokes,GBP,2021,CB,0,GBP,15377,,33417.0,,,73.0,Georgia,15297.0,21.0,35e016e2-c6cd-49c5-b1b5-73f03b81ff4d,29.0,194.0,1.0,,,920264400.0,,,Stokes,Eric
Jayson Oweh,BAL,2021,DE,0,BAL,15378,,33419.0,,2961253.0,77.0,Penn State,15305.0,99.0,232b1ab6-7a50-48a3-b213-681e782d6daa,31.0,255.0,1.0,,,913698000.0,4361422.0,,Oweh,Jayson
Joe Tryon,TBB,2021,DE,0,TBB,15379,,33420.0,,,77.0,Washington,15585.0,9.0,933edc6a-9617-4957-8f64-62a11bc43e6c,32.0,259.0,1.0,,,925448400.0,,,Tryon,Joe
Tyson Campbell,JAC,2021,CB,0,JAC,15380,,33421.0,,2975557.0,73.0,Georgia,15359.0,32.0,a887ad59-0e4b-4a9a-a7e4-cfd9f42fe7fb,1.0,195.0,2.0,,,953269200.0,4379397.0,,Campbell,Tyson
Richie Grant,ATL,2021,S,0,ATL,15381,,33428.0,,,72.0,UCF,15452.0,27.0,3beaed67-ca01-4603-be1f-78abfb6037b5,8.0,204.0,2.0,,,879051600.0,,,Grant,Richie
Levi Onwuzurike,DET,2021,DT,0,DET,15382,,33429.0,,,75.0,Washington,15195.0,91.0,0670801f-0ef3-46b6-ad6b-62475db6b787,9.0,290.0,2.0,,,888901200.0,,,Onwuzurike,Levi
Kelvin Joseph,DAL,2021,CB,0,FA,15383,,33432.0,,2961165.0,73.0,Kentucky,15557.0,24.0,3efde273-cfbe-4485-9ef1-d40ea147f99f,12.0,195.0,2.0,,,976510800.0,4362629.0,,Joseph,Kelvin
Asante Samuel,LAC,2021,CB,0,LAC,15384,,33435.0,,,70.0,Florida State,15218.0,26.0,02b08a8b-a3bd-44d1-8930-e6f51b029a22,15.0,180.0,2.0,,,938926800.0,,,Samuel,Asante
Azeez Ojulari,NYG,2021,DE,0,NYG,15385,,33438.0,,,75.0,Georgia,15355.0,51.0,78af6ab8-1003-423d-b29b-111d8f4d45ad,18.0,240.0,2.0,,,961131600.0,,,Ojulari,Azeez
Dayo Odeyingbo,IND,2021,DE,0,IND,15386,,33442.0,,,78.0,Vanderbilt,15227.0,54.0,994f3d7b-1f01-45fe-ba66-4d853d4b09fb,22.0,286.0,2.0,,,938149200.0,,,Odeyingbo,Dayo
Pete Werner,NOS,2021,LB,0,NOS,15387,,33448.0,,2829228.0,75.0,Ohio State,15600.0,20.0,09bdc469-0d82-4bce-8d49-810a44a550da,28.0,242.0,2.0,,,928558800.0,4241993.0,,Werner,Pete
Joseph Ossai,CIN,2021,DE,0,CIN,15388,,33457.0,,,76.0,Texas,15507.0,58.0,f46bc3a8-dbcc-4d96-8d6e-50034429de29,5.0,263.0,3.0,,,955602000.0,,,Ossai,Joseph
Aaron Robinson,NYG,2021,CB,0,FA,15389,,33459.0,,,73.0,UCF,15445.0,33.0,e63d2781-66d7-4e29-ae56-292fb282a5ed,7.0,195.0,3.0,,,910674000.0,4040979.0,,Robinson,Aaron
Alim McNeill,DET,2021,DT,0,DET,15390,,33460.0,,,74.0,North Carolina State,15522.0,54.0,865d4bf9-5d13-42a6-a8f9-a4e9a93c7375,8.0,315.0,3.0,,,958021200.0,,,McNeill,Alim
Milton Williams,PHI,2021,DT,0,PHI,15391,,33461.0,,,75.0,Louisiana Tech,15291.0,93.0,ebabfa18-7713-4002-8ac4-cf30cd4566fc,9.0,290.0,3.0,,,923374800.0,,,Williams,Milton
Benjamin St-Juste,WAS,2021,CB,0,WAS,15392,,33462.0,,,75.0,Minnesota,15479.0,25.0,19dd3c47-6da2-4baa-8f4d-c44c152924f2,10.0,200.0,3.0,,,873694800.0,,,St-Juste,Benjamin
Osa Odighizuwa,DAL,2021,DT,0,DAL,15393,,33463.0,,,74.0,UCLA,15284.0,97.0,5bc24739-494e-4d0c-beae-e15231743bcf,11.0,280.0,3.0,,,902984400.0,,,Odighizuwa,Osa
Paulson Adebo,NOS,2021,CB,0,NOS,15394,,33464.0,,,73.0,Stanford,15399.0,29.0,054cf859-2cf7-4621-a98e-b440e66508a5,12.0,192.0,3.0,,,930978000.0,,,Adebo,Paulson
Malcolm Koonce,LVR,2021,DE,0,LVR,15395,,33467.0,,2805498.0,75.0,Buffalo,15303.0,51.0,83436be9-f646-4cb6-94e0-99a939298e3f,15.0,250.0,3.0,,,897109200.0,4239719.0,,Koonce,Malcolm
Divine Deablo,LVR,2021,LB,0,LVR,15396,,33468.0,,,75.0,Virginia Tech,15472.0,5.0,f50ae8f1-aebd-4e3d-bbf9-f92921044e72,16.0,223.0,3.0,,,903330000.0,,,Deablo,Divine
Chauncey Golston,DAL,2021,DE,0,DAL,15397,,33472.0,,2251096.0,77.0,Iowa,15321.0,99.0,b7f8bf4e-a1e5-443e-8deb-3916c817a1a8,20.0,268.0,3.0,,,887086800.0,4036132.0,,Golston,Chauncey
Patrick Jones,MIN,2021,DE,0,MIN,15398,,33478.0,,,76.0,Pittsburgh,15232.0,91.0,74013f08-f920-4de7-9740-cc461d84beec,26.0,264.0,3.0,,,907045200.0,,,Jones,Patrick
Monty Rice,TEN,2021,LB,0,ATL,15399,,33480.0,,2804150.0,72.0,Georgia,15253.0,59.0,587fc996-b54f-48ce-8261-adb50b872ec7,28.0,233.0,3.0,,,915771600.0,4240692.0,,Rice,Monty
Ronnie Perkins,NEP,2021,DE,0,DEN,15400,,33484.0,,,75.0,Oklahoma,15587.0,51.0,416e8e41-9e8f-4bc9-9d26-babb37bec884,32.0,253.0,3.0,,,938581200.0,,,Perkins,Ronnie
Nahshon Wright,DAL,2021,CB,0,FA,15401,,33487.0,,3129234.0,76.0,Oregon State,15549.0,25.0,884b6094-1ebd-4b72-b957-ad33a3ab984f,35.0,200.0,3.0,,,906526800.0,4570470.0,,Wright,Nahshon
Elijah Molden,TEN,2021,S,0,LAC,15402,,33488.0,,2815176.0,70.0,Washington,15530.0,24.0,0224c851-7e91-4e93-9bf8-89a8d72c55ef,36.0,192.0,3.0,,,917672400.0,4243328.0,,Molden,Elijah
Ambry Thomas,SFO,2021,CB,0,SFO,15403,,33490.0,,,72.0,Michigan,15176.0,20.0,7da672ef-7d6f-4162-b3ee-7faa37b0ed95,38.0,190.0,3.0,,,936853200.0,4258209.0,,Thomas,Ambry
Ernest Jones,LAR,2021,LB,0,TEN,15404,,33491.0,,2961129.0,74.0,South Carolina,15228.0,53.0,42c12021-abf6-40fa-b989-7ea52d0e7070,39.0,233.0,3.0,,,943246800.0,4362851.0,,Jones,Ernest
Brandon Stephens,BAL,2021,CB,0,BAL,15405,,33492.0,,,73.0,SMU,15644.0,21.0,c30da9e4-f0d5-472f-9c20-45f2bc7eaa54,40.0,215.0,3.0,,,883371600.0,,,Stephens,Brandon
Darren Hall,ATL,2021,S,0,ARI,15406,,33496.0,,2875216.0,72.0,San Diego State,15474.0,30.0,e2aa4576-83a6-4b81-ab95-49126a0cf1d4,3.0,190.0,4.0,,,957243600.0,4261606.0,,Hall,Darren
Dez Fitzpatrick,TEN,2021,WR,0,FA,15407,,33497.0,,2251151.0,74.0,Louisville,15466.0,82.0,e1d69406-4bcf-46d3-b35f-5ef170e5258b,4.0,208.0,4.0,,,882334800.0,4036026.0,,Fitzpatrick,Dez
Cameron Sample,CIN,2021,DE,0,CIN,15408,,33499.0,,,75.0,Tulane,15318.0,96.0,2f1b4df5-a65b-4b13-8a86-81c03259e822,6.0,272.0,4.0,,,937803600.0,,,Sample,Cameron
Derrick Barnes,DET,2021,LB,0,DET,15409,,33501.0,,,72.0,Purdue,15489.0,55.0,16c53e66-de15-43da-931c-bf3a3e056505,8.0,240.0,4.0,,,927954000.0,,,Barnes,Derrick
Jabril Cox,DAL,2021,LB,0,FA,15410,,33503.0,,2257071.0,75.0,LSU,15346.0,45.0,4a78d325-99ee-424c-bf79-33dc1bdada74,10.0,233.0,4.0,,,892702800.0,4040940.0,,Cox,Jabril
Elerson Smith,NYG,2021,DE,0,FA,15411,,33504.0,,,79.0,Northern Iowa,15589.0,92.0,d20386b3-f260-40eb-92c3-f0a95211fab6,11.0,245.0,4.0,,,900651600.0,,,Smith,Elerson
Bobby Brown,LAR,2021,DT,0,LAR,15412,,33505.0,,,76.0,Texas A&M,15591.0,95.0,17bb3390-5232-402b-b229-c478b22dd200,12.0,332.0,4.0,,,965624400.0,,,Brown,Bobby
Chris Rumph,LAC,2021,DE,0,LAC,15413,,33506.0,,2866844.0,74.0,Duke,15311.0,94.0,dcbf373f-7336-457f-888f-02596a391d89,13.0,244.0,4.0,,,908773200.0,4240475.0,,Rumph,Chris
Kene Nwangwu,MIN,2021,RB,0,FA,15414,,33507.0,,2261254.0,73.0,Iowa State,15579.0,26.0,482c1032-765a-48d3-b46e-b47a809dbee4,14.0,210.0,4.0,,,887000400.0,4035537.0,,Nwangwu,Kene
Jordan Smith,JAC,2021,DE,0,FA,15415,,33509.0,,,79.0,UAB,15439.0,92.0,8f5245fb-27ed-4a5d-93ea-ca354e670731,16.0,250.0,4.0,,,892184400.0,,,Smith,Jordan
Zech McPhearson,PHI,2021,CB,0,FA,15417,,33511.0,,2251303.0,71.0,Texas Tech,15558.0,27.0,34786359-962b-44e4-8882-d387d1a8ed42,18.0,191.0,4.0,,,890456400.0,4045161.0,,McPhearson,Zech
Camryn Bynum,MIN,2021,S,0,MIN,15418,,33513.0,,,72.0,California,15478.0,24.0,450f301e-e19b-4111-a6be-4bb20fbf7f2a,20.0,200.0,4.0,,,900824400.0,,,Bynum,Camryn
Kylen Granson,IND,2021,TE,0,IND,15419,,33515.0,,,75.0,SMU,15245.0,83.0,bcc0167c-05fd-4b23-981e-60b8784ceb33,22.0,242.0,4.0,,,890974800.0,,,Granson,Kylen
Robert Rochell,LAR,2021,CB,0,FA,15420,,33518.0,,,72.0,Central Arkansas,15443.0,22.0,170d9d12-0595-4636-9b42-822ff93a6d94,25.0,193.0,4.0,,,893566800.0,4032200.0,,Rochell,Robert
Janarius Robinson,MIN,2021,DE,0,LVR,15421,,33522.0,,2221926.0,77.0,Florida State,15444.0,97.0,e97a02d1-666b-4df9-bfd4-c375002965c3,29.0,260.0,4.0,,,925880400.0,4035604.0,,Robinson,Janarius
Marco Wilson,ARI,2021,CB,0,NEP,15422,,33524.0,,,72.0,Florida,15313.0,22.0,409f6cf2-cfd2-4712-80a2-9a62e0ad75c4,31.0,191.0,4.0,,,920437200.0,,,Wilson,Marco
Tre Brown,SEA,2021,CB,0,SEA,15423,,33525.0,,,70.0,Oklahoma,15477.0,22.0,0589b224-bfc7-47a5-b89d-ff58ef2dcf21,32.0,185.0,4.0,,,875077200.0,,,Brown,Tre
Buddy Johnson,PIT,2021,LB,0,DAL,15424,,33528.0,,,74.0,Texas A&M,15374.0,57.0,11e6adfb-8144-4990-adc2-bfcfe905889b,35.0,240.0,4.0,,,920091600.0,,,Johnson,Buddy
Jacob Harris,LAR,2021,WR,0,PHI,15425,,33529.0,,,77.0,UCF,15322.0,46.0,bdbb1693-3509-494c-8308-ae26a415fc96,36.0,211.0,4.0,,,861166800.0,3932144.0,,Harris,Jacob
Jamien Sherwood,NYJ,2021,LB,0,NYJ,15428,,33534.0,,,74.0,Auburn,15316.0,44.0,0e9ea316-700d-4368-86c1-d1181fc64f52,2.0,216.0,5.0,,,947653200.0,,,Sherwood,Jamien
Ta'Quon Graham,ATL,2021,DT,0,ATL,15429,,33536.0,,,76.0,Texas,15236.0,95.0,f5510376-f94b-470c-94ce-88098635c4ff,4.0,307.0,5.0,,,912488400.0,,,Graham,Ta'Quon
Caden Sterns,DEN,2021,S,0,FA,15430,,33540.0,,2962950.0,73.0,Texas,15220.0,23.0,5c1cb09e-be4b-43e7-b35d-98db06cea707,8.0,207.0,5.0,,,941518800.0,4362077.0,,Sterns,Caden
Tony Fields,CLE,2021,LB,0,CLE,15431,,33541.0,,2870538.0,72.0,West Virginia,15237.0,42.0,d40b2cf6-59e1-4af6-a91c-f2206303564c,9.0,222.0,5.0,,,929682000.0,4245655.0,,Fields,Tony
Michael Carter,NYJ,2021,CB,0,NYJ,15432,,33495.0,,2804075.0,70.0,Duke,15273.0,30.0,7f119181-4c9f-4a9f-bccc-357277b64a8d,10.0,184.0,5.0,,,920869200.0,4240657.0,,Carter,Michael
Michael Carter,NYJ,2021,CB,0,NYJ,15432,,33495.0,,2804075.0,70.0,Duke,15273.0,30.0,7f119181-4c9f-4a9f-bccc-357277b64a8d,10.0,184.0,5.0,,,920869200.0,4240456.0,,Carter,Michael
Michael Carter,NYJ,2021,CB,0,NYJ,15432,,33495.0,,2804075.0,70.0,Duke,15273.0,30.0,117d2769-60b3-47f0-be7f-f47fe36e0ac9,10.0,184.0,5.0,,,920869200.0,4240657.0,,Carter,Michael
Michael Carter,NYJ,2021,CB,0,NYJ,15432,,33495.0,,2804075.0,70.0,Duke,15273.0,30.0,117d2769-60b3-47f0-be7f-f47fe36e0ac9,10.0,184.0,5.0,,,920869200.0,4240456.0,,Carter,Michael
Michael Carter,NYJ,2021,CB,0,NYJ,15432,,33495.0,,2804075.0,70.0,Duke,15621.0,30.0,7f119181-4c9f-4a9f-bccc-357277b64a8d,10.0,184.0,5.0,,,920869200.0,4240657.0,,Carter,Michael
Michael Carter,NYJ,2021,CB,0,NYJ,15432,,33495.0,,2804075.0,70.0,Duke,15621.0,30.0,7f119181-4c9f-4a9f-bccc-357277b64a8d,10.0,184.0,5.0,,,920869200.0,4240456.0,,Carter,Michael
Michael Carter,NYJ,2021,CB,0,NYJ,15432,,33495.0,,2804075.0,70.0,Duke,15621.0,30.0,117d2769-60b3-47f0-be7f-f47fe36e0ac9,10.0,184.0,5.0,,,920869200.0,4240657.0,,Carter,Michael
Michael Carter,NYJ,2021,CB,0,NYJ,15432,,33495.0,,2804075.0,70.0,Duke,15621.0,30.0,117d2769-60b3-47f0-be7f-f47fe36e0ac9,10.0,184.0,5.0,,,920869200.0,4240456.0,,Carter,Michael
Michael Carter,NYJ,2021,CB,0,NYJ,15432,,33495.0,,2865090.0,70.0,Duke,15273.0,30.0,7f119181-4c9f-4a9f-bccc-357277b64a8d,10.0,184.0,5.0,,,920869200.0,4240657.0,,Carter,Michael
Michael Carter,NYJ,2021,CB,0,NYJ,15432,,33495.0,,2865090.0,70.0,Duke,15273.0,30.0,7f119181-4c9f-4a9f-bccc-357277b64a8d,10.0,184.0,5.0,,,920869200.0,4240456.0,,Carter,Michael
Michael Carter,NYJ,2021,CB,0,NYJ,15432,,33495.0,,2865090.0,70.0,Duke,15273.0,30.0,117d2769-60b3-47f0-be7f-f47fe36e0ac9,10.0,184.0,5.0,,,920869200.0,4240657.0,,Carter,Michael
Michael Carter,NYJ,2021,CB,0,NYJ,15432,,33495.0,,2865090.0,70.0,Duke,15273.0,30.0,117d2769-60b3-47f0-be7f-f47fe36e0ac9,10.0,184.0,5.0,,,920869200.0,4240456.0,,Carter,Michael
Michael Carter,NYJ,2021,CB,0,NYJ,15432,,33495.0,,2865090.0,70.0,Duke,15621.0,30.0,7f119181-4c9f-4a9f-bccc-357277b64a8d,10.0,184.0,5.0,,,920869200.0,4240657.0,,Carter,Michael
Michael Carter,NYJ,2021,CB,0,NYJ,15432,,33495.0,,2865090.0,70.0,Duke,15621.0,30.0,7f119181-4c9f-4a9f-bccc-357277b64a8d,10.0,184.0,5.0,,,920869200.0,4240456.0,,Carter,Michael
Michael Carter,NYJ,2021,CB,0,NYJ,15432,,33495.0,,2865090.0,70.0,Duke,15621.0,30.0,117d2769-60b3-47f0-be7f-f47fe36e0ac9,10.0,184.0,5.0,,,920869200.0,4240657.0,,Carter,Michael
Michael Carter,NYJ,2021,CB,0,NYJ,15432,,33495.0,,2865090.0,70.0,Duke,15621.0,30.0,117d2769-60b3-47f0-be7f-f47fe36e0ac9,10.0,184.0,5.0,,,920869200.0,4240456.0,,Carter,Michael
Michael Carter,NYJ,2021,CB,0,NYJ,15432,,33542.0,,2804075.0,70.0,Duke,15273.0,30.0,7f119181-4c9f-4a9f-bccc-357277b64a8d,10.0,184.0,5.0,,,920869200.0,4240657.0,,Carter,Michael
Michael Carter,NYJ,2021,CB,0,NYJ,15432,,33542.0,,2804075.0,70.0,Duke,15273.0,30.0,7f119181-4c9f-4a9f-bccc-357277b64a8d,10.0,184.0,5.0,,,920869200.0,4240456.0,,Carter,Michael
Michael Carter,NYJ,2021,CB,0,NYJ,15432,,33542.0,,2804075.0,70.0,Duke,15273.0,30.0,117d2769-60b3-47f0-be7f-f47fe36e0ac9,10.0,184.0,5.0,,,920869200.0,4240657.0,,Carter,Michael
Michael Carter,NYJ,2021,CB,0,NYJ,15432,,33542.0,,2804075.0,70.0,Duke,15273.0,30.0,117d2769-60b3-47f0-be7f-f47fe36e0ac9,10.0,184.0,5.0,,,920869200.0,4240456.0,,Carter,Michael
Michael Carter,NYJ,2021,CB,0,NYJ,15432,,33542.0,,2804075.0,70.0,Duke,15621.0,30.0,7f119181-4c9f-4a9f-bccc-357277b64a8d,10.0,184.0,5.0,,,920869200.0,4240657.0,,Carter,Michael
Michael Carter,NYJ,2021,CB,0,NYJ,15432,,33542.0,,2804075.0,70.0,Duke,15621.0,30.0,7f119181-4c9f-4a9f-bccc-357277b64a8d,10.0,184.0,5.0,,,920869200.0,4240456.0,,Carter,Michael
Michael Carter,NYJ,2021,CB,0,NYJ,15432,,33542.0,,2804075.0,70.0,Duke,15621.0,30.0,117d2769-60b3-47f0-be7f-f47fe36e0ac9,10.0,184.0,5.0,,,920869200.0,4240657.0,,Carter,Michael
Michael Carter,NYJ,2021,CB,0,NYJ,15432,,33542.0,,2804075.0,70.0,Duke,15621.0,30.0,117d2769-60b3-47f0-be7f-f47fe36e0ac9,10.0,184.0,5.0,,,920869200.0,4240456.0,,Carter,Michael
Michael Carter,NYJ,2021,CB,0,NYJ,15432,,33542.0,,2865090.0,70.0,Duke,15273.0,30.0,7f119181-4c9f-4a9f-bccc-357277b64a8d,10.0,184.0,5.0,,,920869200.0,4240657.0,,Carter,Michael
Michael Carter,NYJ,2021,CB,0,NYJ,15432,,33542.0,,2865090.0,70.0,Duke,15273.0,30.0,7f119181-4c9f-4a9f-bccc-357277b64a8d,10.0,184.0,5.0,,,920869200.0,4240456.0,,Carter,Michael
Michael Carter,NYJ,2021,CB,0,NYJ,15432,,33542.0,,2865090.0,70.0,Duke,15273.0,30.0,117d2769-60b3-47f0-be7f-f47fe36e0ac9,10.0,184.0,5.0,,,920869200.0,4240657.0,,Carter,Michael
Michael Carter,NYJ,2021,CB,0,NYJ,15432,,33542.0,,2865090.0,70.0,Duke,15273.0,30.0,117d2769-60b3-47f0-be7f-f47fe36e0ac9,10.0,184.0,5.0,,,920869200.0,4240456.0,,Carter,Michael
Michael Carter,NYJ,2021,CB,0,NYJ,15432,,33542.0,,2865090.0,70.0,Duke,15621.0,30.0,7f119181-4c9f-4a9f-bccc-357277b64a8d,10.0,184.0,5.0,,,920869200.0,4240657.0,,Carter,Michael
Michael Carter,NYJ,2021,CB,0,NYJ,15432,,33542.0,,2865090.0,70.0,Duke,15621.0,30.0,7f119181-4c9f-4a9f-bccc-357277b64a8d,10.0,184.0,5.0,,,920869200.0,4240456.0,,Carter,Michael
Michael Carter,NYJ,2021,CB,0,NYJ,15432,,33542.0,,2865090.0,70.0,Duke,15621.0,30.0,117d2769-60b3-47f0-be7f-f47fe36e0ac9,10.0,184.0,5.0,,,920869200.0,4240657.0,,Carter,Michael
Michael Carter,NYJ,2021,CB,0,NYJ,15432,,33542.0,,2865090.0,70.0,Duke,15621.0,30.0,117d2769-60b3-47f0-be7f-f47fe36e0ac9,10.0,184.0,5.0,,,920869200.0,4240456.0,,Carter,Michael
Isaiahh Loudermilk,PIT,2021,DT,0,PIT,15433,,33544.0,,,79.0,Wisconsin,15347.0,92.0,ff28a5cc-3780-4f94-8c40-d713ff75cd0d,12.0,293.0,5.0,,,876459600.0,,,Loudermilk,Isaiahh
Ihmir Smith-Marsette,MIN,2021,WR,0,NYG,15434,,33545.0,,2865894.0,73.0,Iowa,15287.0,11.0,39156891-0d05-470b-8b64-751602820bb1,13.0,185.0,5.0,,,935902800.0,4240573.0,,Smith-Marsette,Ihmir
Shaun Wade,BAL,2021,CB,0,FA,15436,,33548.0,,2804428.0,73.0,Ohio State,15193.0,26.0,6dbc1c10-83ed-40ba-b747-365ef1c0623a,16.0,195.0,5.0,,,905835600.0,4241995.0,,Wade,Shaun
Darrick Forrest,WAS,2021,S,0,WAS,15437,,33551.0,,,71.0,Cincinnati,15598.0,22.0,6c582650-e297-470b-bb43-f9a1cee68417,19.0,200.0,5.0,,,927349200.0,,,Forrest,Darrick
Keith Taylor,CAR,2021,CB,0,FA,15440,,33554.0,,,75.0,Washington,15486.0,39.0,a72561d6-fd30-4910-ac44-eb9416e792ea,22.0,195.0,5.0,,,925707600.0,4243332.0,,Taylor,Keith
Nate Hobbs,LVR,2021,CB,0,LVR,15441,,33555.0,,,72.0,Illinois,15387.0,39.0,b34aa9fb-3f93-481b-8f68-7330c39e6e20,23.0,195.0,5.0,,,930200400.0,,,Hobbs,Nate
Richard LeCounte,CLE,2021,S,0,FA,15442,,33557.0,,,71.0,Georgia,15363.0,15.0,ff01b89c-fe58-46a9-bc86-0bec8671f428,25.0,196.0,5.0,,,905490000.0,,,LeCounte,Richard
Garret Wallow,HOU,2021,LB,0,TEN,15443,,33558.0,,2803737.0,74.0,TCU,15602.0,54.0,f50c9bb7-2782-4390-a84f-b47e71d6018f,26.0,230.0,5.0,,,917240400.0,4241807.0,,Wallow,Garret
Deommodore Lenoir,SFO,2021,CB,0,SFO,15445,,33560.0,,,70.0,Oregon,15192.0,2.0,d24bbe70-baba-4337-822e-c166a156f92e,28.0,200.0,5.0,,,939186000.0,,,Lenoir,Deommodore
Tedarrell Slaton,GBP,2021,DT,0,GBP,15446,,33561.0,,,76.0,Florida,15604.0,93.0,855efef2-4393-4959-9712-3fd144a03110,29.0,330.0,5.0,,,875854800.0,,,Slaton,Tedarrell
Earnest Brown,LAR,2021,DE,0,TBB,15447,,33562.0,,2835686.0,77.0,Northwestern,15616.0,74.0,58643249-5d94-48a2-8ea2-13cab4ca2a89,30.0,300.0,5.0,,,915771600.0,4242292.0,,Brown,Earnest
Jason Pinnock,NYJ,2021,S,0,NYG,15448,,33563.0,,,72.0,Pittsburgh,15532.0,27.0,8ca53dc6-9a7f-41a6-9b69-d199a6784013,31.0,200.0,5.0,,,930718800.0,,,Pinnock,Jason
K.J. Britt,TBB,2021,LB,0,TBB,15449,,33564.0,,,72.0,Auburn,15408.0,52.0,2784acd6-85b1-4411-a00a-094a5fc01930,32.0,235.0,5.0,,,928472400.0,,,Britt,K.J.
Cameron McGrone,NEP,2021,LB,0,IND,15450,,33565.0,,,73.0,Michigan,15601.0,59.0,b498432e-01a4-49ef-8f4d-cda153c7cdd5,33.0,236.0,5.0,,,961650000.0,,,McGrone,Cameron
Shemar Jean-Charles,GBP,2021,CB,0,FA,15451,,33566.0,,4036430.0,70.0,Appalachian State,15636.0,27.0,dc9d65a1-f955-4ef4-9b36-807c3ec73821,34.0,184.0,5.0,,,898318800.0,4036430.0,,Jean-Charles,Shemar
Talanoa Hufanga,SFO,2021,S,0,SFO,15452,,33568.0,,,72.0,USC,15317.0,29.0,a1a2f797-77ac-4f13-8456-50a10a7fd61a,36.0,200.0,5.0,,,917931600.0,4360853.0,,Hufanga,Talanoa
Adetokunbo Ogundeji,ATL,2021,DE,0,FA,15453,,33570.0,,2260687.0,76.0,Notre Dame,15484.0,92.0,b0501e9c-4f03-4bd8-baae-1e39b3ef751e,38.0,268.0,5.0,,,907909200.0,4046693.0,,Ogundeji,Adetokunbo
Avery Williams,ATL,2021,RB,0,ATL,15454,,33571.0,,,69.0,Boise State,15294.0,26.0,6b2ee61f-463f-478a-9bfa-e43c8e9b0c2e,39.0,195.0,5.0,,,900478800.0,,,Williams,Avery
Nick Niemann,LAC,2021,LB,0,LAC,15456,,33573.0,,2251103.0,75.0,Iowa,15603.0,31.0,30bfd566-e867-4ee7-bf19-d36794ed39f1,1.0,244.0,6.0,,,881038800.0,4036141.0,,Niemann,Nick
Marlon Tuipulotu,PHI,2021,DT,0,KCC,15458,,33577.0,,2807107.0,74.0,USC,15329.0,95.0,ca5028b1-d96f-4444-9855-46e1661b9d62,5.0,307.0,6.0,,,928126800.0,4243218.0,,Tuipulotu,Marlon
Quinton Bohanna,DAL,2021,DT,0,FA,15460,,33580.0,,2875379.0,76.0,Kentucky,15605.0,97.0,22c50029-dccc-464e-81fe-236c34b167cd,8.0,360.0,6.0,,,921560400.0,4259978.0,,Bohanna,Quinton
Roy Lopez,HOU,2021,DT,0,ARI,15461,,33583.0,,,74.0,Arizona,15610.0,98.0,23a30b80-1549-4ae8-afac-0fa99636c71e,11.0,318.0,6.0,,,870843600.0,,,Lopez,Roy
Gary Brightwell,NYG,2021,RB,0,FA,15462,,33584.0,,2870531.0,73.0,Arizona,15343.0,35.0,94bde2c7-7229-4bf0-a545-5950cf3c7927,12.0,220.0,6.0,,,920178000.0,4245645.0,,Brightwell,Gary
Brandin Echols,NYJ,2021,CB,0,NYJ,15464,,33588.0,,,70.0,Kentucky,15626.0,26.0,7c023589-734d-489f-ac09-577d48f772f3,16.0,179.0,6.0,,,876978000.0,,,Echols,Brandin
Jalen Camp,JAC,2021,WR,0,FA,15467,,33597.0,,,74.0,Georgia Tech,15248.0,84.0,a7bee0dc-2f5a-4073-a785-85a34c60dda1,25.0,220.0,6.0,,,900046800.0,4037311.0,,Camp,Jalen
Victor Dimukeje,ARI,2021,DE,0,ARI,15468,,33598.0,,,74.0,Duke,15625.0,52.0,0e6f6610-0276-4229-9cf1-66f0d011c1a9,26.0,262.0,6.0,,,942901200.0,,,Dimukeje,Victor
Damar Hamlin,BUF,2021,S,0,BUF,15469,,33600.0,,,72.0,Pittsburgh,15233.0,3.0,3a6b8eac-9a76-47e0-b791-b6ee245ae924,28.0,200.0,6.0,,,890715600.0,,,Hamlin,Damar
Isaiah McDuffie,GBP,2021,LB,0,GBP,15473,,33608.0,,,73.0,Boston College,15255.0,58.0,92e24ebb-25e5-413a-95d4-26936bdb6a70,36.0,227.0,6.0,,,932533200.0,,,McDuffie,Isaiah
Israel Mukuamu,DAL,2021,S,0,DAL,15476,,33615.0,,,76.0,South Carolina,15216.0,24.0,7111b5cc-d74b-416b-9c93-c2fdf7ad193e,43.0,205.0,6.0,,,943765200.0,,,Mukuamu,Israel
Mike Strachan,IND,2021,WR,0,FA,15478,,33620.0,,,77.0,Charleston,15570.0,86.0,f847b563-8a08-46ca-bb57-aee8431a87fd,1.0,225.0,7.0,,,871448400.0,,,Strachan,Mike
Jake Funk,LAR,2021,RB,0,FA,15480,,33621.0,,,70.0,Maryland,15285.0,36.0,8da63045-f139-4422-9bd7-efe46c7fcf13,5.0,205.0,7.0,,,884494800.0,4036224.0,,Funk,Jake
Patrick Johnson,PHI,2021,DE,0,PHI,15481,,33622.0,,,74.0,Tulane,15639.0,48.0,1693934a-76eb-4cf9-a5cf-e0bb6df92ace,6.0,248.0,7.0,,,884408400.0,,,Johnson,Patrick
Jonathon Cooper,DEN,2021,DE,0,DEN,15484,,33627.0,,,76.0,Ohio State,15481.0,,74ee9029-96c6-4a9b-bd20-1b2ba18c14b5,11.0,257.0,7.0,,,884235600.0,,,Cooper,Jonathon
Gerrid Doaks,MIA,2021,RB,0,FA,15488,,33632.0,,,71.0,Cincinnati,15331.0,26.0,7d4333b3-8979-4920-9cfc-13fce89b7a3f,16.0,228.0,7.0,,,897282000.0,,,Doaks,Gerrid
Shaka Toney,WAS,2021,DE,0,FA,15490,,33634.0,,2251309.0,74.0,Penn State,15312.0,72.0,8b497077-73c5-4e3c-a1b6-348b579ec02c,18.0,238.0,7.0,,,884235600.0,4045169.0,,Toney,Shaka
Ben Skowronek,LAR,2021,WR,0,PIT,15491,,33637.0,,2247046.0,75.0,Notre Dame,15467.0,26.0,5521ba64-e615-4d50-b9bf-490498571ac7,21.0,224.0,7.0,,,867387600.0,4035656.0,,Skowronek,Ben
Khyiris Tonga,CHI,2021,DT,0,ARI,15492,,33851.0,,,76.0,Brigham Young,15325.0,95.0,253afa4e-a404-41e5-82bc-4c41508498f5,22.0,338.0,7.0,,,836715600.0,,,Tonga,Khyiris
Pressley Harvin,PIT,2021,PN,0,SFO,15496,,33641.0,,2804055.0,72.0,Georgia Tech,15614.0,5.0,0405bc2d-8e9c-4537-9238-111c4ccd88ae,26.0,255.0,7.0,,,906008400.0,4240485.0,,Harvin,Pressley
Grant Stuard,TBB,2021,LB,0,IND,15498,,33646.0,,,71.0,Houston,15247.0,41.0,f9dbd390-b1c7-41a2-9e96-6f5de2848efc,31.0,230.0,7.0,,,908427600.0,,,Stuard,Grant
Blake Gillikin,FA,2020,PN,0,ARI,15499,,33112.0,,,74.0,Penn State,14868.0,12.0,53213f81-77ad-48d0-9d42-00e3633b0e90,,196.0,,,,885358800.0,,,Gillikin,Blake
Arryn Siposs,FA,2020,PN,0,FA,15500,,33192.0,,,74.0,Auburn,14748.0,10.0,fbae56c0-6400-4d46-9e76-621fc0d5fdd7,,212.0,,,,722667600.0,,,Siposs,Arryn
Caleb Huntley,FA,2021,RB,0,FA,15505,,33732.0,,,70.0,Ball State,15239.0,42.0,77921652-c664-4511-91c7-77027bbb2647,,229.0,,,,905835600.0,,,Huntley,Caleb
Matt Bushman,FA,2021,TE,0,FA,15506,,33804.0,,,77.0,BYU,15203.0,89.0,380b6bd1-1ef3-4cc2-bf3f-c992ba1151e7,,245.0,,,,815374800.0,,,Bushman,Matt
Ar'Darius Washington,FA,2021,S,0,BAL,15510,,33788.0,,,68.0,TCU,15415.0,29.0,76647249-62a0-4038-a597-8d0aad1ef3b5,,180.0,,,,941432400.0,,,Washington,Ar'Darius
Charles Snowden,FA,2021,DE,0,LVR,15515,,33914.0,,2865034.0,79.0,Virginia,15270.0,49.0,e5ea211c-bcd2-4a7b-b6ef-911e7e796266,,245.0,,,,890974800.0,4240849.0,,Snowden,Charles
Amen Ogbongbemiga,FA,2021,LB,0,CHI,15521,,33680.0,,,72.0,Oklahoma State,15378.0,45.0,c0ef478c-d387-40ac-b35d-4bc034f24a12,,231.0,,,,904885200.0,,,Ogbongbemiga,Amen
Matt Ammendola,FA,2021,PK,0,FA,15523,,33381.0,,,69.0,Oklahoma State,15543.0,16.0,f6d943d7-3ddb-4054-8796-9febf6026898,,195.0,,,,850280400.0,,,Ammendola,Matt
Devon Key,FA,2021,S,0,DEN,15527,,33883.0,,2247985.0,72.0,Western Kentucky,15713.0,26.0,83b719f1-e6ac-4611-8235-c2f6bd198fa3,,208.0,,,,878014800.0,4037559.0,,Key,Devon
Kristian Wilkerson,FA,2020,WR,0,FA,15528,,33349.0,,3161137.0,73.0,Southeast Missouri,15163.0,83.0,b9a6720d-9c6f-46f2-bcee-b80550026437,,214.0,,,,852872400.0,3910176.0,,Wilkerson,Kristian
Easop Winston,FA,2020,WR,0,FA,15529,,33299.0,,3159184.0,72.0,Washington State,14817.0,13.0,495dfd2f-adc6-4ea0-a830-0513db2c1477,,190.0,,,,850798800.0,4245174.0,,Winston,Easop
Derrick Gore,FA,2019,RB,0,FA,15533,,32630.0,,,70.0,Louisiana-Monroe,14334.0,38.0,21b65d27-e517-4301-8a08-584f73226de8,,212.0,,,,787294800.0,,,Gore,Derrick
Mason Kinsey,FA,2020,WR,0,FA,15535,,33351.0,,,71.0,Berry,14858.0,12.0,4d14a6cd-273f-4cf4-aac0-7fe041b6c650,,200.0,,,,904366800.0,4057082.0,,Kinsey,Mason
DiCaprio Bootle,FA,2021,CB,0,FA,15536,,33878.0,,2239654.0,70.0,Nebraska,15712.0,32.0,475db95a-f1d0-4bd2-8974-9e5d71d91412,,180.0,,,,874472400.0,4034835.0,,Bootle,DiCaprio
Jon Rhattigan,FA,2021,LB,0,CAR,15538,,33862.0,,2870652.0,72.0,Army,15770.0,59.0,5e21c974-4168-4d6d-9b6c-97c16a96fb01,,236.0,,,,917931600.0,4258485.0,,Rhattigan,Jon
Jack Stoll,FA,2021,TE,0,FA,15541,,33891.0,,2239684.0,76.0,Nebraska,15510.0,89.0,0560d134-d316-4cda-9d48-34d32267af68,,247.0,,,,885963600.0,4034862.0,,Stoll,Jack
Jonas Griffith,FA,2020,LB,0,FA,15543,,33197.0,,,76.0,Indiana State,15013.0,50.0,5180ecc5-bbd9-42b6-b227-c5efdb53cf80,,250.0,,,,854341200.0,,,Griffith,Jonas
AJ Parker,FA,2021,CB,0,FA,15546,,33772.0,,,71.0,Kansas State,15762.0,37.0,91fbc46e-2757-4169-bdfb-9a87522cba02,,178.0,,,,887518800.0,,,Parker,AJ
Jerry Jacobs,FA,2021,CB,0,FA,15549,,33768.0,,2969068.0,71.0,Arkansas,15682.0,4.0,5cb6a7f0-892e-413a-a4fc-a7dbc60ff478,,203.0,,,,875250000.0,4373578.0,,Jacobs,Jerry
Jonah Williams,FA,2020,DT,0,FA,15559,,33263.0,,,77.0,Weber State,14980.0,92.0,d92a275a-a102-4768-965b-60fffe155288,,275.0,,,,808635600.0,,,Williams,Jonah
Mitchell Wilcox,FA,2020,TE,0,FA,15563,,33171.0,,,76.0,South Florida,14634.0,87.0,b2d98b60-b4b3-4610-81d2-2154c723fdbb,,250.0,,,,847342800.0,3923392.0,,Wilcox,Mitchell
Parker Hesse,FA,2019,TE,0,DET,15564,,32588.0,,,75.0,Iowa,14295.0,43.0,5aab93f1-bc81-4d83-b105-d579a14eb349,,251.0,,,,801464400.0,3144991.0,,Hesse,Parker
Michael Hoecht,FA,2020,DE,0,LAR,15565,,33252.0,,,76.0,Brown,15087.0,97.0,073d1bf8-7a0e-4c2f-b890-dbbd47978737,,267.0,,,,876027600.0,,,Hoecht,Michael
Andre Chachere,FA,2018,S,0,FA,15568,,31573.0,,2136616.0,72.0,San Jose State,12922.0,36.0,9fe24e8f-360b-4ca6-8e46-6d60d8728efa,,197.0,,,,823928400.0,3125287.0,,Chachere,Andre
Chris Williams,FA,2020,DT,0,CHI,15585,,33220.0,,3159064.0,75.0,Wagner,15025.0,98.0,a1be5d02-d5c4-42f6-8749-7ac2ff2a6f09,,302.0,,,,897973200.0,4034530.0,,Williams,Chris
Caleb Johnson,FA,2021,LB,0,JAC,15586,,33907.0,,2260791.0,74.0,Houston Baptist,15724.0,57.0,8cbac569-6612-41fe-ae95-beb9e4771ed3,,220.0,,,,901602000.0,4051069.0,,Johnson,Caleb
Elijah Campbell,FA,2018,S,0,MIA,15595,,31451.0,,2925531.0,71.0,Northern Iowa,13139.0,22.0,98166be9-2705-496d-ae1c-3bbcc2fe60bb,,200.0,,,,809240400.0,3932901.0,,Campbell,Elijah
Shane Zylstra,FA,2021,TE,0,FA,15604,,33803.0,,2668830.0,76.0,Minn State-Mankato,15701.0,84.0,0cafaac9-20fb-4e5a-9362-158d8a4e7904,,240.0,,,,848120400.0,4608362.0,,Zylstra,Shane
Nick McCloud,FA,2021,CB,0,NYG,15614,,33818.0,,,73.0,Notre Dame,15509.0,44.0,09dc5222-9669-4aba-9b67-dc87dfcf01fc,,193.0,,,,899960400.0,,,McCloud,Nick
Naquan Jones,FA,2021,DT,0,FA,15618,,33833.0,,,75.0,Michigan State,15243.0,96.0,728571c3-6651-4534-ad27-d86d72dc7d16,,313.0,,,,886654800.0,,,Jones,Naquan
Curtis Robinson,FA,2021,LB,0,SFO,15622,,33902.0,,,75.0,Stanford,15338.0,36.0,4c1b3190-50e2-4918-8e3b-7bb012f8b304,,235.0,,,,896763600.0,,,Robinson,Curtis
Brock Wright,FA,2021,TE,0,DET,15626,,33774.0,,,77.0,Notre Dame,15681.0,89.0,8f182089-7730-499e-8f2e-87bda32debfb,,250.0,,,,912142800.0,,,Wright,Brock
Adam Prentice,FA,2021,RB,0,NOS,15650,,33901.0,,,72.0,South Carolina,15744.0,46.0,e5870f5e-f9b2-48a3-97ec-8d12fbc91f3f,,245.0,,,,853390800.0,,,Prentice,Adam
Corliss Waitman,FA,2020,PN,0,PIT,15668,,32942.0,,2141005.0,74.0,South Alabama,15012.0,37.0,32b2d6f6-a636-4d73-927c-361c1aa809f5,,210.0,,,,806302800.0,3125280.0,,Waitman,Corliss
Michael Bandy,FA,2021,WR,0,FA,15671,,33928.0,,,70.0,San Diego,15786.0,83.0,ec7af934-a7f3-40f5-9fc0-210022dd6180,,190.0,,,,881298000.0,4034704.0,,Bandy,Michael
Zayne Anderson,FA,2021,S,0,GBP,15676,,33877.0,,2188199.0,74.0,BYU,15711.0,39.0,6fd330e6-8cab-4351-b9e8-bc6ffb125b1c,,206.0,,,,852267600.0,3932335.0,,Anderson,Zayne
Christian Elliss,FA,2021,LB,0,NEP,15681,,33778.0,,,74.0,Idaho,15673.0,53.0,c3ef92f7-29f7-43db-bbef-4e9875d756e9,,231.0,,,,915253200.0,,,Elliss,Christian
Mike McDaniel,FA,0,Coach,0,MIA,15687,,,,,,,,,7ca65262-9d6d-4301-85a7-b35da224cf67,,,,,,,,,McDaniel,Mike
Brian Daboll,FA,2021,Coach,0,NYG,15688,,,,,,,,,53fa3133-f58c-4f88-882e-41d6b7bf7f5e,,,,,,,,,Daboll,Brian
Matt Eberflus,FA,0,Coach,0,CHI,15690,,,,,,,,,626e063a-c330-428a-a774-fc83e3d88107,,,,,,,,,Eberflus,Matt
Matt Corral,CAR,2022,QB,0,FA,15691,,34050.0,,2961962.0,74.0,Mississippi,15865.0,19.0,d7f4a7fe-86b6-44d8-8944-58271f1299b1,30.0,205.0,3.0,,,917758800.0,4362874.0,,Corral,Matt
Kenny Pickett,PIT,2022,QB,0,PHI,15692,,33975.0,,2804969.0,75.0,Pittsburgh,15841.0,7.0,ef7ae1f1-4ebe-4759-bbb3-32bd177ace08,20.0,220.0,1.0,,,897109200.0,,,Pickett,Kenny
Sam Howell,WAS,2022,QB,0,SEA,15693,,34100.0,,3123797.0,73.0,North Carolina,15825.0,6.0,7d85e9c2-f464-4654-9200-acfcffd7dfaf,1.0,220.0,5.0,,,969080400.0,,,Howell,Sam
Malik Willis,TEN,2022,QB,0,GBP,15694,,34042.0,,2804167.0,73.0,Liberty,15872.0,7.0,55aefcf9-4dfb-4994-883f-4d537a6f1ddb,22.0,219.0,3.0,,,927608400.0,4242512.0,,Willis,Malik
Bailey Zappe,NEP,2022,QB,0,KCC,15696,,34093.0,,2866483.0,73.0,Western Kentucky,15975.0,4.0,14926860-abef-45a9-b8f6-e66103ca6029,32.0,215.0,4.0,,,925102800.0,4250360.0,,Zappe,Bailey
Desmond Ridder,ATL,2022,QB,0,FA,15697,,34030.0,,2864759.0,75.0,Cincinnati,15928.0,19.0,6bf35760-217c-401d-b80b-2ae7cc5d7564,10.0,207.0,3.0,,,936075600.0,,,Ridder,Desmond
Brock Purdy,SFO,2022,QB,0,SFO,15698,,34218.0,,2961306.0,73.0,Iowa State,15834.0,13.0,d5aef708-ad61-4ab8-a637-62ff96e92040,41.0,220.0,7.0,,,946270800.0,,,Purdy,Brock
Skylar Thompson,MIA,2022,QB,0,MIA,15699,,34203.0,,2239649.0,74.0,Kansas State,15974.0,19.0,5ba2c367-a293-4d83-9268-a0e392ebca1a,26.0,210.0,7.0,,,865400400.0,,,Thompson,Skylar
Tanner McKee,PHI,2023,QB,0,PHI,15702,,40220.0,,2963945.0,78.0,Stanford,16686.0,16.0,93147c90-09c8-471d-a6b2-0b9d19739ba1,11.0,231.0,6.0,,,956811600.0,,,McKee,Tanner
Breece Hall,NYJ,2022,RB,0,NYJ,15708,,33991.0,,3123469.0,71.0,Iowa State,15810.0,20.0,db1053d7-3343-43a3-9aab-8353f10f1221,4.0,217.0,2.0,,,991285200.0,,,Hall,Breece
Isaiah Spiller,LAC,2022,RB,0,FA,15709,,34079.0,,3131703.0,73.0,Texas A&M,15908.0,28.0,c77e2eb3-ae90-4819-afb1-c6f88e558717,18.0,215.0,4.0,,,997333200.0,4426891.0,,Spiller,Isaiah
Kyren Williams,LAR,2022,RB,0,LAR,15710,,34120.0,,3121836.0,69.0,Notre Dame,15807.0,23.0,19d44771-8f1d-4127-9b7d-230da137f15d,21.0,202.0,5.0,,,967266000.0,,,Williams,Kyren
Kenneth Walker III,SEA,2022,RB,0,SEA,15711,,33996.0,,3121372.0,69.0,Michigan State,15909.0,9.0,22ee9bac-a64c-4d44-94fc-51d775465b3b,9.0,211.0,2.0,,,972018000.0,,,Walker III,Kenneth
Tyler Allgeier,ATL,2022,RB,0,ATL,15712,,34107.0,,2975590.0,71.0,BYU,15976.0,25.0,f4529909-1a02-4f4b-a1f3-315cad100683,8.0,220.0,5.0,,,955774800.0,,,Allgeier,Tyler
Jerome Ford,CLE,2022,RB,0,CLE,15713,,34112.0,,2966543.0,70.0,Cincinnati,15989.0,34.0,cdc61676-6592-43f9-a4a6-d29ce52ac8f4,13.0,210.0,5.0,,,937112400.0,,,Ford,Jerome
Zamir White,LVR,2022,RB,0,LVR,15714,,34078.0,,2963641.0,72.0,Georgia,15852.0,3.0,440d7750-672e-4293-8eb0-89b241a498eb,17.0,215.0,4.0,,,937630800.0,,,White,Zamir
James Cook,BUF,2022,RB,0,BUF,15715,,34019.0,,2975698.0,71.0,Georgia,15876.0,4.0,ce5de0e5-9f76-42ee-b93a-3ef88af9b0a7,31.0,190.0,2.0,,,938235600.0,,,Cook,James
Brian Robinson,WAS,2022,RB,0,WAS,15716,,34054.0,,2741207.0,73.0,Alabama,15907.0,8.0,795f636e-6f7f-4bc7-a346-2862272abead,34.0,228.0,3.0,,,922078800.0,,,Robinson,Brian
Dameon Pierce,HOU,2022,RB,0,HOU,15717,,34063.0,,2964236.0,70.0,Florida,15875.0,31.0,5d4ef6da-a6b5-4d9c-adc0-28dfdbe9315e,2.0,215.0,4.0,,,950936400.0,,,Pierce,Dameon
Tyler Badie,BAL,2022,RB,0,FA,15718,,34152.0,,2964494.0,68.0,Missouri,15893.0,36.0,e62678b9-9816-420f-bf86-398e7fea7063,17.0,197.0,6.0,,,949899600.0,,,Badie,Tyler
Kevin Harris,NEP,2022,RB,0,FA,15719,,34139.0,,3122797.0,70.0,South Carolina,15991.0,36.0,b29ae83e-ccfb-4219-b39a-70a1c94a2414,4.0,225.0,6.0,,,974437200.0,4570674.0,,Harris,Kevin
Hassan Haskins,TEN,2022,RB,0,LAC,15720,,34087.0,,2968506.0,74.0,Michigan,15992.0,25.0,f3a50b5d-0197-4ae8-b5a5-bb54484b8941,26.0,228.0,4.0,,,943592400.0,4372071.0,,Haskins,Hassan
Rachaad White,TBB,2022,RB,0,TBB,15721,,34047.0,,3169147.0,72.0,Arizona State,15802.0,1.0,4d3f2f57-215c-4cb4-bf75-a7ecdcdded70,27.0,214.0,3.0,,,924757200.0,,,White,Rachaad
Ty Chandler,MIN,2022,RB,0,MIN,15723,,34125.0,,2867472.0,71.0,North Carolina,15979.0,32.0,a0833a94-60ce-4a3a-a32a-d067fe7b253d,26.0,204.0,5.0,,,894949200.0,,,Chandler,Ty
Snoop Conner,JAC,2022,RB,0,FA,15725,,34110.0,,3121004.0,70.0,Mississippi,15897.0,32.0,2b7f2ddb-f70a-4c67-a10f-967fc873e7d8,11.0,222.0,5.0,,,945320400.0,,,Conner,Snoop
Ronnie Rivers,FA,2022,RB,0,LAR,15726,,34310.0,,2804793.0,69.0,Fresno State,16108.0,20.0,246db560-cb4e-11ec-a667-6354702e3fca,,192.0,,,,917758800.0,,,Rivers,Ronnie
Zonovan Knight,FA,2022,RB,0,FA,15727,,34357.0,,3121860.0,71.0,North Carolina State,16105.0,27.0,53df5e30-d3bd-11ec-96a0-c3471a31202c,,209.0,,,,986965200.0,4427728.0,,Knight,Zonovan
Jashaun Corbin,FA,2022,RB,0,FA,15729,,34665.0,,2965967.0,72.0,Florida State,15980.0,35.0,f75439c0-d3bb-11ec-96a0-c3471a31202c,,221.0,,,,966747600.0,4372519.0,,Corbin,Jashaun
Tyler Goodson,FA,2022,RB,0,IND,15730,,34261.0,,3122473.0,69.0,Iowa,15990.0,31.0,3fec8370-ca72-11ec-a83a-8732d3d5a7e3,,197.0,,,,973832400.0,,,Goodson,Tyler
Pierre Strong Jr.,NEP,2022,RB,0,CLE,15733,,34083.0,,2819247.0,71.0,South Dakota State,16102.0,20.0,8a9a3c7f-57a1-4064-9bda-2c7fad7b5c01,22.0,215.0,4.0,,,913266000.0,,,Strong Jr.,Pierre
Keaontay Ingram,ARI,2022,RB,0,FA,15734,,34157.0,,2962791.0,72.0,USC,15847.0,30.0,9b212b70-ccc3-4c77-ba73-09afeb929225,22.0,220.0,6.0,,,940914000.0,4362087.0,,Ingram,Keaontay
Malik Davis,FA,2022,RB,0,FA,15738,,34610.0,,2773009.0,71.0,Florida,15828.0,34.0,7caf1f90-d30d-11ec-8b77-45b1765fd110,,202.0,,,,912056400.0,4240603.0,,Davis,Malik
Jaylen Warren,FA,2022,RB,0,PIT,15742,,34447.0,,3126535.0,68.0,Oklahoma State,15984.0,30.0,7e397190-ca24-11ec-9f1c-b7114d38a85b,,215.0,,,,909896400.0,,,Warren,Jaylen
Sincere McCormick,FA,2022,RB,0,FA,15743,,34551.0,,3121308.0,69.0,UTSA,16107.0,28.0,2e808f70-d3a3-11ec-96a0-c3471a31202c,,205.0,,,,968562000.0,4430104.0,,McCormick,Sincere
Tyrion Davis-Price,SFO,2022,RB,0,FA,15746,,34049.0,,3123979.0,73.0,LSU,15986.0,35.0,052cdbeb-f758-4110-ac1a-675cd0335db9,29.0,219.0,3.0,,,972277200.0,4426475.0,,Davis-Price,Tyrion
Trestan Ebner,CHI,2022,RB,0,FA,15748,,34159.0,,2868595.0,71.0,Baylor,15988.0,25.0,17533bb8-99e4-4cb7-bd9c-268b62efac48,24.0,206.0,6.0,,,915253200.0,,,Ebner,Trestan
Isiah Pacheco,KCC,2022,RB,0,KCC,15749,,34207.0,,2966551.0,70.0,Rutgers,16104.0,10.0,3a25c037-fa30-4740-b742-ec8e4f1a2a25,30.0,216.0,7.0,,,920350800.0,,,Pacheco,Isiah
Drake London,ATL,2022,WR,0,ATL,15751,,33963.0,,3127902.0,76.0,USC,15868.0,5.0,5053f9ae-15d9-4730-833d-484886b6f890,8.0,213.0,1.0,,,995950800.0,4426502.0,,London,Drake
Treylon Burks,TEN,2022,WR,0,TEN,15752,,33973.0,,3122944.0,74.0,Arkansas,15896.0,16.0,45763342-0208-46ab-a5d2-6c6e4ff66b66,18.0,225.0,1.0,,,953787600.0,,,Burks,Treylon
Garrett Wilson,NYJ,2022,WR,0,NYJ,15753,,33965.0,,3123864.0,72.0,Ohio State,15829.0,5.0,68d72fe0-79b2-4fdb-afd5-6c79676e77f3,10.0,183.0,1.0,,,964242000.0,,,Wilson,Garrett
Chris Olave,NOS,2022,WR,0,NOS,15754,,33966.0,,2963666.0,72.0,Ohio State,15895.0,12.0,2375d572-a36c-4365-bb3f-87e156526e2f,11.0,187.0,1.0,,,962082000.0,4361370.0,,Olave,Chris
Jahan Dotson,WAS,2022,WR,0,PHI,15755,,33971.0,,2962944.0,71.0,Penn State,15850.0,1.0,d4a7917d-f327-431b-9b87-83af341c3e21,16.0,182.0,1.0,,,953701200.0,4361409.0,,Dotson,Jahan
Jameson Williams,DET,2022,WR,0,DET,15756,,33967.0,,3125968.0,73.0,Alabama,15849.0,9.0,590adb00-5598-47ad-b6d4-16a6c5519847,12.0,180.0,1.0,,,985582800.0,,,Williams,Jameson
Wan'Dale Robinson,NYG,2022,WR,0,NYG,15757,,33998.0,,3124107.0,68.0,Kentucky,15838.0,17.0,582dfe0e-98f3-48a5-8a2d-a52baa926b05,11.0,185.0,2.0,,,978670800.0,,,Robinson,Wan'Dale
David Bell,CLE,2022,WR,0,CLE,15758,,34055.0,,3131708.0,73.0,Purdue,15803.0,18.0,169faab3-b52b-40ab-93ea-a08139f3fadb,35.0,212.0,3.0,,,976770000.0,4570409.0,,Bell,David
John Metchie,HOU,2022,WR,0,HOU,15759,,34063.0,,3121171.0,72.0,Alabama,16069.0,8.0,2995df34-ee81-4320-be1e-1c497b83c927,12.0,195.0,2.0,,,963896400.0,4567096.0,,Metchie,John
Khalil Shakir,BUF,2022,WR,0,BUF,15761,,34104.0,,2969119.0,72.0,Boise State,15892.0,10.0,0ce9ddce-bdf6-469c-8a32-9cf0ed3714a4,5.0,190.0,5.0,,,949554000.0,4373678.0,,Shakir,Khalil
George Pickens,PIT,2022,WR,0,PIT,15762,,34007.0,,3123212.0,75.0,Georgia,15853.0,14.0,018e8f25-54e5-44f1-967a-7ff237f1c52f,20.0,200.0,2.0,,,983682000.0,,,Pickens,George
Justyn Ross,FA,2022,WR,0,FA,15763,,34440.0,,2965335.0,76.0,Clemson,15910.0,8.0,cce91700-ce0c-11ec-8f7c-f5226825ea6a,,210.0,,,,945234000.0,4360306.0,,Ross,Justyn
Skyy Moore,KCC,2022,WR,0,KCC,15766,,34009.0,,3126874.0,70.0,Western Michigan,16005.0,24.0,1c8a4510-786c-4bc2-a9e9-e491b688206f,22.0,195.0,2.0,,,968562000.0,,,Moore,Skyy
Velus Jones,CHI,2022,WR,0,CHI,15767,,34027.0,,2242764.0,72.0,Tennessee,15846.0,12.0,318b263d-8910-4e46-afe3-5860092ab260,7.0,200.0,3.0,,,863326800.0,,,Jones,Velus
Alec Pierce,IND,2022,WR,0,IND,15768,,34008.0,,2965664.0,75.0,Cincinnati,16022.0,14.0,a67ee8f8-e9de-4fb9-90b6-edca2f83f6d8,21.0,211.0,2.0,,,957243600.0,,,Pierce,Alec
Tay Martin,FA,2022,WR,0,FA,15771,,34319.0,,2865709.0,75.0,Oklahoma State,15918.0,86.0,8d74f600-ca80-11ec-97ae-e1573849d1a6,,185.0,,,,882075600.0,4245144.0,,Martin,Tay
Britain Covey,FA,2022,WR,0,PHI,15772,,34378.0,,2185571.0,68.0,Utah,16337.0,18.0,75774350-ce18-11ec-bebb-4fec1e38b0e5,,173.0,,,,858661200.0,,,Covey,Britain
Braylon Sanders,FA,2022,WR,0,FA,15775,,34534.0,,2869933.0,73.0,Mississippi,16013.0,86.0,011ab650-d3b2-11ec-96a0-c3471a31202c,,190.0,,,,916894800.0,4259908.0,,Sanders,Braylon
Calvin Austin III,PIT,2022,WR,0,PIT,15777,,34094.0,,2866214.0,69.0,Memphis,15874.0,19.0,a95271f7-6dae-4b43-94fd-3ff04b15d4c4,33.0,162.0,4.0,,,922251600.0,,,Austin III,Calvin
Romeo Doubs,GBP,2022,WR,0,GBP,15779,,34088.0,,2961886.0,74.0,Nevada,16027.0,87.0,5f559fde-3a5f-4df6-99a2-cd1a4b103c68,27.0,204.0,4.0,,,955602000.0,,,Doubs,Romeo
Erik Ezukanma,MIA,2022,WR,0,FA,15780,,34081.0,,2962352.0,74.0,Texas Tech,15815.0,18.0,7934c2db-a5f1-404c-a313-74a8aacd5946,20.0,206.0,4.0,,,948776400.0,4362186.0,,Ezukanma,Erik
Danny Gray,SFO,2022,WR,0,FA,15782,,34061.0,,3168336.0,72.0,SMU,15804.0,6.0,7ec60efe-5dd3-43c3-b76f-f0d00589fdc3,41.0,200.0,3.0,,,922942800.0,4689546.0,,Gray,Danny
Johnny Johnson,FA,2022,WR,0,FA,15783,,34601.0,,2864938.0,73.0,Oregon,16031.0,88.0,ef986840-c967-11ec-89b7-476565ea032f,,199.0,,,,925794000.0,4242504.0,,Johnson,Johnny
Bo Melton,SEA,2022,WR,0,GBP,15785,,34185.0,,2870475.0,71.0,Rutgers,15935.0,80.0,36953df8-fbc3-4505-b5b3-dec8433620dc,8.0,189.0,7.0,,,927003600.0,,,Melton,Bo
Jalen Nailor,MIN,2022,WR,0,MIN,15786,,34147.0,,2967232.0,72.0,Michigan State,16025.0,83.0,3f9e3634-54d7-46a4-bf26-67274500c907,12.0,190.0,6.0,,,920350800.0,,,Nailor,Jalen
Tyquan Thornton,NEP,2022,WR,0,NEP,15787,,34005.0,,2965066.0,74.0,Baylor,15831.0,11.0,74cda487-2026-42e0-ae32-77f3502cfb11,18.0,185.0,2.0,,,968302800.0,,,Thornton,Tyquan
Jalen Tolbert,DAL,2022,WR,0,DAL,15788,,34044.0,,2868238.0,73.0,South Alabama,16010.0,1.0,c6fb9f3a-f8ff-4224-a5f6-4d2d09501c9c,24.0,195.0,3.0,,,920091600.0,,,Tolbert,Jalen
Christian Watson,GBP,2022,WR,0,GBP,15789,,33989.0,,2869806.0,76.0,North Dakota State,15946.0,9.0,47d97f44-b4aa-46d2-816c-5b5a1fe48d46,2.0,208.0,2.0,,,926485200.0,,,Watson,Christian
Michael Woods,CLE,2022,WR,0,FA,15792,,34158.0,,2965459.0,73.0,Oklahoma,16030.0,81.0,70c462de-b1b5-4c07-8ba2-eb33f3075893,23.0,204.0,6.0,,,953442000.0,4360174.0,,Woods,Michael
Trey McBride,ARI,2022,TE,0,ARI,15794,,34010.0,,2963385.0,76.0,Colorado State,15902.0,85.0,734d54cc-c869-4e2f-a60f-c59c493f5110,23.0,246.0,2.0,,,943246800.0,,,McBride,Trey
Charlie Kolar,BAL,2022,TE,0,BAL,15795,,34084.0,,2866273.0,78.0,Iowa State,15924.0,88.0,3c048ac9-2c0f-4bf0-9ddc-ce99c9387ac8,23.0,267.0,4.0,,,918622800.0,,,Kolar,Charlie
Jeremy Ruckert,NYJ,2022,TE,0,NYJ,15796,,34057.0,,2965446.0,77.0,Ohio State,15996.0,89.0,28f3732b-0910-4d09-9fd4-e43b821dc5bb,37.0,250.0,3.0,,,965970000.0,,,Ruckert,Jeremy
Greg Dulcich,DEN,2022,TE,0,DEN,15797,,34036.0,,2964274.0,76.0,UCLA,15891.0,80.0,b9e4a022-d15c-4cef-9879-170277f17207,16.0,245.0,3.0,,,954046800.0,,,Dulcich,Greg
Isaiah Likely,BAL,2022,TE,0,BAL,15798,,34095.0,,2961906.0,76.0,Coastal Carolina,16033.0,80.0,f9279edb-cfa7-4f7d-91df-b81cbf3e133e,34.0,247.0,4.0,,,956034000.0,,,Likely,Isaiah
Jake Ferguson,DAL,2022,TE,0,DAL,15799,,34085.0,,2867159.0,77.0,Wisconsin,15947.0,87.0,f46eab3d-d7dd-4420-b3f9-6da9ac1308ab,24.0,244.0,4.0,,,916635600.0,,,Ferguson,Jake
Connor Heyward,PIT,2022,TE,0,PIT,15800,,34163.0,,2867599.0,72.0,Michigan State,15916.0,83.0,62e96d7c-e4dd-4a90-8c3a-8017eb69120d,29.0,230.0,6.0,,,916981200.0,,,Heyward,Connor
Cade Otton,TBB,2022,TE,0,TBB,15802,,34062.0,,2815179.0,77.0,Washington,16032.0,88.0,f23517bd-ae85-484a-8ecb-1f7a2d851e48,1.0,247.0,4.0,,,924152400.0,,,Otton,Cade
Cole Turner,WAS,2022,TE,0,FA,15803,,34105.0,,2961855.0,78.0,Nevada,15923.0,85.0,fc78ba73-7ef3-4dda-9a06-b5101f7ff7b1,6.0,240.0,5.0,,,953182800.0,4361438.0,,Turner,Cole
Grant Calcaterra,PHI,2022,TE,0,PHI,15804,,34154.0,,2804129.0,76.0,SMU,16039.0,81.0,f6988cfa-2dcf-490b-ac80-9af8e4292efa,19.0,240.0,6.0,,,912747600.0,,,Calcaterra,Grant
Aidan Hutchinson,DET,2022,DE,0,DET,15805,,33957.0,,2968514.0,79.0,Michigan,15832.0,97.0,f2083e8e-df1e-4365-a5d1-235887841f42,2.0,268.0,1.0,,,965797200.0,,,Hutchinson,Aidan
Kayvon Thibodeaux,NYG,2022,DE,0,NYG,15806,,33960.0,,3123381.0,77.0,Oregon,15854.0,5.0,47b9a4ca-aad6-41a0-a1b1-d6b2091f0296,5.0,258.0,1.0,,,976856400.0,4426326.0,,Thibodeaux,Kayvon
David Ojabo,BAL,2022,DE,0,BAL,15807,,34000.0,,3122468.0,76.0,Michigan,15927.0,90.0,6f19e499-48e5-495d-b889-523fbba45608,13.0,252.0,2.0,,,958539600.0,,,Ojabo,David
George Karlaftis,KCC,2022,DE,0,KCC,15808,,33985.0,,3122891.0,76.0,Purdue,15806.0,56.0,afb1f463-400e-4bdb-9028-717a563ba6f4,30.0,263.0,1.0,,,986274000.0,,,Karlaftis,George
Jermaine Johnson,NYJ,2022,DE,0,NYJ,15809,,33981.0,,3123028.0,77.0,Florida State,15805.0,11.0,ca361691-b2ce-410f-9d96-2d18b8b48b4b,26.0,254.0,1.0,,,915685200.0,4567962.0,,Johnson,Jermaine
Myjai Sanders,ARI,2022,DE,0,FA,15810,,34056.0,,2964368.0,77.0,Cincinnati,15881.0,41.0,143f11a6-ed07-4581-8aec-fd75a9723310,36.0,248.0,3.0,,,900219600.0,,,Sanders,Myjai
Drake Jackson,SFO,2022,DE,0,SFO,15811,,34017.0,,3124058.0,76.0,USC,15820.0,95.0,a134b125-37fb-4192-9ee2-f8a6f4da48bb,29.0,273.0,2.0,,,987051600.0,4569511.0,,Jackson,Drake
Logan Hall,TBB,2022,DT,0,TBB,15812,,33988.0,,2966164.0,78.0,Houston,16119.0,90.0,ec558188-4bc5-4e5a-9035-dca1b46a49d4,1.0,283.0,2.0,,,956379600.0,,,Hall,Logan
Kingsley Enagbare,GBP,2022,DE,0,GBP,15813,,34135.0,,2962236.0,76.0,South Carolina,15879.0,55.0,6a4c3e31-0fcc-47c6-9022-bdc26b083009,36.0,258.0,5.0,,,948171600.0,,,Enagbare,Kingsley
Cameron Thomas,ARI,2022,DE,0,KCC,15814,,34043.0,,2965386.0,76.0,San Diego State,15873.0,97.0,5e7e828d-d375-4608-bf63-3726c492fc44,23.0,267.0,3.0,,,947221200.0,4361510.0,,Thomas,Cameron
Travon Walker,JAC,2022,DE,0,JAC,15815,,33956.0,,3123606.0,77.0,Georgia,16066.0,44.0,23664980-63a6-4a63-b662-807fcd886f6f,1.0,272.0,1.0,,,977115600.0,,,Walker,Travon
Perrion Winfrey,CLE,2022,DT,0,FA,15816,,34064.0,,3163410.0,76.0,Oklahoma,16122.0,97.0,6e0bbea3-5041-4473-b4c3-866392a2555b,3.0,290.0,4.0,,,966315600.0,4686470.0,,Winfrey,Perrion
Jordan Davis,PHI,2022,DT,0,PHI,15817,,33968.0,,2654013.0,78.0,Georgia,15930.0,90.0,6528c7dc-2a02-4577-9246-b590be05eeeb,13.0,336.0,1.0,,,947653200.0,,,Davis,Jordan
DeMarvin Leal,PIT,2022,DT,0,PIT,15818,,34040.0,,3121506.0,76.0,Texas A&M,15929.0,98.0,e3914d23-2eef-4e76-b27a-1a5919bd69bd,20.0,290.0,3.0,,,962427600.0,,,Leal,DeMarvin
Devonte Wyatt,GBP,2022,DT,0,GBP,15819,,33983.0,,2961867.0,75.0,Georgia,16068.0,95.0,5250f409-d4d7-48ac-adf4-35c3561ffad1,28.0,304.0,1.0,,,891320400.0,,,Wyatt,Devonte
Phidarian Mathis,WAS,2022,DT,0,WAS,15820,,34002.0,,2864785.0,76.0,Alabama,16133.0,98.0,a1aa3c7c-7043-41a3-a522-a34a8ae3f085,15.0,312.0,2.0,,,893566800.0,,,Mathis,Phidarian
Nakobe Dean,PHI,2022,LB,0,PHI,15821,,34039.0,,3123073.0,71.0,Georgia,15931.0,17.0,119e79fa-0453-4253-9b3d-9a8ef03a48ec,19.0,231.0,3.0,,,976683600.0,,,Dean,Nakobe
Devin Lloyd,JAC,2022,LB,0,JAC,15822,,33982.0,,2827535.0,75.0,Utah,16006.0,33.0,95490459-68e2-4c72-bb60-eae1aab0ecb3,27.0,235.0,1.0,,,907131600.0,,,Lloyd,Devin
Christian Harris,HOU,2022,LB,0,HOU,15823,,34031.0,,3121026.0,74.0,Alabama,16130.0,48.0,54bd7952-4bec-4b5a-beb0-d65421408293,11.0,232.0,3.0,,,979621200.0,,,Harris,Christian
Channing Tindall,MIA,2022,LB,0,MIA,15824,,34058.0,,2975639.0,74.0,Georgia,15883.0,41.0,ba1414b9-f50f-4dac-b721-010a28f7c1a2,38.0,236.0,3.0,,,954219600.0,,,Tindall,Channing
Darrian Beavers,NYG,2022,LB,0,FA,15825,,34138.0,,2839217.0,76.0,Cincinnati,15877.0,43.0,89b3b267-3cc6-4b0d-93c0-867b91dcfeaa,3.0,255.0,6.0,,,931150800.0,4239121.0,,Beavers,Darrian
Damone Clark,DAL,2022,LB,0,DAL,15826,,34132.0,,2962529.0,75.0,LSU,16017.0,18.0,9976d1c8-b52f-4eba-8f95-7ee288c7b730,33.0,240.0,5.0,,,962168400.0,,,Clark,Damone
JoJo Domann,FA,2022,LB,0,FA,15827,,34490.0,,2239661.0,73.0,Nebraska,16200.0,47.0,6b29c060-d39c-11ec-96a0-c3471a31202c,,230.0,,,,870066000.0,4034841.0,,Domann,JoJo
Brandon Smith,CAR,2022,LB,0,FA,15828,,34076.0,,3139372.0,75.0,Penn State,15961.0,47.0,7a981b1c-91ea-4c7a-8933-3ca98fc03020,15.0,241.0,4.0,,,987051600.0,4575416.0,,Smith,Brandon
Brian Asamoah,MIN,2022,LB,0,MIN,15829,,34022.0,,2964370.0,72.0,Oklahoma,15993.0,2.0,b6a3e040-ad0b-4242-82a4-871ba158644b,2.0,226.0,3.0,,,954306000.0,,,Asamoah,Brian
Chad Muma,JAC,2022,LB,0,JAC,15830,,34026.0,,2966326.0,75.0,Wyoming,15903.0,48.0,9cf316c7-3850-4dc6-b094-2ed11737ebdb,6.0,239.0,3.0,,,934952400.0,,,Muma,Chad
Leo Chenal,KCC,2022,LB,0,KCC,15831,,34059.0,,3121725.0,75.0,Wisconsin,15913.0,54.0,c7929fb3-5437-42cc-a3c2-10b73ebb1fa0,39.0,250.0,3.0,,,972536400.0,,,Chenal,Leo
Derek Stingley Jr.,HOU,2022,CB,0,HOU,15832,,33958.0,,3120988.0,73.0,LSU,15899.0,24.0,825de16d-4843-4c6d-80c2-da7c3191c542,3.0,195.0,1.0,,,993013200.0,,,Stingley Jr.,Derek
Sauce Gardner,NYJ,2022,CB,0,NYJ,15833,,33959.0,,3120997.0,75.0,Cincinnati,15926.0,1.0,9c32f8cb-807a-4864-bc0b-b846d279606d,4.0,190.0,1.0,,,967698000.0,4427250.0,,Gardner,Sauce
Kyle Hamilton,BAL,2022,S,0,BAL,15834,,33969.0,,3136877.0,76.0,Notre Dame,15808.0,14.0,c4172123-905a-4f80-8418-1469b9b10a4f,14.0,220.0,1.0,,,984718800.0,,,Hamilton,Kyle
Jaquan Brisker,CHI,2022,S,0,CHI,15835,,34003.0,,3125469.0,73.0,Penn State,15958.0,9.0,965096f8-96e9-4998-9681-133174582621,16.0,200.0,2.0,,,924584400.0,,,Brisker,Jaquan
Daxton Hill,CIN,2022,CB,0,CIN,15836,,33986.0,,3133282.0,72.0,Michigan,15941.0,23.0,46b69ef9-920c-4645-abf7-139738e3fd9c,31.0,191.0,1.0,,,970203600.0,4426422.0,,Hill,Daxton
Lewis Cine,MIN,2022,S,0,FA,15837,,33987.0,,3121092.0,74.0,Georgia,16067.0,6.0,6497034a-2855-4296-9781-ffab2819df14,32.0,199.0,1.0,,,939099600.0,,,Cine,Lewis
Verone McKinley III,FA,2022,S,0,FA,15838,,34532.0,,2961584.0,70.0,Oregon,16167.0,35.0,d9240630-d3b9-11ec-96a0-c3471a31202c,,195.0,,,,962254800.0,4360692.0,,McKinley III,Verone
Nick Cross,IND,2022,S,0,IND,15839,,34052.0,,3122466.0,72.0,Maryland,16139.0,20.0,2804d41d-19c7-41ff-a1ea-a208fc0fad35,32.0,212.0,3.0,,,1000098000.0,,,Cross,Nick
Jelani Woods,IND,2022,TE,0,IND,15840,,34029.0,,2787078.0,79.0,Virginia,15821.0,80.0,321af8f8-b4de-4ed2-a86f-7f97a85a13d4,9.0,253.0,3.0,,,907909200.0,4241410.0,,Woods,Jelani
Samori Toure,GBP,2022,WR,0,FA,15841,,34214.0,,2245831.0,73.0,Nebraska,15917.0,83.0,02c808d8-6074-43db-b0d9-f69fab78f6d9,37.0,191.0,7.0,,,890715600.0,4027873.0,,Toure,Samori
Devon Allen,FA,2022,WR,0,FA,15844,,33953.0,,2071814.0,73.0,Oregon,16178.0,82.0,e6f45e70-b764-11ec-a4d3-55a371b2b89a,,190.0,,,,787208400.0,,,Allen,Devon
Trent McDuffie,KCC,2022,CB,0,KCC,15845,,33976.0,,3121359.0,71.0,Washington,16003.0,22.0,358bda61-ccb6-443a-a51c-3b14b3cadf22,21.0,193.0,1.0,,,968821200.0,,,McDuffie,Trent
Quay Walker,GBP,2022,LB,0,GBP,15846,,33977.0,,2975752.0,76.0,Georgia,16131.0,7.0,f05149f9-c13f-4af8-858f-ad1e380961cd,22.0,241.0,1.0,,,957762000.0,,,Walker,Quay
Kaiir Elam,BUF,2022,CB,0,BUF,15847,,33978.0,,3125782.0,73.0,Florida,15835.0,5.0,17820ab6-c787-4c44-942e-6952c7a3ca4a,23.0,191.0,1.0,,,989038800.0,,,Elam,Kaiir
Roger McCreary,TEN,2022,CB,0,TEN,15849,,33990.0,,2967442.0,71.0,Auburn,15880.0,21.0,3ce6c2b1-9b17-4ff2-9787-a248119bc1e0,3.0,190.0,2.0,,,950158800.0,,,McCreary,Roger
Jalen Pitre,HOU,2022,S,0,HOU,15850,,33992.0,,2807111.0,72.0,Baylor,16073.0,5.0,7ec32a97-e677-487c-a000-74a26de95931,5.0,200.0,2.0,,,928386000.0,,,Pitre,Jalen
Arnold Ebiketie,ATL,2022,DE,0,ATL,15851,,33993.0,,2869274.0,74.0,Penn State,15951.0,17.0,e8eb7f50-9331-49d8-a992-4d2804caf4fd,6.0,250.0,2.0,,,917067600.0,,,Ebiketie,Arnold
Kyler Gordon,CHI,2022,CB,0,CHI,15852,,33994.0,,2962842.0,72.0,Washington,16150.0,6.0,85ce588a-b747-4307-84ee-f987f3abf456,7.0,200.0,2.0,,,945406800.0,,,Gordon,Kyler
Boye Mafe,SEA,2022,DE,0,SEA,15853,,33995.0,,2804399.0,76.0,Minnesota,16007.0,53.0,6f62968f-4241-439f-b5c6-6723920ca5b2,8.0,261.0,2.0,,,912402000.0,,,Mafe,Boye
Andrew Booth,MIN,2022,CB,0,DAL,15854,,33997.0,,3122389.0,72.0,Clemson,15952.0,25.0,d32d1009-a0b0-4b8d-acfc-10326b660eae,10.0,194.0,2.0,,,970117200.0,4426344.0,,Booth,Andrew
Josh Paschal,DET,2022,DE,0,DET,15855,,34001.0,,,75.0,Kentucky,16093.0,93.0,6aa78083-655c-4855-b22b-b4e4f77b5dab,14.0,274.0,2.0,,,945406800.0,,,Paschal,Josh
Alontae Taylor,NOS,2022,CB,0,NOS,15856,,34004.0,,2961593.0,73.0,Tennessee,16061.0,1.0,faea26ab-f1a4-4463-adf8-1399aeb1c6b8,17.0,199.0,2.0,,,912661200.0,,,Taylor,Alontae
Sam Williams,DAL,2022,DE,0,DAL,15857,,34011.0,,2240617.0,76.0,Mississippi,16091.0,54.0,49ee26a1-4c2a-4980-ad86-b9553ef220bd,24.0,261.0,2.0,,,922856400.0,4567242.0,,Williams,Sam
Troy Andersen,ATL,2022,LB,0,ATL,15858,,34015.0,,2836345.0,76.0,Montana State,15911.0,44.0,60ef79af-d62b-4e4b-a1f9-1b0a0dfe0cad,26.0,239.0,2.0,,,924843600.0,4247807.0,,Andersen,Troy
Cam Taylor-Britt,CIN,2022,CB,0,CIN,15859,,34016.0,,2963443.0,71.0,Nebraska,16147.0,29.0,91239ce4-36fc-4d69-9b9d-3ceec94caaa9,28.0,202.0,2.0,,,939963600.0,,,Taylor-Britt,Cam
Bryan Cook,KCC,2022,S,0,KCC,15860,,34018.0,,2869797.0,73.0,Cincinnati,16184.0,6.0,21a56bce-7c06-44d7-b641-99f499111739,30.0,206.0,2.0,,,936680400.0,,,Cook,Bryan
Nik Bonitto,DEN,2022,DE,0,DEN,15861,,34020.0,,2962030.0,75.0,Oklahoma,16090.0,42.0,784f8433-0379-46bc-b9ed-6c5a1783513d,32.0,240.0,2.0,,,938322000.0,,,Bonitto,Nik
Martin Emerson,CLE,2022,CB,0,CLE,15862,,34024.0,,3126390.0,74.0,Mississippi State,16137.0,23.0,a1173ed5-eca1-4c81-beaf-3460d22f6cf1,4.0,201.0,3.0,,,970030800.0,,,Emerson,Martin
Travis Jones,BAL,2022,DT,0,BAL,15863,,34032.0,,2961384.0,76.0,Connecticut,16123.0,98.0,5ef5ab81-46ed-4092-9434-b7011f772bc4,12.0,338.0,3.0,,,939963600.0,,,Jones,Travis
Alex Wright,CLE,2022,DE,0,CLE,15864,,34034.0,,3123198.0,77.0,UAB,16190.0,91.0,1e3d482b-e619-4245-bc4e-b347b47dfeba,14.0,267.0,3.0,,,968130000.0,,,Wright,Alex
JT Woods,LAC,2022,S,0,FA,15865,,34035.0,,2963655.0,74.0,Baylor,16076.0,22.0,a72657e3-2330-4a2d-932d-be37ec504f1a,15.0,193.0,3.0,,,960613200.0,4362917.0,,Woods,JT
Cordale Flott,NYG,2022,CB,0,NYG,15866,,34037.0,,3122870.0,74.0,LSU,16158.0,28.0,3adb2e85-ff63-4644-8ca9-a10651e53c04,17.0,175.0,3.0,,,998629200.0,,,Flott,Cordale
DeAngelo Malone,ATL,2022,DE,0,ATL,15867,,34038.0,,2838553.0,75.0,Western Kentucky,16094.0,51.0,18f1a22d-08c6-441e-8a7b-e8d02a047b81,18.0,246.0,3.0,,,931755600.0,,,Malone,DeAngelo
Marcus Jones,NEP,2022,CB,0,NEP,15868,,34041.0,,2866110.0,68.0,Houston,15983.0,25.0,aec385c3-426d-41ff-927e-450ef2b23f04,21.0,188.0,3.0,,,909032400.0,,,Jones,Marcus
Terrel Bernard,BUF,2022,LB,0,BUF,15869,,34045.0,,2868616.0,73.0,Baylor,16187.0,43.0,5978e634-af6b-4317-bcc3-1ad024421d13,25.0,224.0,3.0,,,926053200.0,,,Bernard,Terrel
Zachary Carter,CIN,2022,DT,0,CIN,15870,,34051.0,,2773007.0,76.0,Florida,16198.0,95.0,78c3e7d0-594e-4bf0-8c17-d6cc2d3e0bf2,31.0,290.0,3.0,,,923461200.0,,,Carter,Zachary
Kerby Joseph,DET,2022,S,0,DET,15871,,34053.0,,2961816.0,73.0,Illinois,16071.0,31.0,2e49dfd3-44e3-4554-a81c-de2f53460cc7,33.0,203.0,3.0,,,974178000.0,,,Joseph,Kerby
Coby Bryant,SEA,2022,S,0,SEA,15872,,34065.0,,2866970.0,73.0,Cincinnati,16070.0,8.0,e3de03f1-d749-4232-bf98-5ab9ba36df65,4.0,193.0,4.0,,,922683600.0,4239094.0,,Bryant,Coby
Daniel Bellinger,NYG,2022,TE,0,NYG,15873,,34068.0,,2963615.0,78.0,San Diego State,16036.0,82.0,42a1c03e-790e-46ba-b0d5-d304e44c02c7,7.0,255.0,4.0,,,969598800.0,4361516.0,,Bellinger,Daniel
Percy Butler,WAS,2022,S,0,WAS,15874,,34069.0,,2963477.0,72.0,Louisiana-Lafayette,28045.0,35.0,5f70ae1d-2014-4f95-b0f5-26c9d4920ccc,8.0,191.0,4.0,,,959576400.0,,,Butler,Percy
Dane Belton,NYG,2022,S,0,NYG,15875,,34070.0,,3122824.0,73.0,Iowa,16019.0,24.0,08696187-da1c-41d4-b156-9a9f844e4167,9.0,190.0,4.0,,,976165200.0,,,Belton,Dane
Damarri Mathis,DEN,2022,CB,0,DEN,15876,,34071.0,,2864903.0,71.0,Pittsburgh,15956.0,27.0,10ea3415-e11a-4d5a-8dea-ed10856f015e,10.0,195.0,4.0,,,923893200.0,,,Mathis,Damarri
Eyioma Uwazurike,DEN,2022,DT,0,DEN,15877,,34072.0,,2803320.0,78.0,Iowa State,16220.0,96.0,77af642a-82f9-439c-8413-9221df3ccba6,11.0,320.0,4.0,,,894430800.0,4066109.0,,Uwazurike,Eyioma
Micheal Clemons,NYJ,2022,DE,0,NYJ,15878,,34073.0,,2864815.0,77.0,Texas A&M,16194.0,72.0,5c1f81ec-ddb5-4a75-9451-a2933ed5055d,12.0,263.0,4.0,,,872139600.0,,,Clemons,Micheal
Jalyn Armour-Davis,BAL,2022,CB,0,BAL,15879,,34075.0,,2963228.0,73.0,Alabama,16132.0,5.0,9a7ecca5-faf4-468f-93e6-e0357c5854cb,14.0,197.0,4.0,,,936334800.0,,,Armour-Davis,Jalyn
Akayleb Evans,MIN,2022,CB,0,MIN,15880,,34074.0,,2829833.0,74.0,Missouri,16155.0,21.0,a320f05a-2635-4170-95e8-1f91cde6e875,13.0,198.0,4.0,,,930027600.0,,,Evans,Akayleb
Jack Jones,NEP,2022,CB,0,LVR,15881,,34077.0,,2242763.0,71.0,Arizona State,15809.0,18.0,c816f5e3-7abe-4fc5-b6e0-4151017210b0,16.0,175.0,4.0,,,882594000.0,,,Jones,Jack
Cade York,CLE,2022,PK,0,FA,15882,,34080.0,,3121034.0,73.0,LSU,16227.0,3.0,ddb98961-3c13-4f6b-9e9f-3bea91a080e8,19.0,206.0,4.0,,,980571600.0,4428963.0,,York,Cade
Neil Farrell,LVR,2022,DT,0,FA,15883,,34082.0,,2804555.0,76.0,LSU,16011.0,92.0,fce102ee-016e-46a2-b64e-36dc50c63845,21.0,325.0,4.0,,,905317200.0,4242234.0,,Farrell,Neil
Jordan Stout,BAL,2022,PN,0,BAL,15884,,34086.0,,,75.0,Penn State,15826.0,11.0,6b2416e4-510b-4ecb-b1eb-0037863fc315,25.0,209.0,4.0,,,902206800.0,,,Stout,Jordan
Joshua Williams,KCC,2022,CB,0,KCC,15885,,34091.0,,2701697.0,75.0,Fayetteville State Univer,16075.0,2.0,be77723f-3d5a-47aa-9949-433993879a6f,30.0,193.0,4.0,,,940136400.0,,,Williams,Joshua
Damarion Williams,BAL,2022,CB,0,FA,15886,,34097.0,,3123451.0,70.0,Houston,16160.0,24.0,0fbbe897-2980-4c6e-b8a4-59b43f81f605,36.0,180.0,4.0,,,900478800.0,,,Williams,Damarion
Jake Camarda,TBB,2022,PN,0,TBB,15887,,34089.0,,,73.0,Georgia,16253.0,5.0,1b3085fa-1262-4166-a12e-785210ae4a72,28.0,193.0,4.0,,,924584400.0,,,Camarda,Jake
Decobie Durant,LAR,2022,CB,0,LAR,15888,,34098.0,,2966583.0,71.0,South Carolina State,16157.0,14.0,26ec1dc1-dece-43bd-b588-db61f046b88c,37.0,182.0,4.0,,,887000400.0,,,Durant,Decobie
Chigoziem Okonkwo,TEN,2022,TE,0,TEN,15889,,34099.0,,2965208.0,75.0,Maryland,16042.0,85.0,14e11f9b-58c8-437f-abc0-a4e4df9a7c47,38.0,238.0,4.0,,,936766800.0,,,Okonkwo,Chigoziem
Micah McFadden,NYG,2022,LB,0,NYG,15890,,34102.0,,2963152.0,74.0,Indiana,16186.0,41.0,7642bafd-0974-46f5-9516-fe0c46fedb97,3.0,232.0,5.0,,,946875600.0,,,McFadden,Micah
D.J. Davidson,NYG,2022,DT,0,NYG,15891,,34103.0,,2760837.0,77.0,Arizona State,15937.0,98.0,f2829cb9-5719-447c-848a-db04af5cee02,4.0,320.0,5.0,,,874645200.0,4242899.0,,Davidson,D.J.
Thomas Booker,HOU,2022,DE,0,PHI,15892,,34106.0,,2965893.0,75.0,Stanford,16124.0,59.0,5605cc4e-a0ed-4525-9dc1-5d439544793a,7.0,301.0,5.0,,,942296400.0,4360749.0,,Booker,Thomas
Delarrin Turner-Yell,DEN,2022,S,0,DEN,15893,,34108.0,,2962858.0,71.0,Oklahoma,16144.0,32.0,f0677d8a-b387-42c7-b76c-a2b522e8c787,9.0,200.0,5.0,,,945320400.0,4360287.0,,Turner-Yell,Delarrin
Tariq Woolen,SEA,2022,CB,0,SEA,15894,,34109.0,,2864940.0,76.0,UTSA,15906.0,27.0,d31bfd09-b348-4b2b-ae39-7307f2c12ef8,10.0,210.0,5.0,,,925621200.0,,,Woolen,Tariq
Zyon McCollum,TBB,2022,CB,0,TBB,15895,,34113.0,,2867264.0,74.0,Sam Houston State,15943.0,27.0,76d1f310-5877-42d1-99b2-b9ab4b8d826b,14.0,199.0,5.0,,,925707600.0,4250392.0,,McCollum,Zyon
Tyreke Smith,SEA,2022,DE,0,FA,15896,,34114.0,,2965301.0,75.0,Ohio State,15999.0,50.0,a7bc7c40-dd11-4aaf-bfdb-664b245eb415,15.0,255.0,5.0,,,950504400.0,,,Smith,Tyreke
Eric Johnson,IND,2022,DT,0,NEP,15897,,34115.0,,2262566.0,76.0,Missouri State,16182.0,93.0,9282c55b-7075-4ad1-b6a6-50b45f787382,16.0,299.0,5.0,,,900565200.0,4050971.0,,Johnson,Eric
Otito Ogbonnia,LAC,2022,DT,0,LAC,15898,,34116.0,,2962768.0,76.0,UCLA,16191.0,93.0,a99f605d-e128-4d9f-96b7-1e7c6d222303,17.0,320.0,5.0,,,967179600.0,,,Ogbonnia,Otito
D'Marco Jackson,NOS,2022,LB,0,NOS,15899,,34117.0,,2780934.0,73.0,Appalachian State,16215.0,52.0,64326335-69b6-4dff-9e02-42b8e2a5bd8d,18.0,233.0,5.0,,,900910800.0,,,Jackson,D'Marco
Montrell Washington,DEN,2022,WR,0,FA,15900,,34118.0,,2866191.0,70.0,Samford,16272.0,80.0,90785e41-84ca-41b8-a7f8-47f20086275b,19.0,170.0,5.0,,,889851600.0,4248822.0,,Washington,Montrell
Kyle Philips,TEN,2022,WR,0,PHI,15901,,34119.0,,2966039.0,71.0,UCLA,15830.0,18.0,d32dad06-4e96-4a95-8db4-3a63948dc685,20.0,189.0,5.0,,,929595600.0,4367175.0,,Philips,Kyle
Esezi Otomewo,MIN,2022,DT,0,JAC,15902,,34121.0,,2804402.0,77.0,Minnesota,16201.0,90.0,e1e303e9-062e-429c-a52b-23f88d9dc725,22.0,282.0,5.0,,,914994000.0,,,Otomewo,Esezi
Tycen Anderson,CIN,2022,S,0,CIN,15903,,34122.0,,2869389.0,74.0,Toledo,16141.0,26.0,662f5408-2213-40d8-92d7-0b8eede2d35f,23.0,209.0,5.0,,,929250000.0,,,Anderson,Tycen
DaRon Bland,DAL,2022,CB,0,DAL,15904,,34123.0,,2830003.0,72.0,Fresno State,16273.0,26.0,5c2a334e-5fe6-4434-ac23-6b252356c48b,24.0,197.0,5.0,,,931755600.0,,,Bland,DaRon
Teagan Quitoriano,HOU,2022,TE,0,FA,15905,,34126.0,,2965963.0,78.0,Oregon State,16034.0,84.0,06cb6aff-c81e-4553-95ba-467187f408d4,27.0,258.0,5.0,,,953096400.0,4374045.0,,Quitoriano,Teagan
Samuel Womack,SFO,2022,CB,0,IND,15906,,34128.0,,2890635.0,70.0,Toledo,16274.0,26.0,75c1ed8d-4f05-43c1-b398-f212984b6b8b,29.0,189.0,5.0,,,931323600.0,4280416.0,,Womack,Samuel
Dominique Robinson,CHI,2022,DE,0,CHI,15907,,34130.0,,2816310.0,77.0,Miami (OH),16092.0,90.0,0642a1f6-70cc-4540-8fb4-d45d85513b33,31.0,253.0,5.0,,,899355600.0,,,Robinson,Dominique
Matthew Butler,LVR,2022,DT,0,FA,15908,,34131.0,,2867407.0,75.0,Tennessee,16125.0,91.0,c63b9843-a11b-4b5f-8d7e-5a67bf55aa5c,32.0,290.0,5.0,,,928990800.0,4242457.0,,Butler,Matthew
James Mitchell,DET,2022,TE,0,FA,15909,,34133.0,,2963242.0,76.0,Virginia Tech,16035.0,82.0,f461da0c-f764-414c-9e0d-2f02e22a68d8,34.0,246.0,5.0,,,934347600.0,4361988.0,,Mitchell,James
John Ridgeway,DAL,2022,DT,0,NOS,15910,,34134.0,,2864961.0,77.0,Arkansas,16128.0,91.0,e79ac942-5ee3-467e-bb5a-534726a2bdaa,35.0,321.0,5.0,,,926053200.0,4248047.0,,Ridgeway,John
Matt Araiza,BUF,2022,PN,0,KCC,15911,,34136.0,,,73.0,San Diego State,16149.0,49.0,55c491d6-7721-45b4-968c-284448bf8c12,1.0,200.0,6.0,,,958453200.0,,,Araiza,Matt
Kyron Johnson,PHI,2022,LB,0,FA,15912,,34137.0,,2804123.0,72.0,Kansas,15966.0,53.0,a26f0a44-350b-44fb-8051-a9415afefbc6,2.0,235.0,6.0,,,901256400.0,4241302.0,,Johnson,Kyron
Christian Benford,BUF,2022,CB,0,BUF,15913,,34141.0,,2968147.0,73.0,Villanova,16275.0,47.0,7c1aa6c9-6548-4192-b8aa-3749cab84b84,6.0,205.0,6.0,,,969512400.0,,,Benford,Christian
Malcolm Rodriguez,DET,2022,LB,0,DET,15914,,34144.0,,2865270.0,71.0,Oklahoma State,16052.0,44.0,654b6b85-44e3-4a6e-a7ff-ebcdaa49fe51,9.0,234.0,6.0,,,922683600.0,,,Rodriguez,Malcolm
Amare Barno,CAR,2022,DE,0,CAR,15915,,34145.0,,3126157.0,78.0,Virginia Tech,16111.0,38.0,b93a02ec-8659-475e-aeac-99fa86c7832e,10.0,245.0,6.0,,,925102800.0,4568439.0,,Barno,Amare
Andrew Ogletree,IND,2022,TE,0,IND,15916,,34148.0,,2672594.0,77.0,Youngstown State,16277.0,85.0,59f460a8-b5af-40e6-840c-429762b278b3,13.0,260.0,6.0,,,901602000.0,,,Ogletree,Andrew
Devin Harper,DAL,2022,LB,0,FA,15917,,34149.0,,2250387.0,72.0,Oklahoma State,16276.0,56.0,04b3ee50-da8c-4917-a6fd-9d11d6d81887,14.0,238.0,6.0,,,895035600.0,4038436.0,,Harper,Devin
Jordan Jackson,NOS,2022,DT,0,DEN,15918,,34150.0,,2876838.0,76.0,Air Force,15905.0,94.0,bf53f47f-0ee5-4391-9087-bfcae6014bde,15.0,294.0,6.0,,,886136400.0,4261090.0,,Jackson,Jordan
Gregory Junior,JAC,2022,CB,0,FA,15919,,34153.0,,2701487.0,72.0,Ouachita Baptist,16072.0,34.0,3856a727-3196-47b2-a01d-4ecdb9cf20d0,18.0,190.0,6.0,,,929941200.0,,,Junior,Gregory
Sam Roberts,NEP,2022,DT,0,FA,15920,,34156.0,,2886015.0,77.0,Northwest Missouri State,16278.0,96.0,231a38f6-18a4-4875-9b86-bdb26d2d26c4,21.0,300.0,6.0,,,892530000.0,4077786.0,,Roberts,Sam
Theo Jackson,TEN,2022,S,0,MIN,15921,,34164.0,,2865629.0,73.0,Tennessee,16279.0,25.0,8dd6946e-a36c-4b5e-9182-2fb1726ab554,25.0,198.0,6.0,,,907304400.0,,,Jackson,Theo
Matt Henningsen,DEN,2022,DT,0,FA,15922,,34161.0,,2866162.0,75.0,Wisconsin,15915.0,91.0,38d9a47a-c3e3-4355-9995-c12782832728,27.0,291.0,6.0,,,925534800.0,4242358.0,,Henningsen,Matt
Quentin Lake,LAR,2022,S,0,LAR,15923,,34167.0,,,73.0,UCLA,16146.0,37.0,c2c112f0-13bd-44a8-a447-f3429c4f3e65,32.0,196.0,6.0,,,917586000.0,,,Lake,Quentin
Derion Kendrick,LAR,2022,CB,0,LAR,15924,,34168.0,,2963289.0,72.0,Georgia,16153.0,1.0,874ab5e6-c943-4620-8c73-b11e6592bc69,33.0,199.0,6.0,,,967093200.0,,,Kendrick,Derion
John FitzPatrick,ATL,2022,TE,0,FA,15925,,34169.0,,2975736.0,79.0,Georgia,16170.0,87.0,b221f4da-3c7c-4f51-b3f0-d2c68d5d9369,34.0,250.0,6.0,,,952578000.0,4379401.0,,FitzPatrick,John
Ja'Sir Taylor,LAC,2022,CB,0,LAC,15926,,34170.0,,2806065.0,70.0,Wake Forest,16181.0,36.0,e446d2e4-2ef3-42f9-88a8-ac17dd745c2d,35.0,185.0,6.0,,,915771600.0,,,Taylor,Ja'Sir
James Houston,DET,2022,DE,0,DET,15928,,34173.0,,2767485.0,73.0,Jackson State,16281.0,41.0,6f9be289-1bfa-46b8-b246-57adb586c641,38.0,245.0,6.0,,,911192400.0,,,Houston,James
Ko Kieft,TBB,2022,TE,0,TBB,15929,,34174.0,,2239763.0,77.0,Minnesota,16282.0,41.0,f96b8338-4ffb-4612-8c29-58dc3b12db69,39.0,265.0,6.0,,,885272400.0,,,Kieft,Ko
Chance Campbell,TEN,2022,LB,0,TEN,15930,,34175.0,,2961147.0,74.0,Ole Miss,16260.0,45.0,abcd55e3-48da-4d45-8252-2131153e2906,40.0,232.0,6.0,,,939358800.0,4372051.0,,Campbell,Chance
Kalia Davis,SFO,2022,DT,0,SFO,15931,,34176.0,,2804814.0,74.0,UCF,16185.0,93.0,d6b2b573-e7da-42ad-950a-cb0f21710e0d,41.0,310.0,6.0,,,907304400.0,4243541.0,,Davis,Kalia
Tariq Castro-Fields,SFO,2022,CB,0,CAR,15932,,34177.0,,2868975.0,73.0,Penn State,15959.0,26.0,2eb34969-3de2-454f-a822-bf1908dabcaa,42.0,197.0,6.0,,,916290000.0,4259590.0,,Castro-Fields,Tariq
Montaric Brown,JAC,2022,CB,0,JAC,15933,,34178.0,,2866124.0,72.0,Arkansas,16154.0,30.0,ce4e14db-c509-4a67-9898-ecf64b5ef795,1.0,190.0,7.0,,,935470800.0,,,Brown,Montaric
Isaiah Thomas,CLE,2022,DE,0,FA,15934,,34179.0,,2865742.0,77.0,Oklahoma,16095.0,96.0,9516c4dd-3c2a-4e5d-8b0c-415b5ecf5a2d,2.0,266.0,7.0,,,912661200.0,4241404.0,,Thomas,Isaiah
Cameron Goode,MIA,2022,DE,0,MIA,15935,,34180.0,,2250821.0,75.0,California,16283.0,53.0,505c57f9-9912-467f-8572-4266536ef680,3.0,245.0,7.0,,,892616400.0,4035857.0,,Goode,Cameron
Mark Robinson,PIT,2022,LB,0,PIT,15936,,34181.0,,2836467.0,71.0,Ole Miss,16284.0,93.0,2f31b19a-2e9c-4bb8-ae27-4cf0e61fbec5,4.0,235.0,7.0,,,934606800.0,,,Robinson,Mark
Nick Muse,MIN,2022,TE,0,MIN,15937,,34183.0,,2818056.0,77.0,South Carolina,16286.0,34.0,6b5dd4bc-9959-4e0f-94f6-74e2577a022a,6.0,252.0,7.0,,,911970000.0,,,Muse,Nick
Tariq Carpenter,GBP,2022,LB,0,FA,15938,,34184.0,,2804051.0,75.0,Georgia Tech,16285.0,49.0,9696758c-efb4-4e6e-804b-a94a3309d577,7.0,230.0,7.0,,,914821200.0,,,Carpenter,Tariq
Baylon Spector,BUF,2022,LB,0,BUF,15939,,34187.0,,2747818.0,72.0,Clemson,15954.0,54.0,bde43579-bb08-4711-8f59-3a7d52e525fd,10.0,233.0,7.0,,,908859600.0,,,Spector,Baylon
Dareke Young,SEA,2022,WR,0,SEA,15941,,34189.0,,2701706.0,74.0,Lenoir-Rhyne,15922.0,83.0,2da144c9-7845-4199-bcc1-48405c14d436,12.0,224.0,7.0,,,928472400.0,,,Young,Dareke
Daniel Hardy,LAR,2022,DE,0,CHI,15943,,34191.0,,2962984.0,75.0,Montana State,16287.0,92.0,a4ff5690-ba65-4edf-b97b-b001667e1bc5,14.0,240.0,7.0,,,913698000.0,4365629.0,,Hardy,Daniel
Deane Leonard,LAC,2022,CB,0,LAC,15944,,34192.0,,3171927.0,72.0,Ole Miss,16288.0,33.0,8df3606f-0c82-41e1-818f-1761b7bee65a,15.0,195.0,7.0,,,943074000.0,,,Leonard,Deane
Chase Lucas,DET,2022,CB,0,FA,15945,,34193.0,,2221809.0,71.0,Arizona State,15939.0,26.0,5dda70c3-9fba-4e08-b855-b7c175d9d281,16.0,184.0,7.0,,,857451600.0,,,Lucas,Chase
Rodney Thomas II,IND,2022,S,0,IND,15946,,34195.0,,2867042.0,73.0,Yale,16290.0,25.0,f3bceab4-444c-44aa-ba89-3df6bbc78eba,18.0,196.0,7.0,,,898837200.0,4248455.0,,Thomas II,Rodney
Christian Holmes,WAS,2022,CB,0,FA,15947,,34196.0,,2245114.0,73.0,Oklahoma State,16289.0,35.0,22effc00-f043-4e99-926b-88b3d67aced2,19.0,205.0,7.0,,,879483600.0,4035105.0,,Holmes,Christian
Jaylen Watson,KCC,2022,CB,0,KCC,15950,,34199.0,,3176898.0,74.0,Washington State,16074.0,35.0,938beb66-29b3-4bf5-ac8e-1b36d21fdcde,22.0,197.0,7.0,,,906008400.0,4697639.0,,Watson,Jaylen
Christian Matthew,ARI,2022,CB,0,BAL,15951,,34200.0,,2886019.0,74.0,Valdosta State (GA),16292.0,45.0,bebab09a-3382-4d72-ad98-2240be282794,23.0,197.0,7.0,,,846306000.0,,,Matthew,Christian
Brittain Brown,LVR,2022,RB,0,FA,15953,,34206.0,,2249805.0,73.0,UCLA,16294.0,38.0,387c8819-5892-4528-ac33-0ec72b24cc2f,29.0,205.0,7.0,,,876459600.0,,,Brown,Brittain
Jeff Gunter,CIN,2022,DE,0,FA,15954,,34208.0,,2805859.0,76.0,Coastal Carolina,16118.0,93.0,bbcc69eb-b974-4012-9aab-b27128aef84a,31.0,263.0,7.0,,,928126800.0,4241089.0,,Gunter,Jeff
Russ Yeast,LAR,2022,S,0,LAR,15955,,34209.0,,2865553.0,70.0,Kansas State,16295.0,2.0,76ba8d1b-2bf2-4fa0-82aa-29a2a488cbae,32.0,191.0,7.0,,,926139600.0,,,Yeast,Russ
Elijah Hicks,CHI,2022,S,0,CHI,15956,,34210.0,,2770161.0,71.0,California,16296.0,22.0,85ad179c-3812-4070-a6eb-28f33b9b2d0d,33.0,200.0,7.0,,,940050000.0,,,Hicks,Elijah
Trenton Gill,CHI,2022,PN,0,FA,15957,,34211.0,,,76.0,North Carolina State,16262.0,47.0,4ea4f151-31d5-4165-a32f-10678f783168,34.0,219.0,7.0,,,920610000.0,4240128.0,,Gill,Trenton
Jesse Luketa,ARI,2022,DE,0,ARI,15958,,34212.0,,2964046.0,75.0,Penn State,15960.0,43.0,0def3077-a774-45d7-aa2d-2a6d42f5a54b,35.0,253.0,7.0,,,916376400.0,,,Luketa,Jesse
Nazeeh Johnson,KCC,2022,CB,0,KCC,15959,,34215.0,,2263020.0,70.0,Marshall,16297.0,13.0,f30d7fdd-9d14-4cee-aae7-6ad6ee02935b,38.0,199.0,7.0,,,900651600.0,4043625.0,,Johnson,Nazeeh
Julius Chestnut,FA,2022,RB,0,TEN,15965,,34451.0,,2967664.0,71.0,Sacred Heart University,15921.0,36.0,873860f0-cca2-11ec-9e80-cff885fdbae7,,228.0,,,,972536400.0,,,Chestnut,Julius
Lucas Krull,FA,2022,TE,0,DEN,15970,,34654.0,,2961761.0,78.0,Pittsburgh,16259.0,85.0,767b4820-cc9f-11ec-952e-a10f2c98fc4d,,260.0,,,,900133200.0,,,Krull,Lucas
Jordan Mason,FA,2022,RB,0,SFO,15972,,34320.0,,2967536.0,71.0,Georgia Tech,16163.0,24.0,af9f7390-ca80-11ec-97ae-e1573849d1a6,,223.0,,,,927522000.0,,,Mason,Jordan
Raheem Blackshear,FA,2022,RB,0,CAR,15973,,34617.0,,2870476.0,69.0,Virginia Tech,16355.0,3.0,f64a23e0-d457-11ec-9026-65785f74dc2a,,190.0,,,,897022800.0,,,Blackshear,Raheem
Jack Sanborn,FA,2022,LB,0,CHI,15975,,34370.0,,2961892.0,74.0,Wisconsin,15914.0,57.0,506e9f50-ce08-11ec-9598-03840dd5f387,,234.0,,,,964846800.0,,,Sanborn,Jack
Deven Thompkins,FA,2022,WR,0,FA,15977,,34520.0,,2969006.0,68.0,Utah State,16333.0,12.0,4c6f79d0-d3dd-11ec-8afa-57d9afd0ecba,,155.0,,,,945925200.0,4374187.0,,Thompkins,Deven
Cameron Dicker,FA,2022,PK,0,LAC,15979,,34344.0,,2961997.0,73.0,Texas,16226.0,11.0,ac5dd0b0-d060-11ec-b677-29e0f2526162,,216.0,,,,957589200.0,,,Dicker,Cameron
KaVontae Turpin,FA,2022,WR,0,DAL,15981,,34709.0,,2180870.0,69.0,TCU,13894.0,9.0,2dfd63d0-0e8a-11ed-a8f4-191ad3c6932a,,153.0,,,,838962000.0,,,Turpin,KaVontae
Dennis Houston,NYG,2022,WR,0,FA,15983,,34592.0,,2866062.0,73.0,Western Illinois,16356.0,88.0,2fb00370-d30e-11ec-8b77-45b1765fd110,,198.0,,,,924930000.0,4572786.0,,Houston,Dennis
Irvin Charles,FA,2022,WR,0,NYJ,15984,,34356.0,,,76.0,Indiana (PA),16430.0,19.0,f8578e10-d3bd-11ec-96a0-c3471a31202c,,219.0,,,,860907600.0,,,Charles,Irvin
Markquese Bell,FA,2022,S,0,DAL,15985,,34624.0,,2804276.0,75.0,Florida A&M,16142.0,14.0,546a44e0-d314-11ec-8b77-45b1765fd110,,205.0,,,,915598800.0,,,Bell,Markquese
Brandon Johnson,FA,2022,WR,0,FA,15987,,34571.0,,,74.0,UCF,16473.0,89.0,d90f8660-d251-11ec-b16e-cf7159baf83d,,195.0,,,,901429200.0,4035198.0,,Johnson,Brandon
Josh Jobe,FA,2022,CB,0,FA,15989,,34383.0,,2963651.0,71.0,Alabama,16152.0,28.0,56d7af50-ce1a-11ec-bebb-4fec1e38b0e5,,190.0,,,,892098000.0,,,Jobe,Josh
Armani Rogers,FA,2022,TE,0,FA,15990,,34278.0,,2258253.0,77.0,Ohio,16362.0,88.0,6a3edb00-ca63-11ec-bdda-4fe5bed84950,,225.0,,,,881211600.0,4056052.0,,Rogers,Armani
Tanner Conner,FA,2022,TE,0,MIA,15991,,34513.0,,2260697.0,75.0,Idaho State,16338.0,80.0,4f2ecf70-d3b2-11ec-96a0-c3471a31202c,,232.0,,,,890370000.0,,,Conner,Tanner
Lance McCutcheon,FA,2022,WR,0,FA,15993,,34330.0,,2836356.0,75.0,Montana State,16406.0,85.0,fb2a4c20-d207-11ec-ab20-b37737d70cc4,,202.0,,,,920178000.0,4247812.0,,McCutcheon,Lance
DJ Turner,FA,2021,WR,0,LVR,15995,,33813.0,,3133344.0,69.0,Pittsburgh,15533.0,19.0,1624b5cf-0032-4093-af56-e4dea4f64149,,205.0,,,,853563600.0,,,Turner,DJ
DJ Turner,FA,2021,WR,0,LVR,15995,,33813.0,,3133344.0,69.0,Pittsburgh,15533.0,19.0,7db46644-05bb-41b5-938a-e93a50e1d6c4,,205.0,,,,853563600.0,,,Turner,DJ
DJ Turner,FA,2021,WR,0,LVR,15995,,33813.0,,3133344.0,69.0,Pittsburgh,16857.0,19.0,1624b5cf-0032-4093-af56-e4dea4f64149,,205.0,,,,853563600.0,,,Turner,DJ
DJ Turner,FA,2021,WR,0,LVR,15995,,33813.0,,3133344.0,69.0,Pittsburgh,16857.0,19.0,7db46644-05bb-41b5-938a-e93a50e1d6c4,,205.0,,,,853563600.0,,,Turner,DJ
DJ Turner,FA,2021,WR,0,LVR,15995,,40076.0,,3133344.0,69.0,Pittsburgh,15533.0,19.0,1624b5cf-0032-4093-af56-e4dea4f64149,,205.0,,,,853563600.0,,,Turner,DJ
DJ Turner,FA,2021,WR,0,LVR,15995,,40076.0,,3133344.0,69.0,Pittsburgh,15533.0,19.0,7db46644-05bb-41b5-938a-e93a50e1d6c4,,205.0,,,,853563600.0,,,Turner,DJ
DJ Turner,FA,2021,WR,0,LVR,15995,,40076.0,,3133344.0,69.0,Pittsburgh,16857.0,19.0,1624b5cf-0032-4093-af56-e4dea4f64149,,205.0,,,,853563600.0,,,Turner,DJ
DJ Turner,FA,2021,WR,0,LVR,15995,,40076.0,,3133344.0,69.0,Pittsburgh,16857.0,19.0,7db46644-05bb-41b5-938a-e93a50e1d6c4,,205.0,,,,853563600.0,,,Turner,DJ
Jalen Virgil,FA,2022,WR,0,FA,15996,,34579.0,,2240825.0,73.0,Appalachian State,16332.0,15.0,aa8d3730-d254-11ec-b16e-cf7159baf83d,,210.0,,,,900306000.0,,,Virgil,Jalen
Ramiz Ahmed,FA,2020,PK,0,FA,15999,,32670.0,,3158739.0,72.0,Nevada,14812.0,3.0,b6549c8a-b837-415a-ac52-f46beea0cc39,,193.0,,,,806821200.0,4266790.0,,Ahmed,Ramiz
Peyton Hendershot,FA,2022,TE,0,KCC,16000,,34607.0,,2867545.0,76.0,Indiana,16041.0,89.0,944893b0-d30e-11ec-8b77-45b1765fd110,,254.0,,,,924843600.0,4258248.0,,Hendershot,Peyton
Luiji Vilain,FA,2022,DE,0,FA,16003,,34239.0,,2878266.0,76.0,Wake Forest,16305.0,43.0,aa7f57a0-c958-11ec-b1d2-d334745b4f4f,,252.0,,,,889506000.0,4258210.0,,Vilain,Luiji
Luke Masterson,FA,2022,LB,0,LVR,16004,,34549.0,,2223212.0,73.0,Wake Forest,16557.0,59.0,103ff970-d3a7-11ec-96a0-c3471a31202c,,220.0,,,,884149200.0,,,Masterson,Luke
Tim Jones,FA,2021,WR,0,JAC,16005,,33649.0,,,73.0,Southern Miss,15464.0,15.0,b4dadef6-a938-4b34-b83c-b64d4a297e02,,200.0,,,,895294800.0,,,Jones,Tim
Kurt Hinish,FA,2022,DT,0,HOU,16007,,34600.0,,2868578.0,73.0,Notre Dame,16544.0,93.0,f3f7e740-c966-11ec-89b7-476565ea032f,,296.0,,,,925189200.0,,,Hinish,Kurt
Josh Ross,FA,2022,LB,0,BAL,16008,,34404.0,,2878199.0,72.0,Michigan,16189.0,51.0,82546a90-c980-11ec-a1a0-57a82b503f37,,229.0,,,,941346000.0,4258198.0,,Ross,Josh
Jack Gibbens,FA,2022,LB,0,TEN,16009,,34454.0,,,75.0,Minnesota,16576.0,50.0,aa030100-cca0-11ec-80d0-652593cc1bb6,,242.0,,,,911883600.0,,,Gibbens,Jack
Ryan Wright,FA,2022,PN,0,MIN,16010,,34240.0,,,75.0,Tulane,16306.0,17.0,4800e2e0-c95a-11ec-b1d2-d334745b4f4f,,245.0,,,,959835600.0,,,Wright,Ryan
Ryan Stonehouse,FA,2022,PN,0,TEN,16011,,34471.0,,,70.0,Colorado State,16582.0,4.0,e0c8b6a0-c95b-11ec-b1d2-d334745b4f4f,,193.0,,,,926398800.0,,,Stonehouse,Ryan
Dee Alford,FA,2021,CB,0,ATL,16012,,33945.0,,,71.0,Tusculum,15839.0,20.0,8584c710-7259-11ec-80bb-7f28873a7ba2,,177.0,,,,878706000.0,,,Alford,Dee
Nate Landman,FA,2022,LB,0,ATL,16013,,34291.0,,2867156.0,75.0,Colorado,15904.0,53.0,7fe2ddd0-cc7f-11ec-8d55-87af3a9174bd,,238.0,,,,911451600.0,,,Landman,Nate
Tony Adams,FA,2022,S,0,NYJ,16014,,34355.0,,2864742.0,71.0,Illinois,16431.0,22.0,8774aba0-d3be-11ec-96a0-c3471a31202c,,203.0,,,,917154000.0,,,Adams,Tony
Kendric Pryor,FA,2022,WR,0,CIN,16015,,34476.0,,2251888.0,71.0,Wisconsin,16519.0,19.0,73f7ecc0-d2ee-11ec-96a0-c3471a31202c,,189.0,,,,884062800.0,4035776.0,,Pryor,Kendric
Kader Kohou,FA,2022,CB,0,MIA,16016,,34529.0,,2886768.0,70.0,Texas A&M Commerce,16330.0,4.0,97debc10-d3b9-11ec-96a0-c3471a31202c,,197.0,,,,912229200.0,,,Kohou,Kader
Jake Hummel,FA,2022,LB,0,LAR,16017,,34342.0,,2867066.0,73.0,Iowa State,16270.0,35.0,0c7ceb00-d207-11ec-ab20-b37737d70cc4,,227.0,,,,915426000.0,,,Hummel,Jake
Reed Blankenship,FA,2022,S,0,PHI,16018,,34376.0,,2805656.0,73.0,Middle Tennessee,15919.0,32.0,f67efd90-ce17-11ec-bebb-4fec1e38b0e5,,203.0,,,,920350800.0,,,Blankenship,Reed
Jake Hansen,FA,2022,LB,0,HOU,16019,,34598.0,,2247011.0,73.0,Illinois,15314.0,35.0,4d83cae0-c967-11ec-89b7-476565ea032f,,230.0,,,,898232400.0,,,Hansen,Jake
Anthony Brown,FA,2022,QB,0,FA,16022,,34389.0,,2223222.0,73.0,Oregon,16232.0,13.0,16f9e1a0-c97e-11ec-a1a0-57a82b503f37,,217.0,,,,901515600.0,4035312.0,,Brown,Anthony
D'Anthony Bell,FA,2022,S,0,CLE,16023,,34475.0,,2886667.0,73.0,West Florida,16523.0,37.0,8b181df0-d30a-11ec-8b77-45b1765fd110,,211.0,,,,845528400.0,4608386.0,,Bell,D'Anthony
Timmy Horne,FA,2022,DT,0,NYG,16024,,34289.0,,2260779.0,76.0,Kansas State,16494.0,96.0,16b730e0-cc7f-11ec-8d55-87af3a9174bd,,323.0,,,,877755600.0,4045701.0,,Horne,Timmy
Troy Hairston,FA,2022,RB,0,FA,16025,,34597.0,,2880293.0,71.0,Central Michigan,16543.0,34.0,c4ae1ed0-d32c-11ec-a99e-3305165b8d4a,,245.0,,,,913093200.0,4274040.0,,Hairston,Troy
Jaylon Jones,FA,2022,CB,0,CHI,16026,,34367.0,,3163053.0,71.0,Ole Miss,16423.0,21.0,d2e097f0-ce07-11ec-9598-03840dd5f387,,190.0,,,,876805200.0,,,Jones,Jaylon
Jaylon Jones,FA,2022,CB,0,CHI,16026,,34367.0,,3163053.0,71.0,Ole Miss,16423.0,21.0,6f9135a9-2761-4b13-8651-56b536f0f22f,,190.0,,,,876805200.0,,,Jones,Jaylon
Jaylon Jones,FA,2022,CB,0,CHI,16026,,34367.0,,3163053.0,71.0,Ole Miss,16916.0,21.0,d2e097f0-ce07-11ec-9598-03840dd5f387,,190.0,,,,876805200.0,,,Jones,Jaylon
Jaylon Jones,FA,2022,CB,0,CHI,16026,,34367.0,,3163053.0,71.0,Ole Miss,16916.0,21.0,6f9135a9-2761-4b13-8651-56b536f0f22f,,190.0,,,,876805200.0,,,Jones,Jaylon
Jaylon Jones,FA,2022,CB,0,CHI,16026,,40258.0,,3163053.0,71.0,Ole Miss,16423.0,21.0,d2e097f0-ce07-11ec-9598-03840dd5f387,,190.0,,,,876805200.0,,,Jones,Jaylon
Jaylon Jones,FA,2022,CB,0,CHI,16026,,40258.0,,3163053.0,71.0,Ole Miss,16423.0,21.0,6f9135a9-2761-4b13-8651-56b536f0f22f,,190.0,,,,876805200.0,,,Jones,Jaylon
Jaylon Jones,FA,2022,CB,0,CHI,16026,,40258.0,,3163053.0,71.0,Ole Miss,16916.0,21.0,d2e097f0-ce07-11ec-9598-03840dd5f387,,190.0,,,,876805200.0,,,Jones,Jaylon
Jaylon Jones,FA,2022,CB,0,CHI,16026,,40258.0,,3163053.0,71.0,Ole Miss,16916.0,21.0,6f9135a9-2761-4b13-8651-56b536f0f22f,,190.0,,,,876805200.0,,,Jones,Jaylon
Tre Avery,FA,2022,CB,0,FA,16029,,34449.0,,,71.0,Rutgers,16575.0,23.0,bb6a7db0-133b-11ed-9919-531ded80fd4f,,185.0,,,,856933200.0,4259300.0,,Avery,Tre
Tomon Fox,FA,2022,DE,0,FA,16030,,34669.0,,,74.0,North Carolina,16562.0,45.0,9880c110-d3bc-11ec-96a0-c3471a31202c,,245.0,,,,890024400.0,4037520.0,,Fox,Tomon
Jake Tonges,FA,2022,TE,0,SFO,16036,,34374.0,,2870660.0,76.0,California,16418.0,88.0,8d9236c0-ce09-11ec-9598-03840dd5f387,,240.0,,,,931410000.0,4259147.0,,Tonges,Jake
Andre Baccellia,FA,2020,WR,0,FA,16037,,32943.0,,3159102.0,70.0,Washington,14942.0,82.0,58266b36-fa48-4f51-b41c-909bf82748f3,,175.0,,,,852613200.0,3886809.0,,Baccellia,Andre
Lucas Havrisik,FA,2022,PK,0,FA,16043,,34720.0,,2870581.0,74.0,Arizona,16646.0,39.0,acb45400-339b-11ed-bc62-03fa2e99e805,,188.0,,,,938581200.0,4245661.0,,Havrisik,Lucas
Brenden Schooler,FA,2022,S,0,NEP,16045,,34429.0,,,74.0,Texas,16469.0,41.0,711a03f0-cfea-11ec-8762-8dfa2bbad12c,,210.0,,,,864968400.0,,,Schooler,Brenden
Raleigh Webb,FA,2022,WR,0,FA,16050,,34407.0,,,74.0,The Citadel,16439.0,17.0,7cb3d1f0-d085-11ec-8cbe-f58fdd592020,,204.0,,,,883285200.0,4032247.0,,Webb,Raleigh
Sam Webb,FA,2022,CB,0,FA,16052,,34562.0,,2701708.0,74.0,Missouri Western,16159.0,27.0,84c06310-d3a8-11ec-96a0-c3471a31202c,,195.0,,,,895554000.0,4700660.0,,Webb,Sam
Josh Blackwell,FA,2022,CB,0,CHI,16054,,34375.0,,,71.0,Duke,16451.0,39.0,c218af10-ce17-11ec-bebb-4fec1e38b0e5,,180.0,,,,923288400.0,,,Blackwell,Josh
Kingsley Jonathan,FA,2022,DE,0,BUF,16055,,34619.0,,2867182.0,76.0,Syracuse,16499.0,59.0,09db6210-d2ec-11ec-96a0-c3471a31202c,,260.0,,,,893739600.0,4240405.0,,Jonathan,Kingsley
C.J. Brewer,FA,2022,DT,0,TBB,16056,,34686.0,,2264703.0,74.0,Coastal Carolina,16587.0,95.0,0af89610-d556-11ec-addb-6dd6dcd40f21,,290.0,,,,880174800.0,4052017.0,,Brewer,C.J.
Malik Herring,FA,2021,DE,0,KCC,16058,,33882.0,,,75.0,Georgia,15361.0,94.0,96d1c6e6-a450-476e-987b-c1e469c43f1b,,275.0,,,,879051600.0,4259547.0,,Herring,Malik
Ja'Marcus Ingram,FA,2022,CB,0,BUF,16059,,34684.0,,2804769.0,74.0,Buffalo,16342.0,46.0,dac14b40-d555-11ec-addb-6dd6dcd40f21,,190.0,,,,873176400.0,4240059.0,,Ingram,Ja'Marcus
Marcelino McCrary-Ball,FA,2022,LB,0,FA,16063,,34321.0,,,72.0,Indiana,16394.0,41.0,40b40970-ca83-11ec-97ae-e1573849d1a6,,214.0,,,,922165200.0,4045299.0,,McCrary-Ball,Marcelino
Dallis Flowers,FA,2022,CB,0,IND,16064,,34503.0,,,73.0,Pittsburg State,16547.0,21.0,3a886c50-d3a0-11ec-96a0-c3471a31202c,,196.0,,,,865400400.0,,,Flowers,Dallis
Maurice Alexander,FA,2021,WR,0,FA,16066,,34712.0,,,71.0,Florida International,16641.0,1.0,8261c380-132b-11ed-86b5-f9dfd114f830,,174.0,,,,852872400.0,,,Alexander,Maurice
Jack Cochrane,FA,2022,LB,0,KCC,16072,,34432.0,,,75.0,South Dakota,16325.0,43.0,6971dfd0-ce0d-11ec-8f7c-f5226825ea6a,,236.0,,,,918536400.0,,,Cochrane,Jack
Joey Blount,FA,2022,S,0,ARI,16075,,34388.0,,,73.0,Virginia,16453.0,32.0,6604be40-cd99-11ec-b94f-57e6927758e6,,201.0,,,,911192400.0,,,Blount,Joey
Sam Okuayinonu,FA,2022,DE,0,SFO,16077,,34462.0,,3123749.0,73.0,Maryland,16581.0,91.0,59271dc0-c95d-11ec-b1d2-d334745b4f4f,,269.0,,,,893998800.0,4569497.0,,Okuayinonu,Sam
Rashid Shaheed,FA,2022,WR,0,NOS,16080,,34659.0,,2250863.0,72.0,Weber State,16560.0,22.0,e1ecc660-cc9f-11ec-952e-a10f2c98fc4d,,180.0,,,,904539600.0,4032473.0,,Shaheed,Rashid
Ryder Anderson,FA,2022,DE,0,FA,16087,,34615.0,,2758259.0,78.0,Indiana,16264.0,90.0,8c262580-d45d-11ec-a51e-33207d612a74,,280.0,,,,908427600.0,4242430.0,,Anderson,Ryder
Ben Stille,FA,2022,DT,0,TBB,16091,,34537.0,,2239683.0,76.0,Nebraska,16241.0,90.0,7a46ff50-d3b4-11ec-96a0-c3471a31202c,,296.0,,,,879310800.0,4034861.0,,Stille,Ben
J.J. Russell,FA,2022,LB,0,TBB,16094,,34514.0,,,73.0,Memphis,16573.0,51.0,5396bba0-d3ed-11ec-8afa-57d9afd0ecba,,225.0,,,,908168400.0,,,Russell,J.J.
Chandler Wooten,FA,2022,LB,0,FA,16099,,34313.0,,,75.0,Auburn,15855.0,57.0,a46e9c10-cb4f-11ec-a667-6354702e3fca,,230.0,,,,925016400.0,4242515.0,,Wooten,Chandler
Isaiah Pola-Mao,FA,2022,S,0,LVR,16102,,34556.0,,,76.0,USC,16202.0,20.0,03dc3660-d3a9-11ec-96a0-c3471a31202c,,205.0,,,,930718800.0,,,Pola-Mao,Isaiah
Stone Smartt,FA,2022,TE,0,LAC,16113,,34637.0,,,76.0,Old Dominion,16321.0,84.0,6ee105f0-ca2e-11ec-be96-e90abdfa0fef,,226.0,,,,907477200.0,,,Smartt,Stone
Mike Brown,FA,2022,S,0,TEN,16118,,34232.0,,,73.0,Miami (OH),16300.0,44.0,d64354b0-c956-11ec-b1d2-d334745b4f4f,,218.0,,,,923461200.0,,,Brown,Mike
Austin Trammell,FA,2021,WR,0,FA,16120,,33745.0,,,70.0,Rice,15663.0,86.0,c1d52f55-4c65-4b37-8457-f0dc028c85bc,,185.0,,,,899528400.0,4244856.0,,Trammell,Austin
Keir Thomas,FA,2022,DE,0,FA,16121,,34343.0,,,74.0,Florida State,16416.0,96.0,60ffacb0-d209-11ec-ab20-b37737d70cc4,,260.0,,,,885704400.0,4038843.0,,Thomas,Keir
Raheem Layne,FA,2022,S,0,FA,16132,,34630.0,,2865390.0,71.0,Indiana,16314.0,41.0,71325ae0-ca2c-11ec-a896-a541b322f383,,192.0,,,,930891600.0,4258237.0,,Layne,Raheem
Segun Olubi,FA,2023,LB,0,IND,16138,,34322.0,,3174819.0,72.0,San Diego State,16395.0,50.0,77586110-ca83-11ec-97ae-e1573849d1a6,,225.0,,,,941432400.0,4260703.0,,Olubi,Segun
Darrell Baker,FA,2022,CB,0,TEN,16139,,34302.0,,,73.0,Georgia Southern,16385.0,39.0,e92e4840-cb41-11ec-a667-6354702e3fca,,190.0,,,,890974800.0,4036660.0,,Baker,Darrell
Josh Ali,FA,0,WR,0,FA,16141,,34719.0,,2875348.0,72.0,Kentucky,16645.0,80.0,745a7080-2950-11ed-930d-e71fc740ea47,,200.0,,,,920437200.0,4259976.0,,Ali,Josh
Ja'Quan McMillian,FA,2022,CB,0,DEN,16145,,34574.0,,,70.0,East Carolina,16477.0,29.0,62fb07e0-d253-11ec-b16e-cf7159baf83d,,183.0,,,,960094800.0,,,McMillian,Ja'Quan
Shane Steichen,FA,2022,Coach,0,IND,16147,,,,,,,,,3597e55c-e2b6-4330-ab6d-19ae4d095dd5,,,,,,484635600.0,,,Steichen,Shane
Bryce Young,CAR,2023,QB,0,CAR,16148,,40029.0,,3161957.0,70.0,Alabama,16807.0,9.0,38475bfa-9773-4c3b-9157-a0dbd576fa22,1.0,204.0,1.0,,,996037200.0,,,Young,Bryce
Will Levis,TEN,2023,QB,0,TEN,16149,,40068.0,,2964377.0,76.0,Kentucky,16665.0,8.0,4c8a2f7e-f982-4eca-9d52-cf53df6985a4,2.0,229.0,2.0,,,930459600.0,,,Levis,Will
C.J. Stroud,HOU,2023,QB,0,HOU,16150,,40030.0,,3163079.0,75.0,Ohio State,16886.0,7.0,7e91086f-9ca4-4bd9-a099-b88b2f37e6c6,2.0,218.0,1.0,,,1002085200.0,,,Stroud,C.J.
Hendon Hooker,DET,2023,QB,0,DET,16151,,40096.0,,2805110.0,75.0,Tennessee,16905.0,2.0,25b10007-802d-4ebb-8314-3eb7b24ddc37,5.0,220.0,3.0,,,884667600.0,,,Hooker,Hendon
Anthony Richardson,IND,2023,QB,0,IND,16152,,40040.0,,3163263.0,76.0,Florida,16653.0,5.0,5fc5b4a6-a583-4345-a810-4f982204ea5e,4.0,244.0,1.0,,,1022040000.0,,,Richardson,Anthony
Stetson Bennett,LAR,2023,QB,0,LAR,16153,,40153.0,,2871628.0,71.0,Georgia,16871.0,13.0,a5cc5958-01f9-4b7d-a8d9-c44625d53ed5,26.0,190.0,4.0,,,878014800.0,,,Bennett,Stetson
Jaren Hall,MIN,2023,QB,0,FA,16154,,40185.0,,2975722.0,72.0,BYU,16776.0,16.0,84ba4cc6-8740-45c8-898b-9233e1791186,29.0,207.0,5.0,,,890715600.0,4373632.0,,Hall,Jaren
Max Duggan,LAC,2023,QB,0,FA,16155,,40272.0,,3120848.0,73.0,TCU,16729.0,8.0,a7ef9eec-dab5-4321-a836-af3d085b4ba4,22.0,207.0,7.0,,,984373200.0,4427105.0,,Duggan,Max
Jake Haener,NOS,2023,QB,0,NOS,16156,,40144.0,,2815170.0,73.0,Fresno State,16912.0,3.0,70376919-8220-4128-a089-72d5b10f2346,25.0,200.0,4.0,,,921560400.0,,,Haener,Jake
Malik Cunningham,FA,2023,WR,0,FA,16157,,40290.0,,2866334.0,73.0,Louisville,16691.0,12.0,2bf2f410-e6f2-11ed-abca-c7a3a205e21d,,186.0,,,,907650000.0,4240069.0,,Cunningham,Malik
Dorian Thompson-Robinson,CLE,2023,QB,0,CLE,16158,,40195.0,,2964729.0,74.0,UCLA,16945.0,17.0,d66ae3ad-8a60-47e7-a3b2-18a1e8377e1b,5.0,203.0,5.0,,,942555600.0,,,Thompson-Robinson,Dorian
Aidan O'Connell,LVR,2023,QB,0,LVR,16159,,40138.0,,2868716.0,75.0,Purdue,16716.0,12.0,5891a917-9071-4bc2-a652-7f702c44cbd2,33.0,210.0,4.0,,,904626000.0,,,O'Connell,Aidan
Clayton Tune,ARI,2023,QB,0,ARI,16160,,40188.0,,2964808.0,75.0,Houston,16913.0,15.0,b2810d1e-3ea7-4907-bb34-93b40e893c08,4.0,220.0,5.0,,,922165200.0,,,Tune,Clayton
Bijan Robinson,ATL,2023,RB,0,ATL,16161,,40055.0,,3168163.0,71.0,Texas,16739.0,7.0,f78d68c2-f9da-48e7-b954-26b69efd828d,8.0,215.0,1.0,,,1012366800.0,,,Robinson,Bijan
Jahmyr Gibbs,DET,2023,RB,0,DET,16162,,40059.0,,3162723.0,69.0,Alabama,16808.0,26.0,fef9457e-6497-47de-9bf2-cc3b95929375,12.0,200.0,1.0,,,1016600400.0,,,Gibbs,Jahmyr
Zach Evans,LAR,2023,RB,0,FA,16163,,40243.0,,3162483.0,71.0,Ole Miss,16801.0,21.0,f7465712-9d52-4fce-8912-df714f7285e9,38.0,211.0,6.0,,,991198800.0,4685035.0,,Evans,Zach
Tank Bigsby,JAC,2023,RB,0,JAC,16164,,40095.0,,3162021.0,71.0,Auburn,16705.0,4.0,2034916c-8062-46e3-8d0c-d0dec694e2d1,25.0,215.0,3.0,,,999147600.0,,,Bigsby,Tank
Tyjae Spears,TEN,2023,RB,0,TEN,16165,,40119.0,,3122588.0,71.0,Tulane,16941.0,2.0,af71f149-7758-40b7-973a-9fe6320cf4f5,18.0,195.0,3.0,,,992581200.0,,,Spears,Tyjae
Sean Tucker,FA,2023,RB,0,TBB,16166,,40742.0,,3168416.0,70.0,Syracuse,16728.0,44.0,6d616c10-f35e-11ed-b721-9b68b08a2e09,,205.0,,,,1003986000.0,,,Tucker,Sean
De'Von Achane,MIA,2023,RB,0,MIA,16167,,40118.0,,3171161.0,69.0,Texas A&M,16661.0,28.0,a4ef921b-8767-4b4f-a651-7675c00f9af0,21.0,188.0,3.0,,,1002949200.0,,,Achane,De'Von
Israel Abanikanda,NYJ,2023,RB,0,NYJ,16168,,40165.0,,3163291.0,70.0,Pittsburgh,16735.0,25.0,07802728-2d68-4aac-8e1f-ee306977495d,8.0,216.0,5.0,,,1033790400.0,,,Abanikanda,Israel
Zach Charbonnet,SEA,2023,RB,0,SEA,16169,,40075.0,,3123810.0,73.0,UCLA,16897.0,26.0,7d7f1628-85a7-4633-9ffe-d82fc2761b00,21.0,214.0,2.0,,,978930000.0,,,Charbonnet,Zach
Kenny McIntosh,SEA,2023,RB,0,SEA,16170,,40267.0,,3121460.0,72.0,Georgia,17002.0,25.0,9956eabc-16da-4a1c-ab80-fe0910bcaa12,20.0,204.0,7.0,,,952059600.0,,,McIntosh,Kenny
Kendre Miller,NOS,2023,RB,0,NOS,16171,,40108.0,,3162256.0,72.0,TCU,16898.0,25.0,66627686-34fe-4599-84ac-e436fd7d798a,8.0,220.0,3.0,,,1023768000.0,,,Miller,Kendre
Mohamed Ibrahim,FA,2023,RB,0,FA,16172,,40586.0,,2804395.0,68.0,Minnesota,17025.0,33.0,7d6f5ee0-ec6b-11ed-9b18-c341fbcec642,,203.0,,,,905230800.0,4240750.0,,Ibrahim,Mohamed
Eric Gray,NYG,2023,RB,0,NYG,16173,,40198.0,,3123569.0,70.0,Oklahoma,16970.0,20.0,dcc536c1-36f2-4e34-8028-ccf32d930018,37.0,211.0,5.0,,,941691600.0,,,Gray,Eric
Chris Rodriguez,WAS,2023,RB,0,FA,16174,,40231.0,,2964667.0,71.0,Kentucky,16933.0,23.0,ae5c4758-cb53-4f17-8763-b91381036af3,16.0,224.0,6.0,,,969944400.0,4362619.0,,Rodriguez,Chris
Roschon Johnson,CHI,2023,RB,0,CHI,16175,,40162.0,,3121395.0,72.0,Texas,16772.0,23.0,e3c414c0-be8c-4807-af9c-f91d89c83e60,13.0,225.0,4.0,,,980917200.0,,,Johnson,Roschon
Deuce Vaughn,DAL,2023,RB,0,DAL,16176,,40240.0,,3168666.0,66.0,Kansas State,17003.0,42.0,e444229e-c262-40a7-bb89-61d4b774da55,35.0,176.0,6.0,,,1004677200.0,,,Vaughn,Deuce
Keaton Mitchell,FA,2023,RB,0,BAL,16178,,40641.0,,3164710.0,68.0,East Carolina,16810.0,34.0,16341d80-f01f-11ed-97df-a94b89ac5704,,191.0,,,,1011243600.0,4596334.0,,Mitchell,Keaton
DeWayne McBride,MIN,2023,RB,0,FA,16179,,40285.0,,3168024.0,70.0,UAB,16765.0,27.0,fe0e7574-ccd1-45ca-b2bf-7ec3a09cef00,5.0,209.0,7.0,,,994568400.0,4430388.0,,McBride,DeWayne
Evan Hull,IND,2023,RB,0,FA,16180,,40169.0,,3124679.0,70.0,Northwestern,16676.0,26.0,20d82a85-0128-499a-9330-2906af3cbb09,41.0,209.0,5.0,,,972536400.0,4569609.0,,Hull,Evan
Chase Brown,CIN,2023,RB,0,CIN,16181,,40196.0,,2965160.0,70.0,Illinois,16934.0,30.0,d74ff06d-905d-4fed-8f98-b5f6d4549333,28.0,211.0,5.0,,,953614800.0,,,Brown,Chase
Camerun Peoples,FA,2023,RB,0,FA,16182,,40587.0,,2967422.0,73.0,Appalachian State,16927.0,32.0,aa28aab0-ec64-11ed-b34e-33ef114ed931,,217.0,,,,937285200.0,,,Peoples,Camerun
Jalin Hyatt,NYG,2023,WR,0,NYG,16183,,40128.0,,3171911.0,72.0,Tennessee,16714.0,13.0,e5f9d339-a89f-4e47-9a84-b89f14550c05,10.0,185.0,3.0,,,1001394000.0,,,Hyatt,Jalin
Jayden Reed,GBP,2023,WR,0,GBP,16184,,40063.0,,2967762.0,71.0,Michigan State,16977.0,11.0,23a306bc-5f77-4574-a575-bd599f243185,19.0,187.0,2.0,,,956898000.0,4362249.0,,Reed,Jayden
Jaxon Smith-Njigba,SEA,2023,WR,0,SEA,16185,,40041.0,,3162959.0,72.0,Ohio State,16654.0,11.0,6215db71-1e13-4c62-8f14-2005d33dee47,20.0,197.0,1.0,,,1013662800.0,,,Smith-Njigba,Jaxon
Jordan Addison,MIN,2023,WR,0,MIN,16186,,40042.0,,3162290.0,71.0,USC,16895.0,3.0,63fdd64e-1a23-4b77-9536-b1609f3a708c,23.0,175.0,1.0,,,1012107600.0,,,Addison,Jordan
Josh Downs,IND,2023,WR,0,IND,16187,,40126.0,,3162970.0,69.0,North Carolina,16689.0,1.0,dd227f4a-0785-482d-a28b-f231c7f3b73f,16.0,171.0,3.0,,,997592400.0,,,Downs,Josh
Quentin Johnston,LAC,2023,WR,0,LAC,16188,,40051.0,,3162609.0,76.0,TCU,16899.0,1.0,e648bc98-bc81-44d0-8d4b-b9223c497ff4,21.0,215.0,1.0,,,999752400.0,,,Johnston,Quentin
Marvin Mims,DEN,2023,WR,0,DEN,16189,,40090.0,,3162586.0,71.0,Oklahoma,16849.0,19.0,fcd780e6-6d43-4c2e-b740-59ae09911345,32.0,182.0,2.0,,,1016514000.0,,,Mims,Marvin
Zay Flowers,BAL,2023,WR,0,BAL,16190,,40039.0,,3127049.0,69.0,Boston College,16919.0,4.0,2b6d74b7-10fb-4f17-99c8-9bb557fb475b,22.0,175.0,1.0,,,968648400.0,,,Flowers,Zay
Cedric Tillman,CLE,2023,WR,0,CLE,16191,,40093.0,,2962120.0,75.0,Tennessee,16706.0,19.0,148330d9-5182-4b58-b695-8067aaba4731,11.0,215.0,3.0,,,956120400.0,,,Tillman,Cedric
Parker Washington,JAC,2023,WR,0,JAC,16192,,40234.0,,3168820.0,70.0,Penn State,16690.0,11.0,c05863ec-3414-4ae6-a8d2-830aed99b6d3,8.0,204.0,6.0,,,1016686800.0,,,Washington,Parker
Kayshon Boutte,NEP,2023,WR,0,NEP,16193,,40224.0,,3163170.0,71.0,LSU,16795.0,80.0,9c054866-5e6c-460b-9af3-ebf91e7d0a3e,10.0,197.0,6.0,,,1020744000.0,,,Boutte,Kayshon
Rashee Rice,KCC,2023,WR,0,KCC,16194,,40084.0,,3124978.0,73.0,SMU,16963.0,4.0,cbd73c09-da07-48b0-a0d6-f248dfa631b6,24.0,204.0,2.0,,,956379600.0,,,Rice,Rashee
Dontayvion Wicks,GBP,2023,WR,0,GBP,16195,,,,3122375.0,73.0,Virginia,16658.0,13.0,ea3d1393-8c3b-4e81-a519-f636d28d692e,24.0,206.0,5.0,,,992667600.0,,,Wicks,Dontayvion
A.T. Perry,NOS,2023,WR,0,NOS,16196,,40242.0,,2965235.0,77.0,Wake Forest,16802.0,17.0,f6986d22-e3bb-4509-9309-90d92c01437a,18.0,205.0,6.0,,,940914000.0,,,Perry,A.T.
Jonathan Mingo,CAR,2023,WR,0,CAR,16197,,40073.0,,3126905.0,74.0,Ole Miss,16937.0,15.0,6cf0c82d-87e4-4cfc-8475-77667ed92796,8.0,220.0,2.0,,,987742800.0,,,Mingo,Jonathan
Rakim Jarrett,FA,2023,WR,0,TBB,16198,,40671.0,,3166901.0,72.0,Maryland,16709.0,18.0,39428290-f1b8-11ed-9bf1-7fd77a26dc1f,,192.0,,,,980312400.0,4429006.0,,Jarrett,Rakim
Trey Palmer,TBB,2023,WR,0,TBB,16199,,40223.0,,3122273.0,73.0,Nebraska,16936.0,10.0,9a011241-f4b3-403a-af70-c9cdfd177054,14.0,190.0,6.0,,,986187600.0,,,Palmer,Trey
Xavier Hutchinson,HOU,2023,WR,0,HOU,16201,,40232.0,,3161943.0,75.0,Iowa State,16932.0,19.0,aed98af2-b228-4b74-a804-2d210bd11122,28.0,210.0,6.0,,,959835600.0,,,Hutchinson,Xavier
Ronnie Bell,SFO,2023,WR,0,SFO,16202,,40279.0,,2968474.0,72.0,Michigan,16843.0,10.0,ba06804a-b84c-408a-8ef6-5226d8424479,36.0,190.0,7.0,,,949035600.0,,,Bell,Ronnie
Charlie Jones,CIN,2023,WR,0,CIN,16203,,40158.0,,2868959.0,72.0,Purdue,16719.0,15.0,c634c231-61fb-4725-8533-2cce14bfebbf,29.0,183.0,4.0,,,909637200.0,,,Jones,Charlie
Tank Dell,HOU,2023,WR,0,HOU,16204,,40097.0,,2963970.0,70.0,Houston,16935.0,3.0,25e7b423-f716-4d1a-9623-cee3e7d822ab,6.0,165.0,3.0,,,941173200.0,,,Dell,Tank
Tyler Scott,CHI,2023,WR,0,CHI,16205,,40141.0,,3163215.0,71.0,Cincinnati,16713.0,10.0,6833ad69-9f24-4780-989c-83bdb090ec5e,31.0,185.0,4.0,,,1002862800.0,4565908.0,,Scott,Tyler
Michael Wilson,ARI,2023,WR,0,ARI,16206,,40121.0,,2965181.0,74.0,Stanford,16957.0,14.0,b91be982-fccd-448e-869b-e9b5148a1730,31.0,213.0,3.0,,,951282000.0,,,Wilson,Michael
Andrei Iosivas,CIN,2023,WR,0,CIN,16207,,40211.0,,2966908.0,75.0,Princeton,16965.0,80.0,30c0df5e-bb77-4eee-8390-8fc13844e1c3,29.0,205.0,6.0,,,939963600.0,4368003.0,,Iosivas,Andrei
Justin Shorter,BUF,2023,WR,0,FA,16210,,40167.0,,2965077.0,76.0,Florida,16656.0,18.0,0e4f0529-f178-463e-8aa6-0b8cfa3e916f,15.0,223.0,5.0,,,955947600.0,4361426.0,,Shorter,Justin
Puka Nacua,LAR,2023,WR,0,LAR,16211,,40168.0,,3121687.0,74.0,BYU,16790.0,17.0,111be44d-7bc2-4cad-934d-c9e946293b2f,42.0,212.0,5.0,,,991112400.0,4426515.0,,Nacua,Puka
Michael Mayer,LVR,2023,TE,0,LVR,16212,,40065.0,,3171673.0,76.0,Notre Dame,16666.0,87.0,31f4645a-7ccb-4633-8580-2fca361beb4f,4.0,265.0,2.0,,,994395600.0,,,Mayer,Michael
Dalton Kincaid,BUF,2023,TE,0,BUF,16213,,40048.0,,2982991.0,76.0,Utah,16697.0,86.0,b961fa15-0676-4948-b95f-56d06319d40e,25.0,240.0,1.0,,,940222800.0,,,Kincaid,Dalton
Sam LaPorta,DET,2023,TE,0,DET,16214,,40064.0,,3124197.0,75.0,Iowa,17033.0,87.0,3059f1e5-1871-4458-9e90-9b9917874c61,3.0,245.0,2.0,,,979275600.0,,,LaPorta,Sam
Luke Musgrave,GBP,2023,TE,0,GBP,16215,,40074.0,,3129283.0,78.0,Oregon State,16663.0,88.0,77a4fb49-3c6c-4aa1-8a21-20956e2d2240,11.0,253.0,2.0,,,967870800.0,,,Musgrave,Luke
Darnell Washington,PIT,2023,TE,0,PIT,16216,,40094.0,,3163963.0,79.0,Georgia,16889.0,80.0,1984b8b5-d206-4d6a-8204-c5dd0160e9f5,30.0,264.0,3.0,,,998024400.0,,,Washington,Darnell
Cameron Latu,SFO,2023,TE,0,FA,16217,,40101.0,,2964535.0,77.0,Alabama,23362.0,81.0,3763a2ec-ee98-4cf4-9aa7-ee626057c56f,38.0,244.0,3.0,,,951368400.0,,,Latu,Cameron
Payne Durham,TBB,2023,TE,0,TBB,16218,,40193.0,,2968469.0,77.0,Purdue,16720.0,87.0,c4a8b4c9-5db8-4187-852b-9557bef8724e,36.0,255.0,5.0,,,961045200.0,,,Durham,Payne
Davis Allen,LAR,2023,TE,0,LAR,16219,,40164.0,,3123267.0,78.0,Clemson,17030.0,87.0,02a77d8c-3b89-4a61-86a2-0c005c1e589a,40.0,251.0,5.0,,,981176400.0,,,Allen,Davis
Will Mallory,IND,2023,TE,0,IND,16220,,,,2962073.0,76.0,Miami (FL),17014.0,86.0,5d4a5e4f-7c74-4b4c-b8e5-33bb831e3057,27.0,239.0,5.0,,,930027600.0,,,Mallory,Will
Luke Schoonmaker,DAL,2023,TE,0,DAL,16221,,40061.0,,2968473.0,77.0,Michigan,16855.0,86.0,143957a7-4649-4a19-b351-e606edc75ebd,27.0,250.0,2.0,,,906958800.0,,,Schoonmaker,Luke
Tucker Kraft,GBP,2023,TE,0,GBP,16222,,40102.0,,3133332.0,77.0,South Dakota State,16649.0,85.0,3a084c5f-6b9f-4703-a0c7-1566bc4b1129,15.0,259.0,3.0,,,973227600.0,4572680.0,,Kraft,Tucker
Will Anderson,HOU,2023,DE,0,HOU,16223,,40031.0,,,76.0,Alabama,16809.0,51.0,9e22bbe3-5323-42e0-a82e-03e3794ea67f,3.0,243.0,1.0,,,999406800.0,,,Anderson,Will
Myles Murphy,CIN,2023,DE,0,CIN,16224,,40057.0,,3162763.0,77.0,Clemson,16710.0,99.0,fb188308-cd65-4c61-b8c5-b9252b638b09,28.0,270.0,1.0,,,1010034000.0,4428985.0,,Murphy,Myles
BJ Ojulari,ARI,2023,DE,0,ARI,16225,,40088.0,,3163276.0,74.0,LSU,17177.0,9.0,f4d8da18-8be8-470c-947c-d9fd3d85612c,10.0,256.0,2.0,,,1017982800.0,,,Ojulari,BJ
Tyree Wilson,LVR,2023,DE,0,LVR,16226,,40043.0,,2964191.0,78.0,Texas Tech,17149.0,9.0,73aefe0e-8b0e-46c2-a0fe-cc4eb269f969,7.0,275.0,1.0,,,958798800.0,,,Wilson,Tyree
Zach Harrison,ATL,2023,DE,0,ATL,16227,,40115.0,,3123351.0,77.0,Ohio State,17197.0,96.0,9d1624c5-958f-42ec-965d-f6dbb85e0401,12.0,274.0,3.0,,,997765200.0,,,Harrison,Zach
Nolan Smith,PHI,2023,DE,0,PHI,16228,,40054.0,,3123027.0,74.0,Georgia,17176.0,3.0,e9194ad2-d400-4dfe-9f4f-8b984537df60,30.0,238.0,1.0,,,979794000.0,,,Smith,Nolan
Andre Carter,FA,2023,DE,0,FA,16229,,40303.0,,3138801.0,78.0,Army,16924.0,55.0,de6d5cb0-e75c-11ed-9334-efa9cc2292da,,256.0,,,,959922000.0,4577333.0,,Carter,Andre
Lukas Van Ness,GBP,2023,DE,0,GBP,16230,,40037.0,,3163208.0,77.0,Iowa,16825.0,90.0,1f8b4936-d0f8-4e9e-9f6f-5f4138180d7d,13.0,272.0,1.0,,,994395600.0,,,Van Ness,Lukas
Drew Sanders,DEN,2023,LB,0,DEN,16231,,40109.0,,3162911.0,77.0,Arkansas,17151.0,41.0,779fd90f-ae23-4f6e-80f2-49052e7ca6aa,4.0,233.0,3.0,,,1009774800.0,4685721.0,,Sanders,Drew
Mike Morris,SEA,2023,DT,0,SEA,16232,,40171.0,,3133325.0,78.0,Michigan,16861.0,94.0,2697a8a5-c22d-4290-a266-5b153bf384e3,16.0,295.0,5.0,,,987915600.0,,,Morris,Mike
Jalen Carter,PHI,2023,DT,0,PHI,16233,,40035.0,,3163950.0,75.0,Georgia,16865.0,98.0,1c443cd8-b9ad-4676-9a8e-8cee52b07637,9.0,314.0,1.0,,,986360400.0,,,Carter,Jalen
Trenton Simpson,BAL,2023,LB,0,BAL,16234,,40116.0,,3162464.0,74.0,Clemson,16712.0,23.0,a2ceb68a-71c0-465c-8548-36967d302cc9,23.0,235.0,3.0,,,992494800.0,,,Simpson,Trenton
Derick Hall,SEA,2023,DE,0,SEA,16235,,40070.0,,3121912.0,75.0,Auburn,16923.0,58.0,57b847dd-7af4-4d16-b934-641ab9b5911b,6.0,254.0,2.0,,,984978000.0,,,Hall,Derick
Henry To'oTo'o,HOU,2023,LB,0,HOU,16236,,40189.0,,3121019.0,74.0,Alabama,17121.0,39.0,b3523130-926a-4d1c-bfde-775975583398,32.0,228.0,5.0,,,978670800.0,,,To'oTo'o,Henry
Owen Pappoe,ARI,2023,LB,0,ARI,16237,,40200.0,,3122142.0,72.0,Auburn,16673.0,44.0,e6926317-2584-496a-9f32-e422040a8a20,33.0,225.0,5.0,,,970203600.0,,,Pappoe,Owen
Noah Sewell,CHI,2023,LB,0,CHI,16238,,40172.0,,3161646.0,74.0,Oregon,16756.0,44.0,3008a8a1-5943-47ff-81ef-1b3367bbbecd,13.0,253.0,5.0,,,1019793600.0,,,Sewell,Noah
Jack Campbell,DET,2023,LB,0,DET,16239,,40036.0,,3123377.0,77.0,Iowa,17152.0,46.0,1f7ce27f-61ef-47e5-bd48-eac4b1c0228f,18.0,243.0,1.0,,,966920400.0,,,Campbell,Jack
Joey Porter Jr.,PIT,2023,CB,0,PIT,16240,,40089.0,,3125620.0,74.0,Penn State,16896.0,24.0,fbc596af-8abd-466f-9c01-7a38d11eb7a4,1.0,193.0,2.0,,,964587600.0,,,Porter Jr.,Joey
Devon Witherspoon,SEA,2023,CB,0,SEA,16241,,40056.0,,3137159.0,72.0,Illinois,36732.0,21.0,fa026462-0615-4077-81e1-90daf1c5b8f9,5.0,185.0,1.0,,,976510800.0,,,Witherspoon,Devon
Kelee Ringo,PHI,2023,CB,0,PHI,16242,,40131.0,,3163940.0,74.0,Georgia,16890.0,22.0,04d384d9-06da-4436-a637-14637705d7b3,3.0,207.0,4.0,,,1025150400.0,,,Ringo,Kelee
Cam Smith,MIA,2023,CB,0,MIA,16243,,40081.0,,3131626.0,73.0,South Carolina,16652.0,24.0,be6d66e8-51c2-4ae0-8657-5e0713d7ad02,20.0,186.0,2.0,,,977374800.0,,,Smith,Cam
Brian Branch,DET,2023,S,0,DET,16244,,40067.0,,3170863.0,72.0,Alabama,16816.0,32.0,3e01cc5d-ca6c-4604-a6c1-249a1aa9df3a,14.0,203.0,2.0,,,1003726800.0,4692025.0,,Branch,Brian
Jordan Battle,CIN,2023,S,0,CIN,16245,,40117.0,,3123595.0,73.0,Alabama,17368.0,27.0,a462797c-d8d9-404c-b663-3ced76d6fc93,32.0,210.0,3.0,,,976770000.0,,,Battle,Jordan
Antonio Johnson,JAC,2023,S,0,JAC,16246,,40166.0,,3162769.0,74.0,Texas A&M,17369.0,26.0,078c2a41-ec84-4425-b64e-8d92cee16305,25.0,198.0,5.0,,,1004331600.0,,,Johnson,Antonio
JL Skinner,DEN,2023,S,0,DEN,16247,,40230.0,,3131561.0,76.0,Boise State,16748.0,34.0,ad57b64a-befa-40fd-ae40-9c438ced7ea2,6.0,220.0,6.0,,,987397200.0,,,Skinner,JL
Jonathan Gannon,FA,0,Coach,0,ARI,16248,,,,,,,,,b5b3cec4-3a17-4d7e-b187-5fb680659c39,,,,,,411368400.0,,,Gannon,Jonathan
Zack Kuntz,NYJ,2023,TE,0,FA,16249,,40255.0,,2963243.0,80.0,Old Dominion,17034.0,81.0,66394a78-5537-4a12-a876-4a887f780aba,3.0,251.0,7.0,,,928645200.0,4361417.0,,Kuntz,Zack
Joseph Ngata,FA,2023,WR,0,FA,16250,,40514.0,,3122907.0,75.0,Clemson,17085.0,86.0,46a3a6d0-eb73-11ed-aecd-85bc826ed43e,,217.0,,,,979016400.0,4426426.0,,Ngata,Joseph
Christian Gonzalez,NEP,2023,CB,0,NEP,16251,,40052.0,,3166700.0,73.0,Oregon,16683.0,6.0,e847f127-f5f4-41a0-87bb-b89e546e0df4,17.0,205.0,1.0,,,1025236800.0,,,Gonzalez,Christian
Will McDonald,NYJ,2023,DE,0,NYJ,16252,,40038.0,,,76.0,Iowa State,16971.0,99.0,21792a74-7864-4234-bc47-891d5f9e7024,15.0,236.0,1.0,,,928472400.0,,,McDonald,Will
Emmanuel Forbes,WAS,2023,CB,0,WAS,16253,,40033.0,,3171024.0,72.0,Mississippi State,17336.0,13.0,0c767043-de67-4d90-af09-95c45a8ceeaa,16.0,180.0,1.0,,,979362000.0,,,Forbes,Emmanuel
Calijah Kancey,TBB,2023,DT,0,TBB,16254,,40049.0,,3126837.0,72.0,Pittsburgh,16768.0,94.0,cabe57e5-4675-40cf-9090-58c63f823e70,19.0,280.0,1.0,,,983422800.0,,,Kancey,Calijah
Deonte Banks,NYG,2023,CB,0,NYG,16255,,40053.0,,3122290.0,74.0,Maryland,16727.0,3.0,e905a38b-bf94-4d46-b9e3-a7b534258a20,24.0,200.0,1.0,,,983595600.0,,,Banks,Deonte
Bryan Bresee,NOS,2023,DT,0,NOS,16256,,40045.0,,3162222.0,77.0,Clemson,17173.0,90.0,98884f9f-5117-476a-a20a-809b38714e6d,29.0,305.0,1.0,,,1002344400.0,,,Bresee,Bryan
Felix Anudike-Uzomah,KCC,2023,DE,0,KCC,16257,,40034.0,,3168580.0,76.0,Kansas State,16885.0,97.0,0f9883f3-bff3-4247-8e90-7df2066070c6,31.0,255.0,1.0,,,1011848400.0,,,Anudike-Uzomah,Felix
Mazi Smith,DAL,2023,DT,0,DAL,16258,,40044.0,,3124239.0,75.0,Michigan,16864.0,58.0,8f71baa6-45f2-4b27-8d26-508290a50604,26.0,337.0,1.0,,,992667600.0,4426347.0,,Smith,Mazi
Brodric Martin,DET,2023,DT,0,DET,16259,,40122.0,,2963808.0,77.0,Western Kentucky,17156.0,99.0,c0c6761c-081c-426a-b186-26ff20791e70,33.0,330.0,3.0,,,927522000.0,,,Martin,Brodric
Isaiah Foskey,NOS,2023,DE,0,NOS,16260,,40082.0,,3136890.0,77.0,Notre Dame,16682.0,55.0,c0a4eddb-90da-45d5-8695-cb15ea16e4b5,9.0,270.0,2.0,,,972882000.0,,,Foskey,Isaiah
Julius Brents,IND,2023,CB,0,IND,16261,,40062.0,,2964913.0,75.0,Kansas State,17112.0,29.0,194d2310-bc4e-4fc8-9a76-1fe506f35977,13.0,198.0,2.0,,,948171600.0,,,Brents,Julius
Keion White,NEP,2023,DT,0,NEP,16262,,40080.0,,2807441.0,77.0,Georgia Tech,17109.0,99.0,a93bdfeb-068f-4933-89a2-8071adefd6f9,15.0,285.0,2.0,,,916808400.0,,,White,Keion
Quan Martin,WAS,2023,S,0,WAS,16263,,40087.0,,2965898.0,72.0,Illinois,16817.0,20.0,e52e1ff1-7a48-4b89-84c1-35841460ab0d,16.0,195.0,2.0,,,955947600.0,4360378.0,,Martin,Quan
Keeanu Benton,PIT,2023,DT,0,PIT,16264,,40079.0,,3131591.0,76.0,Wisconsin,16692.0,95.0,9fd22aa3-6cb6-4bae-af1b-cc0ba0511e08,18.0,309.0,2.0,,,995346000.0,,,Benton,Keeanu
Gervon Dexter,CHI,2023,DT,0,CHI,16265,,40091.0,,,78.0,Florida,17174.0,99.0,fd3922bc-d7bf-4f2e-9255-d297a86b43d5,22.0,312.0,2.0,,,1002258000.0,,,Dexter,Gervon
Tuli Tuipulotu,LAC,2023,DE,0,LAC,16266,,40077.0,,3176952.0,75.0,USC,16822.0,45.0,8b3391ab-5126-4ed8-b181-59723f7f5a99,23.0,266.0,2.0,,,1031025600.0,,,Tuipulotu,Tuli
Tyrique Stevenson,CHI,2023,CB,0,CHI,16267,,40071.0,,3121387.0,72.0,Miami (FL),17120.0,29.0,64d9cda4-1ff4-4b21-bdba-586877c70813,25.0,204.0,2.0,,,959317200.0,,,Stevenson,Tyrique
DJ Turner,CIN,2023,CB,0,CIN,16268,,33813.0,,3133344.0,71.0,Michigan,15533.0,20.0,1624b5cf-0032-4093-af56-e4dea4f64149,29.0,180.0,2.0,,,973746000.0,,,Turner,DJ
DJ Turner,CIN,2023,CB,0,CIN,16268,,33813.0,,3133344.0,71.0,Michigan,15533.0,20.0,7db46644-05bb-41b5-938a-e93a50e1d6c4,29.0,180.0,2.0,,,973746000.0,,,Turner,DJ
DJ Turner,CIN,2023,CB,0,CIN,16268,,33813.0,,3133344.0,71.0,Michigan,16857.0,20.0,1624b5cf-0032-4093-af56-e4dea4f64149,29.0,180.0,2.0,,,973746000.0,,,Turner,DJ
DJ Turner,CIN,2023,CB,0,CIN,16268,,33813.0,,3133344.0,71.0,Michigan,16857.0,20.0,7db46644-05bb-41b5-938a-e93a50e1d6c4,29.0,180.0,2.0,,,973746000.0,,,Turner,DJ
DJ Turner,CIN,2023,CB,0,CIN,16268,,40076.0,,3133344.0,71.0,Michigan,15533.0,20.0,1624b5cf-0032-4093-af56-e4dea4f64149,29.0,180.0,2.0,,,973746000.0,,,Turner,DJ
DJ Turner,CIN,2023,CB,0,CIN,16268,,40076.0,,3133344.0,71.0,Michigan,15533.0,20.0,7db46644-05bb-41b5-938a-e93a50e1d6c4,29.0,180.0,2.0,,,973746000.0,,,Turner,DJ
DJ Turner,CIN,2023,CB,0,CIN,16268,,40076.0,,3133344.0,71.0,Michigan,16857.0,20.0,1624b5cf-0032-4093-af56-e4dea4f64149,29.0,180.0,2.0,,,973746000.0,,,Turner,DJ
DJ Turner,CIN,2023,CB,0,CIN,16268,,40076.0,,3133344.0,71.0,Michigan,16857.0,20.0,7db46644-05bb-41b5-938a-e93a50e1d6c4,29.0,180.0,2.0,,,973746000.0,,,Turner,DJ
Brenton Strange,JAC,2023,TE,0,JAC,16269,,40078.0,,3121696.0,76.0,Penn State,17017.0,85.0,94f135f7-9d54-4cbd-b560-fcaf83d414b0,30.0,253.0,2.0,,,977893200.0,,,Strange,Brenton
Zacch Pickens,CHI,2023,DT,0,CHI,16270,,40111.0,,3122732.0,76.0,South Carolina,16703.0,96.0,87895e2c-f210-497d-956a-cb5aac9fd8b5,1.0,300.0,3.0,,,952318800.0,,,Pickens,Zacch
Sydney Brown,PHI,2023,S,0,PHI,16271,,40123.0,,2961001.0,70.0,Illinois,16770.0,21.0,c9da2c23-478b-48a8-8a98-408caf3f0d16,3.0,211.0,3.0,,,953614800.0,4360386.0,,Brown,Sydney
Nolan Cooney,FA,0,PN,0,FA,16272,,33691.0,,2261456.0,75.0,Syracuse,15685.0,16.0,8db0f2a4-42bd-40a3-996f-f6364716b8a4,,202.0,,,,843022800.0,4047860.0,,Cooney,Nolan
Byron Young,LVR,2023,DT,0,PHI,16273,,40125.0,,3123718.0,75.0,Alabama,17123.0,93.0,d606b6ee-de91-44cb-aebf-87f81daa14d2,7.0,292.0,3.0,,,973832400.0,4567123.0,,Young,Byron
Byron Young,LVR,2023,DT,0,PHI,16273,,40125.0,,3123718.0,75.0,Alabama,17123.0,93.0,d606b6ee-de91-44cb-aebf-87f81daa14d2,7.0,292.0,3.0,,,973832400.0,4875196.0,,Young,Byron
Byron Young,LVR,2023,DT,0,PHI,16273,,40125.0,,3123718.0,75.0,Alabama,17123.0,93.0,cd7de1ce-ad93-4bb6-8b70-c79194a7373e,7.0,292.0,3.0,,,973832400.0,4567123.0,,Young,Byron
Byron Young,LVR,2023,DT,0,PHI,16273,,40125.0,,3123718.0,75.0,Alabama,17123.0,93.0,cd7de1ce-ad93-4bb6-8b70-c79194a7373e,7.0,292.0,3.0,,,973832400.0,4875196.0,,Young,Byron
Byron Young,LVR,2023,DT,0,PHI,16273,,40125.0,,3123718.0,75.0,Alabama,16758.0,93.0,d606b6ee-de91-44cb-aebf-87f81daa14d2,7.0,292.0,3.0,,,973832400.0,4567123.0,,Young,Byron
Byron Young,LVR,2023,DT,0,PHI,16273,,40125.0,,3123718.0,75.0,Alabama,16758.0,93.0,d606b6ee-de91-44cb-aebf-87f81daa14d2,7.0,292.0,3.0,,,973832400.0,4875196.0,,Young,Byron
Byron Young,LVR,2023,DT,0,PHI,16273,,40125.0,,3123718.0,75.0,Alabama,16758.0,93.0,cd7de1ce-ad93-4bb6-8b70-c79194a7373e,7.0,292.0,3.0,,,973832400.0,4567123.0,,Young,Byron
Byron Young,LVR,2023,DT,0,PHI,16273,,40125.0,,3123718.0,75.0,Alabama,16758.0,93.0,cd7de1ce-ad93-4bb6-8b70-c79194a7373e,7.0,292.0,3.0,,,973832400.0,4875196.0,,Young,Byron
Byron Young,LVR,2023,DT,0,PHI,16273,,40125.0,,2669623.0,75.0,Alabama,17123.0,93.0,d606b6ee-de91-44cb-aebf-87f81daa14d2,7.0,292.0,3.0,,,973832400.0,4567123.0,,Young,Byron
Byron Young,LVR,2023,DT,0,PHI,16273,,40125.0,,2669623.0,75.0,Alabama,17123.0,93.0,d606b6ee-de91-44cb-aebf-87f81daa14d2,7.0,292.0,3.0,,,973832400.0,4875196.0,,Young,Byron
Byron Young,LVR,2023,DT,0,PHI,16273,,40125.0,,2669623.0,75.0,Alabama,17123.0,93.0,cd7de1ce-ad93-4bb6-8b70-c79194a7373e,7.0,292.0,3.0,,,973832400.0,4567123.0,,Young,Byron
Byron Young,LVR,2023,DT,0,PHI,16273,,40125.0,,2669623.0,75.0,Alabama,17123.0,93.0,cd7de1ce-ad93-4bb6-8b70-c79194a7373e,7.0,292.0,3.0,,,973832400.0,4875196.0,,Young,Byron
Byron Young,LVR,2023,DT,0,PHI,16273,,40125.0,,2669623.0,75.0,Alabama,16758.0,93.0,d606b6ee-de91-44cb-aebf-87f81daa14d2,7.0,292.0,3.0,,,973832400.0,4567123.0,,Young,Byron
Byron Young,LVR,2023,DT,0,PHI,16273,,40125.0,,2669623.0,75.0,Alabama,16758.0,93.0,d606b6ee-de91-44cb-aebf-87f81daa14d2,7.0,292.0,3.0,,,973832400.0,4875196.0,,Young,Byron
Byron Young,LVR,2023,DT,0,PHI,16273,,40125.0,,2669623.0,75.0,Alabama,16758.0,93.0,cd7de1ce-ad93-4bb6-8b70-c79194a7373e,7.0,292.0,3.0,,,973832400.0,4567123.0,,Young,Byron
Byron Young,LVR,2023,DT,0,PHI,16273,,40125.0,,2669623.0,75.0,Alabama,16758.0,93.0,cd7de1ce-ad93-4bb6-8b70-c79194a7373e,7.0,292.0,3.0,,,973832400.0,4875196.0,,Young,Byron
Byron Young,LVR,2023,DT,0,PHI,16273,,40124.0,,3123718.0,75.0,Alabama,17123.0,93.0,d606b6ee-de91-44cb-aebf-87f81daa14d2,7.0,292.0,3.0,,,973832400.0,4567123.0,,Young,Byron
Byron Young,LVR,2023,DT,0,PHI,16273,,40124.0,,3123718.0,75.0,Alabama,17123.0,93.0,d606b6ee-de91-44cb-aebf-87f81daa14d2,7.0,292.0,3.0,,,973832400.0,4875196.0,,Young,Byron
Byron Young,LVR,2023,DT,0,PHI,16273,,40124.0,,3123718.0,75.0,Alabama,17123.0,93.0,cd7de1ce-ad93-4bb6-8b70-c79194a7373e,7.0,292.0,3.0,,,973832400.0,4567123.0,,Young,Byron
Byron Young,LVR,2023,DT,0,PHI,16273,,40124.0,,3123718.0,75.0,Alabama,17123.0,93.0,cd7de1ce-ad93-4bb6-8b70-c79194a7373e,7.0,292.0,3.0,,,973832400.0,4875196.0,,Young,Byron
Byron Young,LVR,2023,DT,0,PHI,16273,,40124.0,,3123718.0,75.0,Alabama,16758.0,93.0,d606b6ee-de91-44cb-aebf-87f81daa14d2,7.0,292.0,3.0,,,973832400.0,4567123.0,,Young,Byron
Byron Young,LVR,2023,DT,0,PHI,16273,,40124.0,,3123718.0,75.0,Alabama,16758.0,93.0,d606b6ee-de91-44cb-aebf-87f81daa14d2,7.0,292.0,3.0,,,973832400.0,4875196.0,,Young,Byron
Byron Young,LVR,2023,DT,0,PHI,16273,,40124.0,,3123718.0,75.0,Alabama,16758.0,93.0,cd7de1ce-ad93-4bb6-8b70-c79194a7373e,7.0,292.0,3.0,,,973832400.0,4567123.0,,Young,Byron
Byron Young,LVR,2023,DT,0,PHI,16273,,40124.0,,3123718.0,75.0,Alabama,16758.0,93.0,cd7de1ce-ad93-4bb6-8b70-c79194a7373e,7.0,292.0,3.0,,,973832400.0,4875196.0,,Young,Byron
Byron Young,LVR,2023,DT,0,PHI,16273,,40124.0,,2669623.0,75.0,Alabama,17123.0,93.0,d606b6ee-de91-44cb-aebf-87f81daa14d2,7.0,292.0,3.0,,,973832400.0,4567123.0,,Young,Byron
Byron Young,LVR,2023,DT,0,PHI,16273,,40124.0,,2669623.0,75.0,Alabama,17123.0,93.0,d606b6ee-de91-44cb-aebf-87f81daa14d2,7.0,292.0,3.0,,,973832400.0,4875196.0,,Young,Byron
Byron Young,LVR,2023,DT,0,PHI,16273,,40124.0,,2669623.0,75.0,Alabama,17123.0,93.0,cd7de1ce-ad93-4bb6-8b70-c79194a7373e,7.0,292.0,3.0,,,973832400.0,4567123.0,,Young,Byron
Byron Young,LVR,2023,DT,0,PHI,16273,,40124.0,,2669623.0,75.0,Alabama,17123.0,93.0,cd7de1ce-ad93-4bb6-8b70-c79194a7373e,7.0,292.0,3.0,,,973832400.0,4875196.0,,Young,Byron
Byron Young,LVR,2023,DT,0,PHI,16273,,40124.0,,2669623.0,75.0,Alabama,16758.0,93.0,d606b6ee-de91-44cb-aebf-87f81daa14d2,7.0,292.0,3.0,,,973832400.0,4567123.0,,Young,Byron
Byron Young,LVR,2023,DT,0,PHI,16273,,40124.0,,2669623.0,75.0,Alabama,16758.0,93.0,d606b6ee-de91-44cb-aebf-87f81daa14d2,7.0,292.0,3.0,,,973832400.0,4875196.0,,Young,Byron
Byron Young,LVR,2023,DT,0,PHI,16273,,40124.0,,2669623.0,75.0,Alabama,16758.0,93.0,cd7de1ce-ad93-4bb6-8b70-c79194a7373e,7.0,292.0,3.0,,,973832400.0,4567123.0,,Young,Byron
Byron Young,LVR,2023,DT,0,PHI,16273,,40124.0,,2669623.0,75.0,Alabama,16758.0,93.0,cd7de1ce-ad93-4bb6-8b70-c79194a7373e,7.0,292.0,3.0,,,973832400.0,4875196.0,,Young,Byron
Garrett Williams,ARI,2023,CB,0,ARI,16274,,40127.0,,3126891.0,70.0,Syracuse,16723.0,21.0,e2fdfaf7-d2c4-4482-9ac2-f8fe43c49130,9.0,192.0,3.0,,,991371600.0,,,Williams,Garrett
Marte Mapu,NEP,2023,S,0,NEP,16275,,40105.0,,2830016.0,75.0,Sacramento State,16947.0,15.0,5c55344a-6192-4def-9860-ffd5a571fe68,13.0,230.0,3.0,,,942037200.0,4248899.0,,Mapu,Marte
Byron Young,LAR,2023,DE,0,LAR,16276,,40125.0,,3123718.0,74.0,Tennessee,17123.0,,d606b6ee-de91-44cb-aebf-87f81daa14d2,14.0,258.0,3.0,,,889765200.0,4567123.0,,Young,Byron
Byron Young,LAR,2023,DE,0,LAR,16276,,40125.0,,3123718.0,74.0,Tennessee,17123.0,,d606b6ee-de91-44cb-aebf-87f81daa14d2,14.0,258.0,3.0,,,889765200.0,4875196.0,,Young,Byron
Byron Young,LAR,2023,DE,0,LAR,16276,,40125.0,,3123718.0,74.0,Tennessee,17123.0,,cd7de1ce-ad93-4bb6-8b70-c79194a7373e,14.0,258.0,3.0,,,889765200.0,4567123.0,,Young,Byron
Byron Young,LAR,2023,DE,0,LAR,16276,,40125.0,,3123718.0,74.0,Tennessee,17123.0,,cd7de1ce-ad93-4bb6-8b70-c79194a7373e,14.0,258.0,3.0,,,889765200.0,4875196.0,,Young,Byron
Byron Young,LAR,2023,DE,0,LAR,16276,,40125.0,,3123718.0,74.0,Tennessee,16758.0,,d606b6ee-de91-44cb-aebf-87f81daa14d2,14.0,258.0,3.0,,,889765200.0,4567123.0,,Young,Byron
Byron Young,LAR,2023,DE,0,LAR,16276,,40125.0,,3123718.0,74.0,Tennessee,16758.0,,d606b6ee-de91-44cb-aebf-87f81daa14d2,14.0,258.0,3.0,,,889765200.0,4875196.0,,Young,Byron
Byron Young,LAR,2023,DE,0,LAR,16276,,40125.0,,3123718.0,74.0,Tennessee,16758.0,,cd7de1ce-ad93-4bb6-8b70-c79194a7373e,14.0,258.0,3.0,,,889765200.0,4567123.0,,Young,Byron
Byron Young,LAR,2023,DE,0,LAR,16276,,40125.0,,3123718.0,74.0,Tennessee,16758.0,,cd7de1ce-ad93-4bb6-8b70-c79194a7373e,14.0,258.0,3.0,,,889765200.0,4875196.0,,Young,Byron
Byron Young,LAR,2023,DE,0,LAR,16276,,40125.0,,2669623.0,74.0,Tennessee,17123.0,,d606b6ee-de91-44cb-aebf-87f81daa14d2,14.0,258.0,3.0,,,889765200.0,4567123.0,,Young,Byron
Byron Young,LAR,2023,DE,0,LAR,16276,,40125.0,,2669623.0,74.0,Tennessee,17123.0,,d606b6ee-de91-44cb-aebf-87f81daa14d2,14.0,258.0,3.0,,,889765200.0,4875196.0,,Young,Byron
Byron Young,LAR,2023,DE,0,LAR,16276,,40125.0,,2669623.0,74.0,Tennessee,17123.0,,cd7de1ce-ad93-4bb6-8b70-c79194a7373e,14.0,258.0,3.0,,,889765200.0,4567123.0,,Young,Byron
Byron Young,LAR,2023,DE,0,LAR,16276,,40125.0,,2669623.0,74.0,Tennessee,17123.0,,cd7de1ce-ad93-4bb6-8b70-c79194a7373e,14.0,258.0,3.0,,,889765200.0,4875196.0,,Young,Byron
Byron Young,LAR,2023,DE,0,LAR,16276,,40125.0,,2669623.0,74.0,Tennessee,16758.0,,d606b6ee-de91-44cb-aebf-87f81daa14d2,14.0,258.0,3.0,,,889765200.0,4567123.0,,Young,Byron
Byron Young,LAR,2023,DE,0,LAR,16276,,40125.0,,2669623.0,74.0,Tennessee,16758.0,,d606b6ee-de91-44cb-aebf-87f81daa14d2,14.0,258.0,3.0,,,889765200.0,4875196.0,,Young,Byron
Byron Young,LAR,2023,DE,0,LAR,16276,,40125.0,,2669623.0,74.0,Tennessee,16758.0,,cd7de1ce-ad93-4bb6-8b70-c79194a7373e,14.0,258.0,3.0,,,889765200.0,4567123.0,,Young,Byron
Byron Young,LAR,2023,DE,0,LAR,16276,,40125.0,,2669623.0,74.0,Tennessee,16758.0,,cd7de1ce-ad93-4bb6-8b70-c79194a7373e,14.0,258.0,3.0,,,889765200.0,4875196.0,,Young,Byron
Byron Young,LAR,2023,DE,0,LAR,16276,,40124.0,,3123718.0,74.0,Tennessee,17123.0,,d606b6ee-de91-44cb-aebf-87f81daa14d2,14.0,258.0,3.0,,,889765200.0,4567123.0,,Young,Byron
Byron Young,LAR,2023,DE,0,LAR,16276,,40124.0,,3123718.0,74.0,Tennessee,17123.0,,d606b6ee-de91-44cb-aebf-87f81daa14d2,14.0,258.0,3.0,,,889765200.0,4875196.0,,Young,Byron
Byron Young,LAR,2023,DE,0,LAR,16276,,40124.0,,3123718.0,74.0,Tennessee,17123.0,,cd7de1ce-ad93-4bb6-8b70-c79194a7373e,14.0,258.0,3.0,,,889765200.0,4567123.0,,Young,Byron
Byron Young,LAR,2023,DE,0,LAR,16276,,40124.0,,3123718.0,74.0,Tennessee,17123.0,,cd7de1ce-ad93-4bb6-8b70-c79194a7373e,14.0,258.0,3.0,,,889765200.0,4875196.0,,Young,Byron
Byron Young,LAR,2023,DE,0,LAR,16276,,40124.0,,3123718.0,74.0,Tennessee,16758.0,,d606b6ee-de91-44cb-aebf-87f81daa14d2,14.0,258.0,3.0,,,889765200.0,4567123.0,,Young,Byron
Byron Young,LAR,2023,DE,0,LAR,16276,,40124.0,,3123718.0,74.0,Tennessee,16758.0,,d606b6ee-de91-44cb-aebf-87f81daa14d2,14.0,258.0,3.0,,,889765200.0,4875196.0,,Young,Byron
Byron Young,LAR,2023,DE,0,LAR,16276,,40124.0,,3123718.0,74.0,Tennessee,16758.0,,cd7de1ce-ad93-4bb6-8b70-c79194a7373e,14.0,258.0,3.0,,,889765200.0,4567123.0,,Young,Byron
Byron Young,LAR,2023,DE,0,LAR,16276,,40124.0,,3123718.0,74.0,Tennessee,16758.0,,cd7de1ce-ad93-4bb6-8b70-c79194a7373e,14.0,258.0,3.0,,,889765200.0,4875196.0,,Young,Byron
Byron Young,LAR,2023,DE,0,LAR,16276,,40124.0,,2669623.0,74.0,Tennessee,17123.0,,d606b6ee-de91-44cb-aebf-87f81daa14d2,14.0,258.0,3.0,,,889765200.0,4567123.0,,Young,Byron
Byron Young,LAR,2023,DE,0,LAR,16276,,40124.0,,2669623.0,74.0,Tennessee,17123.0,,d606b6ee-de91-44cb-aebf-87f81daa14d2,14.0,258.0,3.0,,,889765200.0,4875196.0,,Young,Byron
Byron Young,LAR,2023,DE,0,LAR,16276,,40124.0,,2669623.0,74.0,Tennessee,17123.0,,cd7de1ce-ad93-4bb6-8b70-c79194a7373e,14.0,258.0,3.0,,,889765200.0,4567123.0,,Young,Byron
Byron Young,LAR,2023,DE,0,LAR,16276,,40124.0,,2669623.0,74.0,Tennessee,17123.0,,cd7de1ce-ad93-4bb6-8b70-c79194a7373e,14.0,258.0,3.0,,,889765200.0,4875196.0,,Young,Byron
Byron Young,LAR,2023,DE,0,LAR,16276,,40124.0,,2669623.0,74.0,Tennessee,16758.0,,d606b6ee-de91-44cb-aebf-87f81daa14d2,14.0,258.0,3.0,,,889765200.0,4567123.0,,Young,Byron
Byron Young,LAR,2023,DE,0,LAR,16276,,40124.0,,2669623.0,74.0,Tennessee,16758.0,,d606b6ee-de91-44cb-aebf-87f81daa14d2,14.0,258.0,3.0,,,889765200.0,4875196.0,,Young,Byron
Byron Young,LAR,2023,DE,0,LAR,16276,,40124.0,,2669623.0,74.0,Tennessee,16758.0,,cd7de1ce-ad93-4bb6-8b70-c79194a7373e,14.0,258.0,3.0,,,889765200.0,4567123.0,,Young,Byron
Byron Young,LAR,2023,DE,0,LAR,16276,,40124.0,,2669623.0,74.0,Tennessee,16758.0,,cd7de1ce-ad93-4bb6-8b70-c79194a7373e,14.0,258.0,3.0,,,889765200.0,4875196.0,,Young,Byron
DJ Johnson,CAR,2023,DE,0,CAR,16277,,40092.0,,2864665.0,76.0,Oregon,16680.0,52.0,11feb266-14e8-488c-9f7e-f221eaa92df8,17.0,260.0,3.0,,,908946000.0,,,Johnson,DJ
YaYa Diaby,TBB,2023,DE,0,TBB,16278,,40107.0,,3164687.0,76.0,Louisville,17098.0,,62a727ba-8ffd-40bd-bad7-f49bf6a2edf7,19.0,270.0,3.0,,,928040400.0,,,Diaby,YaYa
Riley Moss,DEN,2023,CB,0,DEN,16279,,40112.0,,2979290.0,72.0,Iowa,17104.0,21.0,8f79eaa3-df62-4214-a497-1e13970e6b82,20.0,193.0,3.0,,,952059600.0,,,Moss,Riley
Daiyan Henley,LAC,2023,LB,0,LAC,16280,,40113.0,,2866310.0,73.0,Washington State,16948.0,,93f17bc5-55d5-441a-a29d-d419ed4725e7,22.0,225.0,3.0,,,942901200.0,4241597.0,,Henley,Daiyan
Ji'Ayir Brown,SFO,2023,S,0,SFO,16281,,40106.0,,3168790.0,71.0,Penn State,17199.0,27.0,626586f3-5706-443e-a272-c6d9e6239784,24.0,202.0,3.0,,,948776400.0,,,Brown,Ji'Ayir
Kobie Turner,LAR,2023,DT,0,LAR,16282,,40110.0,,2864982.0,74.0,Wake Forest,17157.0,91.0,86f8915e-a09a-4cdf-ad41-13d72d217269,26.0,297.0,3.0,,,925102800.0,,,Turner,Kobie
DeMarvion Overshown,DAL,2023,LB,0,DAL,16283,,40099.0,,2964705.0,74.0,Texas,16940.0,13.0,2df409f7-2d3a-4dc3-98aa-0b261594bb1f,27.0,220.0,3.0,,,966142800.0,,,Overshown,DeMarvion
Dorian Williams,BUF,2023,LB,0,BUF,16284,,40098.0,,3122709.0,74.0,Tulane,16951.0,42.0,2d51bf60-ea75-4142-a00a-8b152a91e59f,28.0,230.0,3.0,,,991976400.0,,,Williams,Dorian
Siaki Ika,CLE,2023,DT,0,FA,16285,,40104.0,,3122596.0,75.0,Baylor,16757.0,62.0,5a99d26a-0c11-4705-99de-8c4960d6fbc9,35.0,335.0,3.0,,,973573200.0,4426440.0,,Ika,Siaki
Jake Moody,SFO,2023,PK,0,SFO,16286,,40129.0,,2968527.0,73.0,Michigan,17133.0,4.0,e7a7eaea-0f77-42ab-b6a2-12ebcf51227c,36.0,210.0,3.0,,,943333200.0,,,Moody,Jake
Tre Tucker,LVR,2023,WR,0,LVR,16287,,40114.0,,3121848.0,69.0,Cincinnati,16694.0,11.0,9beb72c5-5a81-413c-ada3-ff4854c95cf4,37.0,185.0,3.0,,,984027600.0,,,Tucker,Tre
Mekhi Blackmon,MIN,2023,CB,0,MIN,16288,,40103.0,,2966542.0,71.0,USC,16813.0,5.0,4253e615-0bcd-4e9e-bf61-1f05a2bf2d4b,39.0,178.0,3.0,,,921733200.0,,,Blackmon,Mekhi
Jakorian Bennett,LVR,2023,CB,0,LVR,16289,,40148.0,,3163191.0,71.0,Maryland,17096.0,29.0,8197c5b4-ade0-47e4-81b3-f16aa47eab12,2.0,195.0,4.0,,,967006800.0,,,Bennett,Jakorian
Dylan Horton,HOU,2023,DE,0,HOU,16290,,40151.0,,2968939.0,76.0,TCU,16955.0,92.0,98002b7f-d453-4585-893c-ea52296bbc56,7.0,275.0,4.0,,,966834000.0,4374066.0,,Horton,Dylan
Adetomiwa Adebawore,IND,2023,DT,0,IND,16291,,40143.0,,3124706.0,74.0,Northwestern,16731.0,95.0,6ca4cb4d-c6ea-4a5e-875e-c32922c2fbe5,8.0,282.0,4.0,,,983682000.0,,,Adebawore,Adetomiwa
Chad Ryland,NEP,2023,PK,0,FA,16292,,40159.0,,2964074.0,72.0,Maryland,17107.0,37.0,c77efa70-0691-4a21-8064-a5880569b559,10.0,195.0,4.0,,,939963600.0,,,Ryland,Chad
Clark Phillips,ATL,2023,CB,0,ATL,16293,,40146.0,,3163424.0,69.0,Utah,16707.0,22.0,7553d094-7584-41bd-96f4-6b122a60c13b,11.0,184.0,4.0,,,1008738000.0,,,Phillips,Clark
Colby Wooden,GBP,2023,DT,0,GBP,16294,,40132.0,,3121177.0,76.0,Auburn,17180.0,96.0,1a7b6176-ef99-4566-a38c-14abe051b899,14.0,273.0,4.0,,,977374800.0,,,Wooden,Colby
Chamarri Conner,KCC,2023,S,0,KCC,16295,,40160.0,,2961936.0,72.0,Virginia Tech,16671.0,27.0,cc4627f1-1af2-4a3d-aa78-c5f905a8a43d,17.0,202.0,4.0,,,963291600.0,,,Conner,Chamarri
Ventrell Miller,JAC,2023,LB,0,JAC,16296,,40155.0,,2773016.0,72.0,Florida,16668.0,51.0,adcc651b-c635-4d09-a411-63452f8192fa,19.0,232.0,4.0,,,916376400.0,,,Miller,Ventrell
Cameron Young,SEA,2023,DT,0,SEA,16297,,40157.0,,2894007.0,75.0,Mississippi State,17124.0,93.0,c246a2cf-3db0-4c5a-b016-32a3f6e8cbaf,21.0,304.0,4.0,,,960440400.0,4362911.0,,Young,Cameron
Tavius Robinson,BAL,2023,DE,0,BAL,16298,,40135.0,,3168791.0,78.0,Ole Miss,17119.0,95.0,2d4593e4-b908-4b29-a88a-835d2566781f,22.0,262.0,4.0,,,915339600.0,,,Robinson,Tavius
Derius Davis,LAC,2023,WR,0,LAC,16299,,40133.0,,2966544.0,68.0,TCU,16939.0,12.0,21bf2521-3382-4e62-8249-a083435595b3,23.0,165.0,4.0,,,968648400.0,,,Davis,Derius
Isaiah McGuire,CLE,2023,DE,0,CLE,16300,,40150.0,,3122896.0,76.0,Missouri,17116.0,57.0,977590e8-97a0-4b2e-9f6c-c8d047d12f19,24.0,268.0,4.0,,,996210000.0,,,McGuire,Isaiah
Viliami Fehoko,DAL,2023,DT,0,FA,16301,,40140.0,,2963811.0,76.0,San Jose State,17153.0,93.0,5ce35506-7d1f-4795-92f5-834a1f5c5fe0,27.0,267.0,4.0,,,945320400.0,4374148.0,,Fehoko,Viliami
Tyler Lacy,JAC,2023,DT,0,JAC,16302,,40161.0,,2966296.0,76.0,Oklahoma State,16968.0,93.0,e21d11de-78f9-47a9-b69a-ae18207ab2c7,28.0,279.0,4.0,,,942210000.0,,,Lacy,Tyler
Nick Herbig,PIT,2023,DE,0,PIT,16303,,40139.0,,3162091.0,74.0,Wisconsin,16702.0,51.0,59b7b521-a0be-4ee5-8809-362601c2c80e,30.0,240.0,4.0,,,1006318800.0,4429164.0,,Herbig,Nick
Jay Ward,MIN,2023,S,0,MIN,16304,,40147.0,,3121423.0,73.0,LSU,16669.0,20.0,7d06db84-b31e-4b68-a6cc-93fb87763a7f,32.0,188.0,4.0,,,963464400.0,,,Ward,Jay
Yasir Abdullah,JAC,2023,LB,0,JAC,16305,,40183.0,,2966892.0,73.0,Louisville,16769.0,56.0,6eef8572-d9b4-4518-a759-19569e381e06,1.0,240.0,5.0,,,955515600.0,,,Abdullah,Yasir
K.J. Henry,WAS,2023,DE,0,CIN,16306,,40203.0,,2967420.0,76.0,Clemson,16833.0,55.0,f1dd548b-fcdf-4819-8c5e-6fff3d29a2f9,2.0,255.0,5.0,,,917413200.0,4360308.0,,Henry,K.J.
Darius Rush,IND,2023,CB,0,PIT,16307,,40170.0,,2962866.0,74.0,South Carolina,16960.0,21.0,254842eb-c5ad-4e57-8679-3df5a674a14e,3.0,198.0,5.0,,,951195600.0,,,Rush,Darius
Jaquelin Roy,MIN,2023,DT,0,FA,16308,,40192.0,,3163298.0,75.0,LSU,16749.0,93.0,bcaf5363-500d-4636-908a-1b0825af689e,6.0,305.0,5.0,,,972190800.0,4429034.0,,Roy,Jaquelin
Cameron Mitchell,CLE,2023,CB,0,CLE,16309,,40184.0,,3124730.0,71.0,Northwestern,17339.0,29.0,84b0681b-ce78-45ed-a529-b7063ccb6bb0,7.0,191.0,5.0,,,999925200.0,,,Mitchell,Cameron
Jammie Robinson,CAR,2023,S,0,CAR,16310,,40176.0,,3131712.0,71.0,Florida State,16815.0,22.0,406b6c6f-0172-482e-9ade-f38f5abb95f0,10.0,190.0,5.0,,,980312400.0,,,Robinson,Jammie
Jordan Howden,NOS,2023,S,0,NOS,16311,,40199.0,,2962415.0,72.0,Minnesota,17358.0,31.0,e33aa81a-83e9-411b-8265-f31da58a33b9,11.0,209.0,5.0,,,958280400.0,,,Howden,Jordan
Josh Whyle,TEN,2023,TE,0,TEN,16312,,40182.0,,2962513.0,79.0,Cincinnati,16866.0,81.0,601467c7-b593-472d-a147-b8e7bfdbe990,12.0,248.0,5.0,,,936766800.0,,,Whyle,Josh
Sean Clifford,GBP,2023,QB,0,FA,16313,,40173.0,,2868998.0,74.0,Penn State,17061.0,6.0,332b31ed-37a0-4172-acde-f7377c5bdff1,14.0,218.0,5.0,,,900392400.0,4259592.0,,Clifford,Sean
SirVocea Dennis,TBB,2023,LB,0,TBB,16314,,40194.0,,3126839.0,72.0,Pittsburgh,16737.0,8.0,c5a8f0e1-b5ff-4018-b4da-3676ac12207e,18.0,230.0,5.0,,,952578000.0,,,Dennis,SirVocea
Darrell Luter,SFO,2023,CB,0,SFO,16315,,40186.0,,,72.0,South Alabama,16962.0,28.0,8b45bbcf-b700-4db4-8382-163ddf2db169,20.0,190.0,5.0,,,956552400.0,,,Luter,Darrell
Kyu Blu Kelly,BAL,2023,CB,0,FA,16316,,40187.0,,3121173.0,72.0,Stanford,16958.0,36.0,9f7054ea-7f83-438d-bc5b-0372aac66de5,22.0,193.0,5.0,,,990507600.0,4427695.0,,Kelly,Kyu Blu
Daniel Scott,IND,2023,S,0,IND,16317,,40205.0,,2770168.0,73.0,California,17108.0,31.0,facf38e6-6cb0-4ce4-b1b8-992f388023ad,23.0,208.0,5.0,,,909378000.0,4242415.0,,Scott,Daniel
Nick Hampton,LAR,2023,LB,0,LAR,16318,,40179.0,,2966222.0,75.0,Appalachian State,16926.0,31.0,59e9c19c-c6f6-4f53-b231-d76134ba8fb6,26.0,247.0,5.0,,,954910800.0,,,Hampton,Nick
Terell Smith,CHI,2023,CB,0,CHI,16319,,40175.0,,2963908.0,72.0,Minnesota,17341.0,32.0,3c6085b1-7c02-498e-b587-1ff13c0ac27b,30.0,207.0,5.0,,,933051600.0,,,Smith,Terell
BJ Thompson,KCC,2023,DE,0,KCC,16320,,40190.0,,2868622.0,78.0,Stephen F. Austin,17161.0,53.0,b6d87372-98ca-4db0-81ec-86d44b21b32d,31.0,243.0,5.0,,,859093200.0,4691084.0,,Thompson,BJ
Christopher Smith,LVR,2023,S,0,LVR,16321,,40178.0,,2975755.0,71.0,Georgia,16782.0,29.0,54761d2a-cdb4-434f-a17e-427e3a1fc951,35.0,195.0,5.0,,,957157200.0,4379413.0,,Smith,Christopher
Robert Beal,SFO,2023,DE,0,SFO,16322,,40181.0,,2871726.0,76.0,Georgia,16781.0,51.0,5d64ba96-04f6-41ee-8620-ed251f16485c,38.0,250.0,5.0,,,934952400.0,,,Beal,Robert
Eric Scott,DAL,2023,CB,0,KCC,16323,,40217.0,,2865663.0,72.0,Southern Miss,17408.0,37.0,8385d8de-c682-4970-b657-13fd197d20db,1.0,197.0,6.0,,,902466000.0,4248032.0,,Scott,Eric
Karl Brooks,GBP,2023,DT,0,GBP,16324,,40238.0,,2968935.0,75.0,Bowling Green,16921.0,94.0,c76a4bef-3d1f-4326-82bd-81065b5cfb10,2.0,296.0,6.0,,,957762000.0,,,Brooks,Karl
Kei'Trel Clark,ARI,2023,CB,0,ARI,16325,,40229.0,,3126351.0,70.0,Louisville,16695.0,13.0,a7140ce9-4841-4f7f-9bda-5dcd75899eec,3.0,181.0,6.0,,,984978000.0,,,Clark,Kei'Trel
Josh Hayes,TBB,2023,CB,0,TBB,16326,,40221.0,,2869772.0,72.0,Kansas State,17409.0,32.0,95242131-623b-41d0-8898-9d6f71da56f7,4.0,190.0,6.0,,,924930000.0,,,Hayes,Josh
Tre Tomlinson,LAR,2023,CB,0,LAR,16327,,40237.0,,3122338.0,69.0,TCU,16891.0,6.0,c63b4450-d4cf-4edd-8b53-516cf001f17a,5.0,177.0,6.0,,,947480400.0,,,Tomlinson,Tre
Zaire Barnes,NYJ,2023,LB,0,NYJ,16328,,40233.0,,2961652.0,73.0,Western Michigan,17303.0,53.0,ba2d2783-654f-4621-9160-06ebb4bafd77,7.0,227.0,6.0,,,936334800.0,4362234.0,,Barnes,Zaire
Ochaun Mathis,LAR,2023,DE,0,FA,16329,,40241.0,,2961790.0,77.0,Nebraska,16699.0,32.0,f333e5c7-0cab-4876-9f37-0e70a3175d04,12.0,260.0,6.0,,,915858000.0,4362486.0,,Mathis,Ochaun
Bryce Baringer,NEP,2023,PN,0,NEP,16330,,40209.0,,,74.0,Michigan State,17095.0,17.0,2b18e3fd-9765-4644-9fc8-2f316ceda6d5,15.0,215.0,6.0,,,925102800.0,,,Baringer,Bryce
Keondre Coburn,KCC,2023,DT,0,TEN,16331,,40245.0,,2961252.0,74.0,Texas,17158.0,91.0,fd8d31e8-2fab-4813-92b4-939709231b41,17.0,332.0,6.0,,,959058000.0,,,Coburn,Keondre
Jose Ramirez,TBB,2023,DE,0,TBB,16332,,40215.0,,3121684.0,74.0,Eastern Michigan,17160.0,33.0,7b582d77-4357-48db-973c-3b92e57272cb,19.0,252.0,6.0,,,926226000.0,,,Ramirez,Jose
Elijah Higgins,MIA,2023,TE,0,ARI,16333,,40226.0,,3122914.0,75.0,Stanford,16959.0,84.0,a01b7698-d67f-4b60-b2fb-4c667336b718,20.0,235.0,6.0,,,972622800.0,,,Higgins,Elijah
Jerrick Reed,SEA,2023,S,0,SEA,16334,,40239.0,,3121983.0,69.0,New Mexico,17347.0,32.0,d492db9f-35b8-45e9-9e32-acd5dd7d1f42,21.0,196.0,6.0,,,965624400.0,4570084.0,,Reed,Jerrick
Scott Matlock,LAC,2023,DT,0,LAC,16335,,40225.0,,2969142.0,76.0,Boise State,16767.0,99.0,9cedc261-40ff-4fe3-80e1-e128dcceede0,23.0,296.0,6.0,,,962168400.0,,,Matlock,Scott
Christian Braswell,JAC,2023,CB,0,FA,16336,,40208.0,,2869360.0,71.0,Rutgers,17410.0,21.0,17093231-3e82-42fb-bec7-75160d097538,25.0,185.0,6.0,,,938408400.0,4257580.0,,Braswell,Christian
Amari Burney,LVR,2023,LB,0,LVR,16337,,40235.0,,2964513.0,74.0,Florida,17169.0,56.0,c310e54b-06b0-4940-b75b-d06a7dfe351e,26.0,228.0,6.0,,,960786000.0,,,Burney,Amari
Jarrick Bernard-Converse,NYJ,2023,CB,0,NYJ,16338,,40236.0,,2963853.0,73.0,LSU,16854.0,29.0,c506285e-abfb-4503-b981-20aaa0bf49a0,27.0,205.0,6.0,,,956984400.0,,,Bernard-Converse,Jarrick
Anders Carlson,GBP,2023,PK,0,FA,16339,,40214.0,,2866578.0,77.0,Auburn,17165.0,17.0,5a6ae290-675d-401a-aaee-140a272cf061,30.0,219.0,6.0,,,897973200.0,4242519.0,,Carlson,Anders
Tre Hawkins,NYG,2023,CB,0,NYG,16341,,40228.0,,3164089.0,75.0,Old Dominion,17364.0,37.0,a700ea66-61d3-4ca3-bdd5-c537fb2d6ff6,32.0,195.0,6.0,,,965106000.0,4686553.0,,Hawkins,Tre
Demario Douglas,NEP,2023,WR,0,NEP,16342,,40222.0,,3126241.0,68.0,Liberty,16751.0,3.0,962496d4-9ffa-471b-8dd2-fc5e60fee84b,33.0,192.0,6.0,,,976251600.0,,,Douglas,Demario
Titus Leo,IND,2023,DE,0,FA,16343,,40219.0,,2961202.0,75.0,Wagner,17290.0,91.0,8acaa329-206b-4d5a-9a4f-c4b1ecef54a7,34.0,245.0,6.0,,,935643600.0,4368468.0,,Leo,Titus
Dante Stills,ARI,2023,DT,0,ARI,16344,,40244.0,,2965054.0,76.0,West Virginia,17154.0,55.0,f9a8db9d-9a13-485c-abf0-b5a48e1ff808,36.0,286.0,6.0,,,945147600.0,,,Stills,Dante
Ameer Speed,NEP,2023,CB,0,FA,16345,,40206.0,,2871678.0,75.0,Michigan State,17367.0,37.0,00c33918-f3b1-4993-ba67-ec0db11ea349,37.0,215.0,6.0,,,939618000.0,4259546.0,,Speed,Ameer
Dee Winters,SFO,2023,LB,0,SFO,16346,,40227.0,,3120873.0,71.0,TCU,16938.0,53.0,a362249b-336e-48d3-a6ee-02de7274b4e6,39.0,227.0,6.0,,,971758800.0,,,Winters,Dee
Brad Robbins,CIN,2023,PN,0,CIN,16347,,40213.0,,2878168.0,73.0,Michigan,17372.0,10.0,587516b7-99e6-4727-acbc-98d741267d99,40.0,205.0,6.0,,,907650000.0,4258197.0,,Robbins,Brad
Antoine Green,DET,2023,WR,0,DET,16349,,40281.0,,2962502.0,74.0,North Carolina,17128.0,18.0,f1217707-a26f-405b-9e3d-680df3055743,2.0,199.0,7.0,,,942642000.0,4373266.0,,Green,Antoine
Jaylon Jones,IND,2023,CB,0,IND,16350,,34367.0,,3163053.0,74.0,Texas A&M,16423.0,40.0,d2e097f0-ce07-11ec-9598-03840dd5f387,4.0,203.0,7.0,,,1017810000.0,,,Jones,Jaylon
Jaylon Jones,IND,2023,CB,0,IND,16350,,34367.0,,3163053.0,74.0,Texas A&M,16423.0,40.0,6f9135a9-2761-4b13-8651-56b536f0f22f,4.0,203.0,7.0,,,1017810000.0,,,Jones,Jaylon
Jaylon Jones,IND,2023,CB,0,IND,16350,,34367.0,,3163053.0,74.0,Texas A&M,16916.0,40.0,d2e097f0-ce07-11ec-9598-03840dd5f387,4.0,203.0,7.0,,,1017810000.0,,,Jones,Jaylon
Jaylon Jones,IND,2023,CB,0,IND,16350,,34367.0,,3163053.0,74.0,Texas A&M,16916.0,40.0,6f9135a9-2761-4b13-8651-56b536f0f22f,4.0,203.0,7.0,,,1017810000.0,,,Jones,Jaylon
Jaylon Jones,IND,2023,CB,0,IND,16350,,40258.0,,3163053.0,74.0,Texas A&M,16423.0,40.0,d2e097f0-ce07-11ec-9598-03840dd5f387,4.0,203.0,7.0,,,1017810000.0,,,Jones,Jaylon
Jaylon Jones,IND,2023,CB,0,IND,16350,,40258.0,,3163053.0,74.0,Texas A&M,16423.0,40.0,6f9135a9-2761-4b13-8651-56b536f0f22f,4.0,203.0,7.0,,,1017810000.0,,,Jones,Jaylon
Jaylon Jones,IND,2023,CB,0,IND,16350,,40258.0,,3163053.0,74.0,Texas A&M,16916.0,40.0,d2e097f0-ce07-11ec-9598-03840dd5f387,4.0,203.0,7.0,,,1017810000.0,,,Jones,Jaylon
Jaylon Jones,IND,2023,CB,0,IND,16350,,40258.0,,3163053.0,74.0,Texas A&M,16916.0,40.0,6f9135a9-2761-4b13-8651-56b536f0f22f,4.0,203.0,7.0,,,1017810000.0,,,Jones,Jaylon
Ethan Evans,LAR,2023,PN,0,LAR,16351,,40266.0,,,75.0,Wingate,17134.0,42.0,9658e019-e021-42a0-8285-b5aea6e48090,6.0,250.0,7.0,,,995518800.0,,,Evans,Ethan
DeMarcco Hellams,ATL,2023,S,0,ATL,16352,,40278.0,,3122424.0,73.0,Alabama,16930.0,23.0,b9fbbcf2-35cb-4de4-9622-16630b51c792,7.0,203.0,7.0,,,960181200.0,,,Hellams,DeMarcco
Colton Dowell,TEN,2023,WR,0,TEN,16354,,40263.0,,2828751.0,75.0,Tennessee-Martin,17413.0,14.0,7939f84a-bb43-43d3-83e2-ce2fa4ca829d,11.0,212.0,7.0,,,924498000.0,4250945.0,,Dowell,Colton
Nesta Jade Silvera,LVR,2023,DT,0,LVR,16355,,40280.0,,2964383.0,74.0,Arizona State,16925.0,99.0,c91e7457-3378-40ac-a07d-30caefe59ea4,14.0,315.0,7.0,,,948603600.0,,,Silvera,Nesta Jade
Carrington Valentine,GBP,2023,CB,0,GBP,16356,,40274.0,,3172313.0,72.0,Kentucky,16721.0,37.0,b341ea01-741c-4ea8-8d4f-75ae79359d18,15.0,189.0,7.0,,,1000011600.0,,,Valentine,Carrington
Andre Jones,WAS,2023,DE,0,FA,16357,,40247.0,,2819872.0,77.0,Louisiana,17178.0,50.0,0c816f95-6a50-4c77-b768-dc277f51a88f,16.0,258.0,7.0,,,909291600.0,4249214.0,,Jones,Andre
Jason Taylor,LAR,2023,S,0,FA,16358,,40287.0,,2965985.0,72.0,Oklahoma State,17366.0,25.0,ff40b8e3-27e8-46f9-b6c2-43de3596cd21,17.0,205.0,7.0,,,946530000.0,4361835.0,,Taylor,Jason
Lew Nichols,GBP,2023,RB,0,FA,16359,,40260.0,,3121706.0,70.0,Central Michigan,16701.0,38.0,72e4032d-8d7b-484f-95a2-a73fbb2c67f4,18.0,220.0,7.0,,,997938000.0,4428119.0,,Nichols,Lew
Cory Trice,PIT,2023,CB,0,PIT,16361,,40256.0,,2968502.0,75.0,Purdue,16718.0,27.0,668cf263-300b-4ec1-a221-e4756daf892a,24.0,206.0,7.0,,,959662800.0,,,Trice,Cory
Anthony Johnson,GBP,2023,S,0,NYG,16362,,40282.0,,2866594.0,72.0,Iowa State,17429.0,36.0,f7bc36e8-7fb8-4d91-8216-f6a3a669f069,25.0,205.0,7.0,,,944110800.0,4361748.0,,Johnson,Anthony
Jordon Riley,NYG,2023,DT,0,NYG,16363,,40269.0,,2804083.0,77.0,Oregon,17414.0,95.0,a1c5aca4-a0ba-4438-9101-7f85d3af488a,26.0,315.0,7.0,,,895554000.0,,,Riley,Jordon
Jalen Brooks,DAL,2023,WR,0,DAL,16364,,40257.0,,3165078.0,74.0,South Carolina,17185.0,83.0,66f7bbe1-eb89-4b48-83db-d947b04ff1fd,27.0,205.0,7.0,,,957675600.0,,,Brooks,Jalen
DJ Ivey,CIN,2023,CB,0,CIN,16366,,40259.0,,2963147.0,73.0,Miami (FL),16672.0,38.0,7013d432-1327-40af-81a9-28711c648d79,29.0,192.0,7.0,,,951454800.0,4362502.0,,Ivey,DJ
Brayden Willis,SFO,2023,TE,0,FA,16367,,40261.0,,2963088.0,76.0,Oklahoma,17010.0,9.0,733cc366-53e3-4703-a2fc-2aa860272cf3,30.0,240.0,7.0,,,942296400.0,4360290.0,,Willis,Brayden
Brandon Hill,HOU,2023,S,0,HOU,16368,,40249.0,,3126862.0,71.0,Pittsburgh,17363.0,36.0,2be4f414-9baa-4ccd-9a52-444c3e4b6738,31.0,195.0,7.0,,,968216400.0,,,Hill,Brandon
Moro Ojomo,PHI,2023,DT,0,PHI,16369,,40246.0,,2961519.0,75.0,Texas,16853.0,97.0,01f15239-cd2c-4bd7-be5d-5ba7eed41331,32.0,292.0,7.0,,,997851600.0,,,Ojomo,Moro
Nic Jones,KCC,2023,CB,0,FA,16370,,40284.0,,3128045.0,72.0,Ball State,17345.0,31.0,fd133ca5-a014-4f5d-9e2f-14882da45cc2,33.0,189.0,7.0,,,1003122000.0,4427636.0,,Jones,Nic
Alex Austin,BUF,2023,CB,0,NEP,16371,,40286.0,,3129287.0,73.0,Oregon State,17092.0,28.0,ff3d59bd-8cdc-44e1-812e-b576d5d57838,35.0,191.0,7.0,,,990507600.0,,,Austin,Alex
Gervarrius Owens,NYG,2023,S,0,FA,16372,,40277.0,,2866928.0,72.0,Houston,17361.0,39.0,b9b3e414-dfc4-41f4-8ebb-0924c7d8434c,37.0,200.0,7.0,,,939877200.0,4567482.0,,Owens,Gervarrius
Jalen Graham,SFO,2023,LB,0,FA,16373,,40265.0,,3121269.0,75.0,Purdue,17172.0,50.0,88f0ff15-15d5-42e7-be1c-f6c254d945e6,38.0,220.0,7.0,,,979189200.0,,,Graham,Jalen
Grant Dubose,GBP,2023,WR,0,MIA,16374,,40251.0,,2672034.0,74.0,Charlotte,16852.0,86.0,3b590cad-60c1-471d-a54a-d593a676afa9,39.0,201.0,7.0,,,993013200.0,4879650.0,,Dubose,Grant
Kendall Williamson,CHI,2023,S,0,FA,16375,,40248.0,,2965075.0,72.0,Stanford,17415.0,36.0,1fc883fc-46f4-403d-aff6-7d6018d7a718,41.0,203.0,7.0,,,967093200.0,,,Williamson,Kendall
Desjuan Johnson,LAR,2023,DT,0,LAR,16376,,40270.0,,2960956.0,75.0,Toledo,17279.0,94.0,a344e6d1-86a1-4ec6-b734-7a0a0f706206,42.0,285.0,7.0,,,936334800.0,,,Johnson,Desjuan
Bryce Ford-Wheaton,FA,2023,WR,0,NYG,16379,,40529.0,,,75.0,West Virginia,16743.0,6.0,eb139db0-eb91-11ed-bf4f-cdefdf74a897,,220.0,,,,952578000.0,,,Ford-Wheaton,Bryce
Deneric Prince,FA,2023,RB,0,FA,16380,,40570.0,,2964540.0,72.0,Tulsa,17126.0,34.0,28f98460-ec3b-11ed-aeaf-cb0dc6206dc5,,216.0,,,,955429200.0,4372526.0,,Prince,Deneric
Isaiah Winstead,FA,2023,WR,0,FA,16382,,40466.0,,2835033.0,76.0,East Carolina,17494.0,31.0,23cd4b70-ea0b-11ed-9937-afc55efa97bf,,213.0,,,,934174800.0,4247942.0,,Winstead,Isaiah
Ivan Pace,FA,2023,LB,0,MIN,16383,,40301.0,,,70.0,Cincinnati,16804.0,40.0,f5ec3c90-e760-11ed-9f3f-47cc372ca3c1,,231.0,,,,976942800.0,,,Pace,Ivan
Tyson Bagent,FA,2023,QB,0,CHI,16384,,40504.0,,,75.0,Shepherd (WV),16946.0,17.0,9bdeb910-ead2-11ed-999e-03b49558b5db,,213.0,,,,960440400.0,,,Bagent,Tyson
Emari Demercado,FA,2023,RB,0,ARI,16385,,40430.0,,,69.0,TCU,17091.0,31.0,44b4cbf0-e8fe-11ed-bc6e-a5c4d3ccbdd1,,215.0,,,,916808400.0,,,Demercado,Emari
Xazavian Valladay,FA,2023,RB,0,FA,16386,,40721.0,,2867484.0,72.0,Arizona State,16789.0,35.0,108ce360-f32d-11ed-a71f-ed490fe44e0d,,198.0,,,,899442000.0,4240350.0,,Valladay,Xazavian
Chris Brooks,FA,2023,RB,0,FA,16387,,40625.0,,2962350.0,73.0,BYU,16741.0,35.0,35a0d440-f017-11ed-bedb-53f19b227cc3,,226.0,,,,947566800.0,3149687.0,,Brooks,Chris
David Durden,FA,2023,WR,0,FA,16389,,40773.0,,2836832.0,74.0,West Florida,17219.0,85.0,2b6c0b90-f66e-11ed-823b-d335e7ef7897,,200.0,,,,914648400.0,4370374.0,,Durden,David
Jaleel McLaughlin,FA,2023,RB,0,DEN,16390,,40696.0,,,67.0,Youngstown State,17319.0,38.0,60b4ded0-f321-11ed-ab27-e38fa04fd6c0,,187.0,,,,968821200.0,,,McLaughlin,Jaleel
Hunter Luepke,FA,2023,RB,0,DAL,16391,,40780.0,,,73.0,North Dakota State,17000.0,40.0,58f425d0-f677-11ed-978f-0975e9cb7dba,,238.0,,,,951714000.0,,,Luepke,Hunter
Alfonzo Graham,FA,2023,RB,0,FA,16392,,40734.0,,,69.0,Morgan State,17620.0,,076a8750-f33d-11ed-b86a-1f6449c76e1d,,195.0,,,,,,,Graham,Alfonzo
Jake Bobo,FA,2023,WR,0,SEA,16393,,40452.0,,,76.0,UCLA,17040.0,19.0,7d80dd50-e9f5-11ed-9c34-3f26f2e7ed88,,207.0,,,,902206800.0,,,Bobo,Jake
Jalen Cropper,FA,2023,WR,0,DAL,16395,,40774.0,,3122722.0,72.0,Fresno State,16730.0,16.0,d67c1e40-f66d-11ed-823b-d335e7ef7897,,172.0,,,,988866000.0,4426990.0,,Cropper,Jalen
Hassan Hall,FA,2023,RB,0,FA,16396,,40507.0,,2960978.0,70.0,Georgia Tech,17244.0,30.0,25c29aa0-eaee-11ed-9987-f5ca5f2343d6,,196.0,,,,967438800.0,4360805.0,,Hall,Hassan
Matt Landers,FA,2023,WR,0,FA,16399,,40458.0,,2871748.0,76.0,Arkansas,16907.0,17.0,030f6f80-ea06-11ed-8d34-41182339b277,,200.0,,,,929509200.0,4259550.0,,Landers,Matt
Jacob Copeland,FA,2023,WR,0,FA,16401,,40710.0,,2964883.0,72.0,Maryland,16655.0,89.0,40ea7f10-f326-11ed-b6ef-35c2a90a231a,,202.0,,,,932446800.0,4360233.0,,Copeland,Jacob
SaRodorick Thompson,FA,2023,RB,0,FA,16402,,40345.0,,2966205.0,72.0,Texas Tech,17052.0,29.0,bb6fb930-e773-11ed-b584-ffd9bed092a6,,215.0,,,,938754000.0,4362162.0,,Thompson,SaRodorick
Mitchell Tinsley,FA,2023,WR,0,FA,16403,,40313.0,,3162481.0,73.0,Penn State,16834.0,18.0,0ac39560-e760-11ed-ad1e-4d786886cff5,,205.0,,,,937371600.0,4690070.0,,Tinsley,Mitchell
John Parker Romo,FA,2022,PK,0,FA,16405,,34657.0,,,71.0,Virginia Tech,16559.0,96.0,80f1ebc0-cc9e-11ec-952e-a10f2c98fc4d,,175.0,,,,872658000.0,4051167.0,,Romo,John Parker
Elijah Dotson,FA,2023,RB,0,FA,16409,,40358.0,,,69.0,Northern Colorado,17424.0,42.0,1df86850-e78c-11ed-8c85-33e7cdbd0a45,,202.0,,,,916722000.0,,,Dotson,Elijah
Tanner Brown,FA,2023,PK,0,FA,16410,,40376.0,,,72.0,Oklahoma State,17378.0,49.0,c0323320-e84b-11ed-91d9-49980de29a21,,187.0,,,,946357200.0,4696736.0,,Brown,Tanner
Nathan Rourke,FA,2023,QB,0,FA,16412,,40016.0,,2818390.0,73.0,Ohio,14646.0,16.0,0c335820-9505-11ed-b971-3962699b1229,,210.0,,,,895986000.0,4244688.0,,Rourke,Nathan
Malik Heath,FA,2023,WR,0,GBP,16413,,40445.0,,,74.0,Ole Miss,17184.0,18.0,c0fccfb0-e907-11ed-8194-c7505aa5766b,,213.0,,,,952059600.0,,,Heath,Malik
Brandon Aubrey,FA,2023,PK,0,DAL,16414,,40819.0,,,75.0,Notre Dame,17649.0,17.0,110e6fe0-1c34-11ee-8294-af17faac15de,,218.0,,,,795157200.0,,,Aubrey,Brandon
Xavier Gipson,FA,2023,WR,0,NYJ,16416,,40548.0,,,69.0,Stephen F. Austin,17045.0,82.0,840a7940-ebaa-11ed-a11b-41cbcb1c4445,,189.0,,,,984027600.0,,,Gipson,Xavier
Isaiah Land,FA,2023,DE,0,IND,16418,,40779.0,,2987773.0,76.0,Florida A&M,17115.0,55.0,8e662280-f678-11ed-a5ca-c79bcc7fcf23,,235.0,,,,949726800.0,4574551.0,,Land,Isaiah
Nikko Remigio,FA,2023,WR,0,FA,16422,,40571.0,,,69.0,Fresno State,16744.0,81.0,52b850b0-ec3b-11ed-aeaf-cb0dc6206dc5,,187.0,,,,941691600.0,4372716.0,,Remigio,Nikko
Jason Brownlee,FA,2023,WR,0,FA,16423,,40545.0,,3170352.0,75.0,Southern Miss,17182.0,16.0,f286b160-eba8-11ed-87ba-cb97497fad29,,202.0,,,,917672400.0,4689988.0,,Brownlee,Jason
Jordan Mims,FA,2023,RB,0,NOS,16424,,40631.0,,,72.0,Fresno State,17125.0,33.0,6d91ccf0-f013-11ed-88ef-07b7f7d6320c,,205.0,,,,926830800.0,,,Mims,Jordan
Julian Hill,FA,2023,TE,0,MIA,16425,,40629.0,,,76.0,Campbell,17335.0,89.0,516da3c0-f016-11ed-a518-572ef5cb73b6,,251.0,,,,963118800.0,,,Hill,Julian
Xavier Smith,FA,2023,WR,0,FA,16428,,40399.0,,,69.0,Florida A&M,17467.0,19.0,98b88de0-e8e5-11ed-ad77-290d92d9e505,,176.0,,,,874818000.0,4386544.0,,Smith,Xavier
Dylan Drummond,FA,2023,WR,0,FA,16429,,40737.0,,,72.0,Eastern Michigan,17626.0,15.0,e34c6990-f35c-11ed-ac5f-715e78829103,,186.0,,,,948085200.0,4363551.0,,Drummond,Dylan
Jaray Jenkins,FA,2023,WR,0,FA,16430,,40367.0,,,74.0,LSU,17183.0,21.0,18fbc740-e843-11ed-912f-591f853152ed,,206.0,,,,946962000.0,4362650.0,,Jenkins,Jaray
D'Shawn Jamison,FA,2023,CB,0,FA,16431,,40404.0,,,69.0,Texas,17356.0,29.0,0cebc0e0-e8f2-11ed-9f33-c9e34717cc92,,186.0,,,,928472400.0,4362082.0,,Jamison,D'Shawn
Emanuel Wilson,FA,2023,RB,0,GBP,16432,,40707.0,,,70.0,Fort Valley State,17593.0,31.0,05266280-f323-11ed-bd27-0bcbcaae8d67,,226.0,,,,926139600.0,,,Wilson,Emanuel
John Stephens Jr.,FA,2023,TE,0,DAL,16433,,40782.0,,,77.0,Louisiana,17588.0,81.0,6ee21b90-f672-11ed-84b9-4745dec76369,,221.0,,,,938062800.0,,,Stephens Jr.,John
Jack Podlesny,FA,2023,PK,0,FA,16434,,40307.0,,,72.0,Georgia,16780.0,16.0,81d1aec0-e761-11ed-9207-cdc32ee5cc07,,195.0,,,,953182800.0,4379410.0,,Podlesny,Jack
Cole Fotheringham,FA,2022,TE,0,FA,16435,,34543.0,,2240503.0,76.0,Utah,16556.0,85.0,320bc720-d3a5-11ec-96a0-c3471a31202c,,243.0,,,,876546000.0,4361008.0,,Fotheringham,Cole
Anfernee Orji,FA,2023,LB,0,NOS,16436,,40340.0,,,74.0,Vanderbilt,17168.0,58.0,56688bd0-e777-11ed-ba5f-bf6902a39571,,230.0,,,,970808400.0,,,Orji,Anfernee
Chase Cota,FA,2023,WR,0,FA,16437,,40590.0,,,76.0,Oregon,17333.0,21.0,b576e8a0-ec6e-11ed-9a2f-af1869690b4f,,200.0,,,,942123600.0,,,Cota,Chase
Ellis Merriweather,FA,2023,RB,0,GBP,16438,,40748.0,,3161644.0,73.0,UMass,16987.0,38.0,76fbc960-f371-11ed-897f-a16099977b1f,,220.0,,,,923461200.0,4685016.0,,Merriweather,Ellis
Mohamoud Diabate,FA,2023,LB,0,CLE,16439,,40598.0,,3121154.0,76.0,Utah,16837.0,43.0,664d2020-ec76-11ed-b1d3-55b3fe623f86,,225.0,,,,990162000.0,4567403.0,,Diabate,Mohamoud
Caleb Murphy,FA,2023,LB,0,TEN,16440,,40330.0,,,75.0,Ferris State,17159.0,42.0,7debd720-e763-11ed-8199-d58dac5a4f8e,,254.0,,,,945234000.0,,,Murphy,Caleb
Tommy DeVito,FA,2023,QB,0,NYG,16441,,40533.0,,,74.0,Illinois,16797.0,15.0,a1ae8db0-eb91-11ed-a4cb-cd397e2b413c,,210.0,,,,902466000.0,,,DeVito,Tommy
Daniel Arias,FA,2023,WR,0,FA,16442,,40432.0,,2966863.0,75.0,Colorado,17234.0,38.0,86ff1f70-e8fd-11ed-a8d2-1345be16ddc4,,216.0,,,,904712400.0,4360644.0,,Arias,Daniel
Patrick O'Connell,FA,2023,LB,0,FA,16443,,40468.0,,,73.0,Montana,17604.0,50.0,0097ded0-ea11-11ed-8d34-41182339b277,,227.0,,,,915080400.0,4364623.0,,O'Connell,Patrick
Blake Grupe,FA,2023,PK,0,NOS,16444,,40296.0,,,67.0,Notre Dame,17595.0,19.0,2a1d4ce0-e6f6-11ed-abca-c7a3a205e21d,,156.0,,,,910242000.0,,,Grupe,Blake
Markees Watts,FA,2023,DE,0,TBB,16446,,40691.0,,,73.0,Charlotte,17621.0,58.0,2d820de0-f28a-11ed-99b9-1501ccdc8e32,,240.0,,,,944542800.0,,,Watts,Markees
Travis Vokolek,FA,2023,TE,0,ARI,16447,,40643.0,,,78.0,Nebraska,16746.0,81.0,1d1eb430-f01e-11ed-97df-a94b89ac5704,,260.0,,,,896936400.0,,,Vokolek,Travis
Trey Dean,FA,2023,S,0,FA,16448,,40543.0,,,74.0,Florida,17357.0,42.0,db902210-eba9-11ed-91b3-7dd28cd7975d,,201.0,,,,951800400.0,,,Dean,Trey
Eric Garror,FA,2023,CB,0,FA,16449,,40739.0,,,68.0,Louisiana,17624.0,25.0,bd247b70-f363-11ed-a5b1-b5a9126d7fdb,,174.0,,,,954478800.0,,,Garror,Eric
Drake Thomas,FA,2023,LB,0,SEA,16450,,40730.0,,3123330.0,71.0,North Carolina State,17304.0,42.0,55023e20-f335-11ed-a768-e94cb2c005ac,,228.0,,,,951454800.0,4428659.0,,Thomas,Drake
Tyrell Shavers,FA,2023,WR,0,FA,16451,,40630.0,,,76.0,San Diego State,17555.0,80.0,07eb12f0-f011-11ed-ac82-d7e41925e5ba,,211.0,,,,934952400.0,4241476.0,,Shavers,Tyrell
Daniel Whelan,FA,2022,PN,0,GBP,16452,,40767.0,,,77.0,UC Davis,16598.0,19.0,cd141ff0-cc9e-11ec-952e-a10f2c98fc4d,,216.0,,,,918622800.0,,,Whelan,Daniel
Elijah Cooks,FA,2023,WR,0,FA,16453,,40374.0,,,76.0,San Jose State,17062.0,14.0,c2cce6c0-e841-11ed-9d79-63f6ad42423a,,215.0,,,,908254800.0,4241588.0,,Cooks,Elijah
Eli Ricks,FA,2023,CB,0,PHI,16454,,40511.0,,,74.0,Alabama,16818.0,23.0,93fb0a30-eb74-11ed-aecd-85bc826ed43e,,188.0,,,,1001480400.0,,,Ricks,Eli
Brenton Cox,FA,2023,DE,0,GBP,16455,,40439.0,,2961848.0,76.0,Florida,17179.0,57.0,207784e0-e907-11ed-b8d0-4360e868e2f2,,250.0,,,,949208400.0,4361776.0,,Cox,Brenton
Kearis Jackson,FA,2023,WR,0,FA,16456,,40326.0,,,71.0,Georgia,16906.0,5.0,b2a691c0-e764-11ed-8199-d58dac5a4f8e,,196.0,,,,944715600.0,4361778.0,,Jackson,Kearis
Christian Izien,FA,2023,CB,0,TBB,16457,,40681.0,,,70.0,Rutgers,17355.0,29.0,6ccf5140-f1c9-11ed-a984-a58c04943ad8,,200.0,,,,960440400.0,,,Izien,Christian
Lou Hedley,FA,2023,PN,0,FA,16458,,40339.0,,,76.0,Miami (FL),17377.0,15.0,2edd36c0-e776-11ed-b705-09be74b8ac47,,220.0,,,,741070800.0,,,Hedley,Lou
Otis Reese,FA,2023,LB,0,TEN,16459,,40708.0,,,75.0,Ole Miss,17576.0,41.0,2bc33c10-f328-11ed-a97e-839e2e845bee,,214.0,,,,899355600.0,,,Reese,Otis
Ronnie Hickman,FA,2023,S,0,CLE,16460,,40597.0,,,73.0,Ohio State,17100.0,33.0,3e601120-ec77-11ed-b8b6-ffd66a389c6b,,209.0,,,,1002776400.0,,,Hickman,Ronnie
Nephi Sewell,FA,2022,LB,0,NOS,16461,,34716.0,,2804744.0,72.0,Utah,16196.0,45.0,3f84c3c0-cc9d-11ec-952e-a10f2c98fc4d,,228.0,,,,914043600.0,4241611.0,,Sewell,Nephi
Ty Zentner,FA,2023,PN,0,FA,16462,,40516.0,,,74.0,Kansas State,17393.0,17.0,662c1760-eb75-11ed-aecd-85bc826ed43e,,199.0,,,,897195600.0,4569130.0,,Zentner,Ty
Kaevon Merriweather,FA,2023,S,0,TBB,16463,,40684.0,,,72.0,Iowa,17103.0,26.0,c6258640-f1c6-11ed-903f-d10940de56e7,,212.0,,,,945666000.0,,,Merriweather,Kaevon
NaJee Thompson,FA,2023,CB,0,MIN,16465,,40328.0,,2962898.0,71.0,Georgia Southern,17434.0,36.0,783628e0-e762-11ed-afc7-73bcf46e1331,,205.0,,,,962946000.0,4361382.0,,Thompson,NaJee
Mike Greene,FA,2022,DT,0,TBB,16466,,34643.0,,2816326.0,75.0,James Madison,16610.0,91.0,8a5ec760-d52b-11ec-b52d-e7a911758389,,293.0,,,,925707600.0,4249596.0,,Greene,Mike
Anthony Kendall,FA,2023,CB,0,FA,16467,,40711.0,,,70.0,Baldwin Wallace,17574.0,40.0,a02978e0-f327-11ed-8969-c3ee6357abaf,,188.0,,,,945406800.0,5143279.0,,Kendall,Anthony
Zach VanValkenburg,FA,2022,LB,0,FA,16468,,34561.0,,,76.0,Iowa,16261.0,51.0,37258380-d3a6-11ec-96a0-c3471a31202c,,259.0,,,,887691600.0,4569479.0,,VanValkenburg,Zach
Juanyeh Thomas,FA,2022,S,0,DAL,16472,,34595.0,,,75.0,Notre Dame,16145.0,30.0,8a8dfad0-d314-11ec-8b77-45b1765fd110,,217.0,,,,961822800.0,,,Thomas,Juanyeh
Nate Adkins,FA,2023,TE,0,DEN,16474,,40702.0,,,75.0,South Carolina,16992.0,45.0,bcd0ae60-f31c-11ed-819c-fd03d0cc2698,,252.0,,,,931496400.0,,,Adkins,Nate
Mario Goodrich,FA,2022,CB,0,FA,16475,,34382.0,,2963142.0,72.0,Clemson,15942.0,36.0,2fdc48c0-ce1a-11ec-bebb-4fec1e38b0e5,,186.0,,,,947653200.0,4360318.0,,Goodrich,Mario
Cam Jones,FA,2023,LB,0,KCC,16476,,40557.0,,,74.0,Indiana,17102.0,44.0,14b8cda0-ec39-11ed-aeaf-cb0dc6206dc5,,227.0,,,,940482000.0,,,Jones,Cam
Quindell Johnson,FA,2023,S,0,FA,16477,,40386.0,,2968977.0,74.0,Memphis,17344.0,26.0,73a48430-e851-11ed-ae67-87c213631bb9,,208.0,,,,941778000.0,4371731.0,,Johnson,Quindell
Ben Sims,FA,2023,TE,0,GBP,16483,,40335.0,,,77.0,Baylor,17012.0,89.0,cef32a80-e761-11ed-ac46-e3b4ebd723e5,,250.0,,,,958453200.0,,,Sims,Ben
Trevor Denbow,FA,2022,S,0,IND,16484,,34487.0,,,70.0,SMU,16546.0,43.0,8a2c7440-d3a0-11ec-96a0-c3471a31202c,,208.0,,,,904107600.0,,,Denbow,Trevor
Thomas Incoom,FA,2023,LB,0,FA,16485,,40698.0,,,74.0,Central Michigan,17101.0,59.0,74aef700-f320-11ed-966f-93e2182ac175,,265.0,,,,919400400.0,,,Incoom,Thomas
Claudin Cherelus,FA,2023,LB,0,CAR,16492,,40547.0,,2875832.0,74.0,Alcorn State,17534.0,53.0,74650010-eba9-11ed-aa2f-9b9591ffdf9b,,230.0,,,,914907600.0,4256224.0,,Cherelus,Claudin
Matthew Jackson,FA,2023,S,0,FA,16493,,40715.0,,2826837.0,73.0,Eastern Kentucky,17462.0,39.0,eedcada0-f326-11ed-b25a-5d4c77d069e1,,209.0,,,,910587600.0,4250737.0,,Jackson,Matthew
Jeremiah Moon,FA,2022,LB,0,PIT,16494,,34397.0,,2248609.0,77.0,Florida,16209.0,49.0,32a47bc0-c980-11ec-a1a0-57a82b503f37,,247.0,,,,903416400.0,4034959.0,,Moon,Jeremiah
Brady Russell,FA,2023,TE,0,SEA,16496,,40519.0,,,75.0,Colorado,17235.0,38.0,c3c08060-eb74-11ed-aecd-85bc826ed43e,,250.0,,,,904539600.0,,,Russell,Brady
Chris Blair,FA,2021,WR,0,ATL,16499,,33376.0,,2965618.0,74.0,Alcorn State,15376.0,19.0,9281d541-8bcb-4785-a02e-76150910898e,,198.0,,,,876114000.0,4369886.0,,Blair,Chris
Andrew Farmer,FA,2023,LB,0,FA,16502,,40362.0,,,76.0,Lane,17309.0,98.0,326b52a0-e78e-11ed-bccd-1717a8013adf,,250.0,,,,956120400.0,4394894.0,,Farmer,Andrew
Steven Gilmore,FA,2023,CB,0,FA,16504,,40753.0,,,72.0,Marshall,17569.0,24.0,5c006420-f3f5-11ed-bb16-a122a4fdc5fb,,174.0,,,,937544400.0,,,Gilmore,Steven
Kwamie Lassiter,FA,2022,WR,0,FA,16507,,34473.0,,,71.0,Kansas,16517.0,18.0,3b3c74f0-d2ee-11ec-96a0-c3471a31202c,,185.0,,,,885358800.0,4035912.0,,Lassiter,Kwamie
Jeremiah Pharms,FA,2022,DT,0,NEP,16510,,34706.0,,2891578.0,74.0,Friends,16635.0,98.0,bf39d6f0-078f-11ed-963b-2b593f9846d8,,300.0,,,,845442000.0,5081728.0,,Pharms,Jeremiah
AJ Finley,FA,2023,S,0,LAC,16515,,40356.0,,,72.0,Ole Miss,16993.0,24.0,08ca7920-e78f-11ed-81d0-c919bd0add9b,,188.0,,,,1000443600.0,4427190.0,,Finley,AJ
Tyrus Wheat,FA,2023,DE,0,DAL,16516,,40776.0,,,74.0,Mississippi State,17181.0,91.0,700b71a0-f678-11ed-a5ca-c79bcc7fcf23,,260.0,,,,944629200.0,,,Wheat,Tyrus
Charlie Thomas,FA,2023,LB,0,FA,16517,,40509.0,,2967659.0,75.0,Georgia Tech,17170.0,35.0,7525daf0-eaec-11ed-9987-f5ca5f2343d6,,216.0,,,,949294800.0,,,Thomas,Charlie
Starling Thomas,FA,2023,CB,0,ARI,16519,,40593.0,,,70.0,UAB,17346.0,24.0,4d5e5960-ec6e-11ed-9096-c9ee1a56ed36,,194.0,,,,948776400.0,,,Thomas,Starling
Owen Wright,FA,2023,RB,0,BAL,16523,,40639.0,,2818062.0,69.0,Monmouth,17324.0,36.0,53cbf000-f01f-11ed-97df-a94b89ac5704,,217.0,,,,920178000.0,4249616.0,,Wright,Owen
Rodney Williams,FA,2022,TE,0,FA,16524,,34581.0,,,76.0,Tennessee-Martin,16480.0,87.0,e480b9d0-d254-11ec-b16e-cf7159baf83d,,235.0,,,,892011600.0,,,Williams,Rodney
Dresser Winn,FA,2023,QB,0,FA,16526,,40400.0,,2828767.0,74.0,Tennessee-Martin,17478.0,4.0,adefcf10-e8e6-11ed-b5d6-23d85f497f81,,212.0,,,,910760400.0,4250970.0,,Winn,Dresser
Ben VanSumeren,FA,2023,LB,0,PHI,16527,,40518.0,,2968491.0,74.0,Michigan State,17167.0,57.0,1377e940-eb75-11ed-aecd-85bc826ed43e,,231.0,,,,957502800.0,4372070.0,,VanSumeren,Ben
Alex Cook,FA,2023,S,0,FA,16528,,40530.0,,2815168.0,73.0,Washington,17515.0,27.0,20067190-eb8e-11ed-baaf-c79583f716f6,,196.0,,,,927262800.0,4243320.0,,Cook,Alex
Eku Leota,FA,2023,LB,0,CAR,16529,,40574.0,,,75.0,Auburn,16922.0,46.0,d771b360-ec5d-11ed-b990-f9ecab1eae94,,252.0,,,,926398800.0,,,Leota,Eku
Kahlef Hailassie,FA,2023,CB,0,CLE,16531,,40756.0,,,73.0,Western Kentucky,17362.0,25.0,d470e520-f421-11ed-990e-333ce5b07033,,195.0,,,,973746000.0,,,Hailassie,Kahlef
Trevor Nowaske,FA,2023,LB,0,DET,16532,,40591.0,,,75.0,Saginaw Valley State,17570.0,53.0,bb52aa90-ec71-11ed-a9ce-551f11053e13,,235.0,,,,910414800.0,5144894.0,,Nowaske,Trevor
Shedrick Jackson,FA,2023,WR,0,FA,16533,,40491.0,,,73.0,Auburn,17334.0,12.0,4ee53be0-eacb-11ed-bff4-2305d99deffc,,195.0,,,,940395600.0,,,Jackson,Shedrick
TK McLendon,FA,2023,DE,0,TEN,16535,,17575.0,,,76.0,Eastern Kentucky,17575.0,96.0,64f9db10-e766-11ed-8199-d58dac5a4f8e,,275.0,,,,951627600.0,4568018.0,,McLendon,TK
Trenton Thompson,FA,2022,S,0,FA,16537,,34675.0,,,73.0,San Diego State,16602.0,17.0,73765ef0-d265-11ec-b16e-cf7159baf83d,,196.0,,,,882421200.0,4036817.0,,Thompson,Trenton
Jalen Harris,FA,2023,DE,0,FA,16542,,40493.0,,,76.0,Arizona,17314.0,56.0,04aed120-ead6-11ed-86b8-630d0ad2d5af,,257.0,,,,920005200.0,4259370.0,,Harris,Jalen
Henry Pearson,FA,2023,RB,0,FA,16544,,40444.0,,2967084.0,74.0,Appalachian State,16980.0,44.0,7eda8120-e909-11ed-bc62-31edf711e9ef,,249.0,,,,943333200.0,4360794.0,,Pearson,Henry
Benton Whitley,FA,2022,LB,0,NYG,16545,,34332.0,,,76.0,Holy Cross,16409.0,48.0,08aa57d0-d20a-11ec-ab20-b37737d70cc4,,260.0,,,,918795600.0,,,Whitley,Benton
Divaad Wilson,FA,2023,CB,0,FA,16546,,40377.0,,,72.0,UCF,16670.0,27.0,0aa43ff0-e844-11ed-998d-11e6cb59d223,,195.0,,,,948862800.0,4361779.0,,Wilson,Divaad
Ethan Bonner,FA,2023,CB,0,MIA,16556,,34625.0,,,73.0,Stanford,17564.0,27.0,710867f0-f0d5-11ed-ba38-4fd3e2dc256a,,186.0,,,,940654800.0,,,Bonner,Ethan
Tristin McCollum,FA,2022,S,0,PHI,16571,,34602.0,,,75.0,Sam Houston State,16545.0,36.0,151a3910-c966-11ec-9af6-61153bad5574,,195.0,,,,925707600.0,4250393.0,,McCollum,Tristin
Brian Callahan,FA,0,Coach,0,TEN,16576,,,,,,,,,6c377d4b-ddea-4fd2-86e8-bec5de5faaf1,,,,,,,,,Callahan,Brian
Dave Canales,FA,0,Coach,0,CAR,16577,,,,,,,,,091af550-ae03-11ed-b164-f7af96b04264,,,,,,,,,Canales,Dave
Mike Macdonald,FA,0,Coach,0,SEA,16578,,,,,,,,,60b98650-7ee3-11ec-8208-4dbf5964f893,,,,,,,,,Macdonald,Mike
Caleb Williams,CHI,2024,QB,0,CHI,16579,,40900.0,,2669577.0,73.0,USC,17695.0,18.0,49d4b627-3f19-49a8-ae33-f539e0fb1f88,1.0,215.0,1.0,,,1006059600.0,4431611.0,R,Williams,Caleb
Drake Maye,NEP,2024,QB,0,NEP,16580,,40881.0,,2669575.0,76.0,North Carolina,17673.0,10.0,d0c0630e-8925-4b81-a32b-e4146d95f01f,3.0,225.0,1.0,,,1030680000.0,4431452.0,R,Maye,Drake
Jayden Daniels,WAS,2024,QB,0,WAS,16581,,40896.0,,3123337.0,76.0,LSU,17692.0,5.0,bab8c65a-9fff-410d-8e34-dc2f636d890e,2.0,210.0,1.0,,,977115600.0,4426348.0,R,Daniels,Jayden
Bo Nix,DEN,2024,QB,0,DEN,16582,,40875.0,,3121193.0,74.0,Oregon,16995.0,10.0,f056c8ed-6ee5-492c-af11-3f7e3d97195c,12.0,217.0,1.0,,,951454800.0,4426338.0,R,Nix,Bo
Michael Penix Jr.,ATL,2024,QB,0,ATL,16583,,40889.0,,2963496.0,74.0,Washington,17700.0,9.0,6499a161-b221-4591-b122-d99ece1be64b,8.0,216.0,1.0,,,957762000.0,4360423.0,R,Penix Jr.,Michael
J.J. McCarthy,MIN,2024,QB,0,MIN,16584,,40905.0,,2669521.0,75.0,Michigan,17689.0,9.0,587cc3c3-aeda-4ac7-8803-a7e4db195534,10.0,219.0,1.0,,,1043038800.0,4433970.0,R,McCarthy,J.J.
Joe Milton,NEP,2024,QB,0,NEP,16585,,41060.0,,2962193.0,77.0,Tennessee,17830.0,19.0,74043480-24ef-4c26-99d4-18f43d5b41d3,17.0,246.0,6.0,,,952318800.0,4360698.0,R,Milton,Joe
Spencer Rattler,NOS,2024,QB,0,NOS,16586,,41043.0,,3125863.0,72.0,South Carolina,17782.0,18.0,e0eecf78-86b2-4ee8-8ac9-d7713a138765,15.0,211.0,5.0,,,970117200.0,,R,Rattler,Spencer
Sam Hartman,FA,2024,QB,0,WAS,16587,,41238.0,,2965037.0,77.0,Florida,17664.0,75.0,007971f0-f012-11ed-833c-ebfbb713adc7,,306.0,,,,908427600.0,4361994.0,R,Hartman,Sam
Michael Pratt,GBP,2024,QB,0,FA,16588,,41130.0,,3163083.0,74.0,Tulane,16996.0,17.0,da5f9694-1b77-4f6e-acea-6fc76145f79a,25.0,217.0,7.0,,,1001826000.0,4685039.0,R,Pratt,Michael
Jordan Travis,NYJ,2024,QB,0,NYJ,16589,,41037.0,,2963373.0,73.0,Florida State,17809.0,3.0,b73bd8ba-a6bc-4731-9ef5-47b400a2713d,36.0,200.0,5.0,,,957243600.0,4360799.0,R,Travis,Jordan
Taulia Tagovailoa,FA,2024,QB,0,FA,16590,,41559.0,,3123935.0,71.0,Maryland,16999.0,,ec7b8cf0-0bb9-11ef-bb45-99966e93bb71,,200.0,,,,950590800.0,,R,Tagovailoa,Taulia
Devin Leary,BAL,2024,QB,0,FA,16591,,41069.0,,2964337.0,73.0,Kentucky,17911.0,13.0,8e947d6d-f043-4e12-8a42-b7c30732cdeb,42.0,216.0,6.0,,,936939600.0,4361653.0,R,Leary,Devin
Jack Plummer,FA,2024,QB,0,FA,16592,,41292.0,,2961162.0,77.0,Louisville,17948.0,16.0,1897f020-070b-11ef-860e-85b981b3a108,,215.0,,,,940482000.0,2961162.0,R,Plummer,Jack
Blake Corum,LAR,2024,RB,0,LAR,16593,,40962.0,,3169252.0,68.0,Michigan,17690.0,22.0,93ba1da2-3679-4ddc-9687-0802349f9ee2,19.0,210.0,3.0,,,975128400.0,4429096.0,R,Corum,Blake
Trey Benson,ARI,2024,RB,0,ARI,16594,,40958.0,,3176915.0,73.0,Florida State,17767.0,33.0,0c1253f2-1822-445d-8590-fea6fd32703f,2.0,223.0,3.0,,,1027396800.0,4429275.0,R,Benson,Trey
Audric Estime,DEN,2024,RB,0,DEN,16595,,41019.0,,2671357.0,71.0,Notre Dame,17788.0,37.0,3b86dd7c-0b21-448d-a662-5675e87fd0da,12.0,227.0,5.0,,,1062820800.0,4569682.0,R,Estime,Audric
Braelon Allen,NYJ,2024,RB,0,NYJ,16596,,40981.0,,2672658.0,73.0,Wisconsin,17702.0,,d7f72deb-c1e2-47a2-b651-887f0e33dc44,34.0,235.0,4.0,,,1074574800.0,4685247.0,R,Allen,Braelon
Jonathon Brooks,CAR,2024,RB,0,CAR,16597,,40926.0,,2673070.0,72.0,Texas,17747.0,24.0,5c842941-844b-4f6a-bce4-26b377146674,14.0,207.0,2.0,,,1058760000.0,4678008.0,R,Brooks,Jonathon
Bucky Irving,TBB,2024,RB,0,TBB,16598,,40993.0,,2669377.0,70.0,Oregon,17784.0,7.0,c5249c6f-bd1b-4352-8228-de2bd499ca0d,25.0,195.0,4.0,,,1029729600.0,,R,Irving,Bucky
Frank Gore Jr.,FA,2024,RB,0,FA,16599,,41243.0,,3172189.0,68.0,Southern Miss,17853.0,20.0,cd4c8e90-06f7-11ef-a3ab-0317e25dec4e,,195.0,,,,1015995600.0,4429805.0,R,Gore Jr.,Frank
Cody Schrader,FA,2024,RB,0,LAR,16600,,41193.0,,2887693.0,68.0,Missouri,17829.0,38.0,70c949c0-057f-11ef-ae83-716cc96c95b8,,202.0,,,,936766800.0,4391845.0,R,Schrader,Cody
Will Shipley,PHI,2024,RB,0,PHI,16601,,41002.0,,2669911.0,71.0,Clemson,17802.0,39.0,796e223d-e8d5-42ab-afb4-557fa6183357,27.0,209.0,4.0,,,1030593600.0,4431545.0,R,Shipley,Will
Miyan Williams,FA,2024,RB,0,FA,16602,,,,3169578.0,,Ohio State,17857.0,,,,,,,,,,R,Williams,Miyan
Ray Davis,BUF,2024,RB,0,BUF,16603,,40980.0,,3123108.0,68.0,Kentucky,17792.0,22.0,a856dd59-ed95-471a-bfb9-fbd0566bd1a9,28.0,220.0,4.0,,,942296400.0,4429501.0,R,Davis,Ray
MarShawn Lloyd,GBP,2024,RB,0,GBP,16604,,40971.0,,3162514.0,69.0,USC,17795.0,32.0,7b8967bc-a3a5-4aa4-bd1f-2846663ca831,24.0,220.0,3.0,,,978670800.0,4429023.0,R,Lloyd,MarShawn
Jase McClellan,ATL,2024,RB,0,ATL,16605,,41075.0,,3162688.0,71.0,Alabama,17039.0,30.0,a23f5b88-d1a4-4321-8df9-425b9a1c1696,10.0,212.0,6.0,,,1024977600.0,4429001.0,R,McClellan,Jase
Kendall Milton,FA,2024,RB,0,FA,16606,,41377.0,,3162977.0,73.0,Georgia,17970.0,36.0,d0dd8a70-072c-11ef-a49f-41e71daeb2e1,,232.0,,,,1013317200.0,4429012.0,R,Milton,Kendall
Jabari Small,FA,2024,RB,0,FA,16607,,41661.0,,3171876.0,69.0,Tennessee,17944.0,31.0,bd14f200-0c9d-11ef-b4ed-99c2e96904b1,,198.0,,,,1012453200.0,4432545.0,R,Small,Jabari
George Holani,FA,2024,RB,0,FA,16608,,41344.0,,3131661.0,71.0,Boise State,17968.0,36.0,971a3930-0724-11ef-a47d-6f7fe8c7bc97,,210.0,,,,945320400.0,4429835.0,R,Holani,George
Dillon Johnson,FA,2024,RB,0,FA,16609,,41256.0,,3171023.0,71.0,Washington,17680.0,28.0,afad59f0-0701-11ef-b0ca-3d2ccff3ed8f,,217.0,,,,992581200.0,4689338.0,R,Johnson,Dillon
Jaylen Wright,MIA,2024,RB,0,MIA,16610,,41010.0,,2669877.0,70.0,Tennessee,17800.0,25.0,ba9e1390-028b-47c9-8710-84cee3fa25de,20.0,210.0,4.0,,,1049173200.0,4682745.0,R,Wright,Jaylen
Emani Bailey,FA,2024,RB,0,FA,16611,,41271.0,,3164304.0,67.0,TCU,17969.0,39.0,dc1edb70-0707-11ef-a3d0-77ba0287fd10,,202.0,,,,1006923600.0,4565761.0,R,Bailey,Emani
Carson Steele,FA,2024,RB,0,KCC,16612,,41464.0,,2669843.0,72.0,UCLA,17909.0,42.0,56312980-07cc-11ef-ae1a-ef16ff05bbda,,228.0,,,,1035172800.0,,R,Steele,Carson
Dylan Laube,LVR,2024,RB,0,LVR,16613,,41054.0,,2964322.0,70.0,New Hampshire,17818.0,23.0,de5b56bd-33f0-48bc-b1e3-9523bd6bba64,32.0,208.0,6.0,,,945147600.0,,R,Laube,Dylan
Marvin Harrison Jr.,ARI,2024,WR,0,ARI,16614,,40893.0,,2670188.0,76.0,Ohio State,17674.0,18.0,e8da21a8-796d-48a2-b644-57d08983ae01,4.0,205.0,1.0,,,1029038400.0,4432708.0,R,Harrison Jr.,Marvin
Malik Nabers,NYG,2024,WR,0,NYG,16615,,40899.0,,2669776.0,72.0,LSU,17704.0,9.0,55ef2022-50c2-465b-839e-c0f4c9e7c55c,6.0,200.0,1.0,,,1059364800.0,,R,Nabers,Malik
Rome Odunze,CHI,2024,WR,0,CHI,16616,,40901.0,,3162979.0,75.0,Washington,17020.0,15.0,f64694e0-0381-11ef-973d-5176a0ecbee4,9.0,215.0,1.0,,,1023076800.0,4431299.0,R,Odunze,Rome
Keon Coleman,BUF,2024,WR,0,BUF,16617,,40911.0,,2671728.0,76.0,Florida State,17732.0,,6752915f-efe5-473d-a520-78cadfab6dda,1.0,215.0,2.0,,,1053144000.0,4635008.0,R,Coleman,Keon
Brian Thomas Jr.,JAC,2024,WR,0,JAC,16618,,40883.0,,3132164.0,75.0,LSU,17716.0,7.0,271a233e-68b3-4261-a3aa-7667eaf9d3cc,23.0,209.0,1.0,,,1034049600.0,4432773.0,R,Thomas Jr.,Brian
Troy Franklin,DEN,2024,WR,0,DEN,16619,,41009.0,,2669343.0,75.0,Oregon,17719.0,16.0,765dffd8-8112-4078-86a1-924ccebf1069,2.0,180.0,4.0,,,1044507600.0,4431280.0,R,Franklin,Troy
Xavier Worthy,KCC,2024,WR,0,KCC,16620,,40877.0,,2673078.0,71.0,Texas,17687.0,1.0,52e049b1-0a7a-4e7f-9866-d2848e9cc478,28.0,165.0,1.0,,,1051416000.0,4683062.0,R,Worthy,Xavier
Devontez Walker,BAL,2024,WR,0,BAL,16621,,40991.0,,2670208.0,73.0,North Carolina,17728.0,81.0,b5d1ed29-c72a-45ff-ae60-337e13728b2f,13.0,198.0,4.0,,,992926800.0,4696882.0,R,Walker,Devontez
Ricky Pearsall,SFO,2024,WR,0,SFO,16622,,40892.0,,3122949.0,75.0,Florida,17761.0,14.0,aca4c1b8-915f-4295-92e4-05b51feee6b1,31.0,189.0,1.0,,,968475600.0,4428209.0,R,Pearsall,Ricky
Brenden Rice,LAC,2024,WR,0,LAC,16623,,41098.0,,3166803.0,75.0,USC,17756.0,82.0,5c33558d-02fb-4c99-88d3-37083472c19f,5.0,210.0,7.0,,,1016427600.0,,R,Rice,Brenden
Jamari Thrash,CLE,2024,WR,0,CLE,16624,,41016.0,,3127827.0,72.0,Louisville,17686.0,80.0,1472d4aa-ffbf-4683-aa91-86bc4795b34e,21.0,190.0,5.0,,,977202000.0,,R,Thrash,Jamari
Johnny Wilson,PHI,2024,WR,0,PHI,16625,,41089.0,,3163268.0,78.0,Florida State,17011.0,89.0,e8d389b5-56c8-4276-9983-0dbcc1663507,9.0,228.0,6.0,,,986274000.0,,R,Wilson,Johnny
Adonai Mitchell,IND,2024,WR,0,IND,16626,,40915.0,,2670192.0,74.0,Texas,17668.0,10.0,190dbc97-2b7c-4023-b6b0-5729b854b60b,20.0,205.0,2.0,,,1034049600.0,4597500.0,R,Mitchell,Adonai
Ladd McConkey,LAC,2024,WR,0,LAC,16627,,40908.0,,3163962.0,72.0,Georgia,17724.0,15.0,473bc7e5-c393-4f21-9e49-3ffc16711238,2.0,185.0,2.0,,,1004590800.0,4612826.0,R,McConkey,Ladd
Jalen McMillan,TBB,2024,WR,0,TBB,16628,,40954.0,,3162347.0,73.0,Washington,17763.0,15.0,c2b25795-8c63-425a-8790-f6d626dbf0d3,28.0,192.0,3.0,,,1007701200.0,4430834.0,R,McMillan,Jalen
Roman Wilson,PIT,2024,WR,0,PIT,16629,,40952.0,,3169495.0,70.0,Michigan,17043.0,10.0,43563ab6-46b9-44d3-aaf2-bc1eb4d1f8d1,20.0,186.0,3.0,,,992926800.0,,R,Wilson,Roman
Isaiah Williams,FA,2024,WR,0,DET,16630,,41421.0,,3126581.0,70.0,Illinois,17977.0,83.0,2ddb2f40-07bc-11ef-82d9-5f86367458d3,,186.0,,,,980744400.0,,R,Williams,Isaiah
Ja'Lynn Polk,NEP,2024,WR,0,NEP,16631,,40914.0,,3162664.0,73.0,Washington,17684.0,1.0,446ecdc5-470d-4cb6-9a77-b54c108e3d3a,5.0,203.0,2.0,,,1018497600.0,4430637.0,R,Polk,Ja'Lynn
Jermaine Burton,CIN,2024,WR,0,CIN,16632,,40974.0,,3163951.0,72.0,Alabama,17738.0,81.0,dc363b05-4551-4cb0-9bfc-ba462cb1cd5b,16.0,200.0,3.0,,,993704400.0,4429033.0,R,Burton,Jermaine
Jordan Whittington,LAR,2024,WR,0,LAR,16633,,41083.0,,3122843.0,73.0,Texas,17688.0,88.0,7cc58a3b-157a-4f43-a7de-5bc403f9ce6b,37.0,202.0,6.0,,,970376400.0,4569382.0,R,Whittington,Jordan
Xavier Weaver,FA,2024,WR,0,ARI,16634,,,,3131562.0,73.0,Colorado,18041.0,30.0,ffd59710-0582-11ef-823c-c3942ac17525,,180.0,,,,971326800.0,,R,Weaver,Xavier
Luke McCaffrey,WAS,2024,WR,0,WAS,16635,,40964.0,,3121502.0,74.0,Rice,17820.0,12.0,5cfd82f8-9e73-48d7-914e-9051ff52d67d,36.0,198.0,3.0,,,986187600.0,,R,McCaffrey,Luke
Malachi Corley,NYJ,2024,WR,0,NYJ,16636,,40944.0,,3162613.0,71.0,Western Kentucky,17777.0,17.0,bae59933-8b94-4837-990e-f0a4ced3cdbb,1.0,215.0,3.0,,,1016686800.0,4613104.0,R,Corley,Malachi
Javon Baker,NEP,2024,WR,0,NEP,16637,,40982.0,,3170860.0,73.0,UCF,17787.0,6.0,901992cc-f4b7-45e8-800e-c2dce6ae5199,10.0,202.0,4.0,,,1014008400.0,4692022.0,R,Baker,Javon
Zakhari Franklin,FA,2024,WR,0,FA,16638,,,,,,Mississippi,17006.0,,,,,,,,,,R,Franklin,Zakhari
Xavier Legette,CAR,2024,WR,0,CAR,16639,,40890.0,,3131575.0,75.0,South Carolina,17734.0,17.0,0bb0c37c-e76b-4529-92b0-b026be4f7d6c,32.0,227.0,1.0,,,980744400.0,,R,Legette,Xavier
Jacob Cowing,SFO,2024,WR,0,SFO,16640,,40996.0,,3133200.0,69.0,Arizona,17008.0,83.0,9c145f4f-c9b1-4c2c-b011-8dc40167d0f1,35.0,171.0,4.0,,,981262800.0,4575665.0,R,Cowing,Jacob
Brock Bowers,LVR,2024,TE,0,LVR,16641,,40878.0,,2669397.0,76.0,Georgia,17693.0,89.0,ad9fc7e3-0a6d-4e41-84c2-cf43b71aee13,13.0,230.0,1.0,,,1039755600.0,4432665.0,R,Bowers,Brock
Cade Stover,HOU,2024,TE,0,HOU,16642,,40987.0,,3125978.0,76.0,Ohio State,17794.0,87.0,559d5222-0403-4a14-94c7-c7bd5072c939,23.0,251.0,4.0,,,960786000.0,,R,Stover,Cade
Ja'Tavion Sanders,CAR,2024,TE,0,CAR,16643,,40995.0,,2673138.0,76.0,Texas,17748.0,85.0,ffd2ff3f-4b56-4232-be8e-bf163c29f406,1.0,252.0,4.0,,,1048741200.0,,R,Sanders,Ja'Tavion
Ben Sinnott,WAS,2024,TE,0,WAS,16644,,40931.0,,3168647.0,76.0,Kansas State,17833.0,82.0,b5c717af-9116-483c-9ab3-c9db0a988ab8,21.0,247.0,2.0,,,1024027200.0,4690923.0,R,Sinnott,Ben
Erick All,CIN,2024,TE,0,CIN,16645,,40989.0,,3121555.0,77.0,Iowa,17696.0,83.0,5523779b-db60-4158-b232-8391bc7db65b,15.0,253.0,4.0,,,968821200.0,4427834.0,R,All,Erick
Jaheim Bell,NEP,2024,TE,0,NEP,16646,,41106.0,,3169583.0,74.0,Florida State,17848.0,88.0,c9b2f6f5-b8bc-48ca-ac33-fa18883c2f6b,11.0,241.0,7.0,,,992494800.0,,R,Bell,Jaheim
Brevyn Spann-Ford,FA,2024,TE,0,DAL,16647,,41371.0,,2961760.0,79.0,Minnesota,17908.0,47.0,efc8d800-072b-11ef-892f-5b772aae3c25,,270.0,,,,946270800.0,,R,Spann-Ford,Brevyn
Jared Wiley,KCC,2024,TE,0,KCC,16648,,40978.0,,3123819.0,78.0,TCU,17894.0,12.0,a952a370-a43f-45ec-8371-0665f0b9551e,31.0,249.0,4.0,,,973141200.0,4430723.0,R,Wiley,Jared
Theo Johnson,NYG,2024,TE,0,NYG,16649,,41003.0,,3162129.0,78.0,Penn State,17021.0,47.0,a5d4bb1d-c130-47c2-808a-2dd1f85005fb,7.0,264.0,4.0,,,983163600.0,4429148.0,R,Johnson,Theo
Dallas Turner,MIN,2024,DE,0,MIN,16650,,40904.0,,2672742.0,75.0,Alabama,17710.0,15.0,1455441c-7e0e-484e-8e8a-5c7606b59709,17.0,247.0,1.0,,,1044162000.0,4565190.0,R,Turner,Dallas
Laiatu Latu,IND,2024,DE,0,IND,16651,,40882.0,,3122850.0,77.0,UCLA,17714.0,97.0,234d2423-bb97-4dfe-9a56-7c14b276720c,15.0,265.0,1.0,,,978238800.0,,R,Latu,Laiatu
Bralen Trice,ATL,2024,DE,0,ATL,16652,,40955.0,,3123781.0,75.0,Washington,17676.0,48.0,1c5dddf1-b744-4019-b57b-4fc8a3798dee,10.0,245.0,3.0,,,983163600.0,4428713.0,R,Trice,Bralen
Jared Verse,LAR,2024,DE,0,LAR,16653,,40894.0,,3138203.0,76.0,Florida State,17711.0,8.0,6c0c2ab2-8333-4eb0-adb5-d8e0095d50ec,19.0,250.0,1.0,,,973314000.0,4578085.0,R,Verse,Jared
Jonah Elliss,DEN,2024,DE,0,DEN,16654,,40940.0,,2669728.0,74.0,Utah,17730.0,52.0,c33c2e37-fc99-4ab3-b609-d588c9141e9a,12.0,246.0,3.0,,,1049346000.0,4687592.0,R,Elliss,Jonah
Chop Robinson,MIA,2024,DE,0,MIA,16655,,40879.0,,2669393.0,75.0,Penn State,17742.0,44.0,9838dba3-f510-494b-b3ad-8639f792d182,21.0,254.0,1.0,,,1041483600.0,4431586.0,R,Robinson,Chop
Chris Braswell,TBB,2024,DE,0,TBB,16656,,40924.0,,3161819.0,75.0,Alabama,17718.0,43.0,5bd59487-cd06-4286-bc62-17cae182abf9,25.0,255.0,2.0,,,1003986000.0,4428989.0,R,Braswell,Chris
Brandon Dorlus,ATL,2024,DT,0,ATL,16657,,40994.0,,3127467.0,75.0,Oregon,17743.0,54.0,46ed0b03-015e-4d22-a034-4eeb242aa6a7,9.0,290.0,4.0,,,985237200.0,4427090.0,R,Dorlus,Brandon
Xavier Thomas,ARI,2024,DE,0,ARI,16658,,41013.0,,2965740.0,74.0,Clemson,17959.0,54.0,086c1e2b-7551-4b55-9de5-1e98083c54ac,3.0,244.0,5.0,,,945666000.0,,R,Thomas,Xavier
Gabriel Murphy,FA,2024,DE,0,MIN,16659,,,,3123716.0,74.0,UCLA,17774.0,59.0,5fc2d240-0584-11ef-8635-b3775ac92fb2,,247.0,,,,971413200.0,,R,Murphy,Gabriel
Darius Robinson,ARI,2024,DT,0,ARI,16660,,40906.0,,2688746.0,77.0,Missouri,17790.0,56.0,7ceb8b7a-9797-4186-8dbe-4446b415c0fb,27.0,286.0,1.0,,,1000357200.0,4569480.0,R,Robinson,Darius
Michael Hall Jr.,CLE,2024,DT,0,CLE,16661,,40921.0,,2669716.0,75.0,Ohio State,17793.0,51.0,593fdfcf-8852-457e-bb9a-0411533eca32,22.0,300.0,2.0,,,1055476800.0,4600415.0,R,Hall Jr.,Michael
Kris Jenkins,CIN,2024,DT,0,CIN,16662,,40920.0,,3169587.0,75.0,Michigan,17740.0,90.0,ffb4ddbb-f7be-47e8-b5de-19c32d68fc49,17.0,305.0,2.0,,,1002690000.0,4432301.0,R,Jenkins,Kris
Justin Eboigbe,LAC,2024,DT,0,LAC,16663,,40976.0,,3124145.0,77.0,Alabama,17803.0,92.0,ace0e155-59e7-44b1-ad04-cd08ba02209a,5.0,292.0,4.0,,,986792400.0,4567138.0,R,Eboigbe,Justin
Jeremiah Trotter Jr.,PHI,2024,LB,0,PHI,16664,,41015.0,,2669850.0,72.0,Clemson,17755.0,54.0,1159549f-4be1-440b-a950-a6bfab44d5ce,20.0,225.0,5.0,,,1040706000.0,4432777.0,R,Trotter Jr.,Jeremiah
Junior Colson,LAC,2024,LB,0,LAC,16665,,40941.0,,2669567.0,75.0,Michigan,17675.0,25.0,9ceab470-1739-49d7-b605-f3906a63f7c7,5.0,247.0,3.0,,,1039150800.0,4431212.0,R,Colson,Junior
Tommy Eichenberg,LVR,2024,LB,0,LVR,16666,,41032.0,,3125852.0,74.0,Ohio State,17825.0,45.0,9473b5d1-4889-465a-aeb1-6115d9d9386f,13.0,239.0,5.0,,,979189200.0,,R,Eichenberg,Tommy
Cedric Gray,TEN,2024,LB,0,TEN,16667,,40988.0,,3162391.0,74.0,North Carolina,17849.0,51.0,bc424a1d-0931-404a-8997-5278b1a50d73,6.0,234.0,4.0,,,1035954000.0,4429834.0,R,Gray,Cedric
Steele Chambers,FA,2024,LB,0,FA,16668,,41423.0,,3125787.0,72.0,Ohio State,17871.0,43.0,c292a050-07bc-11ef-b374-9ffed7f18c67,,223.0,,,,964414800.0,4426482.0,R,Chambers,Steele
Jaylan Ford,NOS,2024,LB,0,NOS,16669,,41018.0,,3168230.0,74.0,Texas,17864.0,53.0,3982da83-370d-40e1-9aa7-632d60db4c4c,40.0,240.0,5.0,,,1006923600.0,,R,Ford,Jaylan
Kool-Aid McKinstry,NOS,2024,CB,0,NOS,16670,,40927.0,,2669651.0,71.0,Alabama,17715.0,34.0,db912dac-e488-4c39-806b-a10e990d6bf4,9.0,199.0,2.0,,,1033358400.0,4433975.0,R,McKinstry,Kool-Aid
Terrion Arnold,DET,2024,CB,0,DET,16671,,40902.0,,2672703.0,72.0,Alabama,17712.0,,bee08d8d-3b1a-4375-9ea3-e627da925807,24.0,199.0,1.0,,,1048309200.0,4592837.0,R,Arnold,Terrion
Kamari Lassiter,HOU,2024,CB,0,HOU,16672,,40918.0,,2669807.0,72.0,Georgia,17725.0,14.0,b85f8a10-e1c2-4e5d-8aa5-08091feb1883,10.0,180.0,2.0,,,1043298000.0,,R,Lassiter,Kamari
Nate Wiggins,BAL,2024,CB,0,BAL,16673,,40886.0,,2669977.0,73.0,Clemson,17709.0,2.0,f6731363-93ed-4717-910c-317648e93139,30.0,182.0,1.0,,,1062043200.0,,R,Wiggins,Nate
Kalen King,GBP,2024,CB,0,FA,16674,,41129.0,,2669528.0,71.0,Penn State,17739.0,34.0,c8cf0369-d2bc-47be-b459-360b277e081f,35.0,190.0,7.0,,,1043730000.0,4431433.0,R,King,Kalen
Cooper DeJean,PHI,2024,CB,0,PHI,16675,,40934.0,,2669967.0,72.0,Iowa,17705.0,33.0,f213bbc9-1294-4bce-84b0-3752e63ff363,8.0,198.0,2.0,,,1044680400.0,4682618.0,R,DeJean,Cooper
Kamren Kinchens,LAR,2024,S,0,LAR,16676,,40973.0,,2669903.0,71.0,Miami (FL),17722.0,26.0,c4c31524-3ac6-4337-bd99-4085f92d4a13,35.0,207.0,3.0,,,1033272000.0,4596363.0,R,Kinchens,Kamren
Javon Bullard,GBP,2024,S,0,GBP,16677,,40937.0,,2670268.0,70.0,Georgia,17765.0,20.0,0bf54af0-cd8f-48ac-96b9-b742562a3e53,26.0,198.0,2.0,,,1031198400.0,4688930.0,R,Bullard,Javon
Sione Vaki,DET,2024,RB,0,DET,16678,,41006.0,,2887734.0,71.0,Utah,17760.0,33.0,f5e0334b-b5f1-422f-a437-199c36cc108d,32.0,213.0,4.0,,,996469200.0,,R,Vaki,Sione
Tyler Nubin,NYG,2024,S,0,NYG,16679,,40935.0,,3123449.0,74.0,Minnesota,17723.0,31.0,be2b6a6f-0e18-4394-a681-d414a3a306b8,15.0,210.0,2.0,,,992494800.0,4430261.0,R,Nubin,Tyler
Cam Little,JAC,2024,PK,0,JAC,16680,,41062.0,,2670247.0,73.0,Arkansas,17926.0,39.0,42d90cdf-5494-4576-bc1e-4b5d3de99f5f,36.0,180.0,6.0,,,1061092800.0,,R,Little,Cam
Will Reichard,MIN,2024,PK,0,MIN,16681,,41093.0,,3121084.0,73.0,Alabama,17922.0,46.0,6f667582-b880-4c41-a105-59c347a36c0d,27.0,187.0,6.0,,,979016400.0,,R,Reichard,Will
Kedon Slovis,FA,2024,QB,0,FA,16682,,41476.0,,3123467.0,74.0,BYU,17979.0,17.0,4842ee80-07d1-11ef-977b-d7c6de486031,,223.0,,,,986965200.0,4428512.0,R,Slovis,Kedon
Louis Rees-Zammit,FA,2024,RB,0,FA,16683,,40872.0,,2937576.0,74.0,,18033.0,9.0,b3de7680-ec94-11ee-bfee-6f9e2e387fed,,209.0,,,,981090000.0,5208436.0,R,Rees-Zammit,Louis
Malik Washington,MIA,2024,WR,0,MIA,16684,,41058.0,,3124729.0,68.0,Virginia,17863.0,83.0,d7f4fd2c-ba4f-49ca-bd92-443a506e9eb4,8.0,191.0,6.0,,,978584400.0,4569603.0,R,Washington,Malik
Haggai Ndubuisi,FA,2023,DT,0,FA,16685,,40481.0,,,78.0,Nigeria,16267.0,68.0,24c5de40-c01b-11ec-9c0b-736677fe34f9,,298.0,,,,971586000.0,5033343.0,,Ndubuisi,Haggai
Ainias Smith,PHI,2024,WR,0,PHI,16686,,41030.0,,3131553.0,69.0,Texas A&M,17015.0,82.0,83a78cfb-5e71-4131-b706-3661bb6396e1,17.0,176.0,5.0,,,991285200.0,4428532.0,R,Smith,Ainias
Dante Miller,FA,2024,RB,0,FA,16687,,,,2961818.0,69.0,South Carolina,18036.0,25.0,6e0c07b0-f42a-11ee-88d0-f12fe77edfe4,,200.0,,,,926658000.0,4367510.0,R,Miller,Dante
Isaac Guerendo,SFO,2024,RB,0,SFO,16688,,40998.0,,2964154.0,72.0,Louisville,17947.0,49.0,eac64b21-6e9e-447a-bf18-8a00b5c12871,29.0,221.0,4.0,,,962168400.0,,R,Guerendo,Isaac
Byron Murphy,SEA,2024,DT,924155,SEA,16689,,31865.0,,2251384.0,72.0,Texas,13560.0,91.0,c025b513-9431-4097-bc25-9777bf08f846,16.0,306.0,1.0,14067.0,,1031457600.0,,R,Murphy,Byron
Byron Murphy,SEA,2024,DT,924155,SEA,16689,,31865.0,,2251384.0,72.0,Texas,13560.0,91.0,d7cd56ba-a624-4149-83d0-a2c66df65804,16.0,306.0,1.0,14067.0,,1031457600.0,,R,Murphy,Byron
Byron Murphy,SEA,2024,DT,924155,SEA,16689,,31865.0,,2251384.0,72.0,Texas,17736.0,91.0,c025b513-9431-4097-bc25-9777bf08f846,16.0,306.0,1.0,14067.0,,1031457600.0,,R,Murphy,Byron
Byron Murphy,SEA,2024,DT,924155,SEA,16689,,31865.0,,2251384.0,72.0,Texas,17736.0,91.0,d7cd56ba-a624-4149-83d0-a2c66df65804,16.0,306.0,1.0,14067.0,,1031457600.0,,R,Murphy,Byron
Byron Murphy,SEA,2024,DT,924155,SEA,16689,,31865.0,,2673120.0,72.0,Texas,13560.0,91.0,c025b513-9431-4097-bc25-9777bf08f846,16.0,306.0,1.0,14067.0,,1031457600.0,,R,Murphy,Byron
Byron Murphy,SEA,2024,DT,924155,SEA,16689,,31865.0,,2673120.0,72.0,Texas,13560.0,91.0,d7cd56ba-a624-4149-83d0-a2c66df65804,16.0,306.0,1.0,14067.0,,1031457600.0,,R,Murphy,Byron
Byron Murphy,SEA,2024,DT,924155,SEA,16689,,31865.0,,2673120.0,72.0,Texas,17736.0,91.0,c025b513-9431-4097-bc25-9777bf08f846,16.0,306.0,1.0,14067.0,,1031457600.0,,R,Murphy,Byron
Byron Murphy,SEA,2024,DT,924155,SEA,16689,,31865.0,,2673120.0,72.0,Texas,17736.0,91.0,d7cd56ba-a624-4149-83d0-a2c66df65804,16.0,306.0,1.0,14067.0,,1031457600.0,,R,Murphy,Byron
Byron Murphy,SEA,2024,DT,924155,SEA,16689,,40895.0,,2251384.0,72.0,Texas,13560.0,91.0,c025b513-9431-4097-bc25-9777bf08f846,16.0,306.0,1.0,14067.0,,1031457600.0,,R,Murphy,Byron
Byron Murphy,SEA,2024,DT,924155,SEA,16689,,40895.0,,2251384.0,72.0,Texas,13560.0,91.0,d7cd56ba-a624-4149-83d0-a2c66df65804,16.0,306.0,1.0,14067.0,,1031457600.0,,R,Murphy,Byron
Byron Murphy,SEA,2024,DT,924155,SEA,16689,,40895.0,,2251384.0,72.0,Texas,17736.0,91.0,c025b513-9431-4097-bc25-9777bf08f846,16.0,306.0,1.0,14067.0,,1031457600.0,,R,Murphy,Byron
Byron Murphy,SEA,2024,DT,924155,SEA,16689,,40895.0,,2251384.0,72.0,Texas,17736.0,91.0,d7cd56ba-a624-4149-83d0-a2c66df65804,16.0,306.0,1.0,14067.0,,1031457600.0,,R,Murphy,Byron
Byron Murphy,SEA,2024,DT,924155,SEA,16689,,40895.0,,2673120.0,72.0,Texas,13560.0,91.0,c025b513-9431-4097-bc25-9777bf08f846,16.0,306.0,1.0,14067.0,,1031457600.0,,R,Murphy,Byron
Byron Murphy,SEA,2024,DT,924155,SEA,16689,,40895.0,,2673120.0,72.0,Texas,13560.0,91.0,d7cd56ba-a624-4149-83d0-a2c66df65804,16.0,306.0,1.0,14067.0,,1031457600.0,,R,Murphy,Byron
Byron Murphy,SEA,2024,DT,924155,SEA,16689,,40895.0,,2673120.0,72.0,Texas,17736.0,91.0,c025b513-9431-4097-bc25-9777bf08f846,16.0,306.0,1.0,14067.0,,1031457600.0,,R,Murphy,Byron
Byron Murphy,SEA,2024,DT,924155,SEA,16689,,40895.0,,2673120.0,72.0,Texas,17736.0,91.0,d7cd56ba-a624-4149-83d0-a2c66df65804,16.0,306.0,1.0,14067.0,,1031457600.0,,R,Murphy,Byron
Byron Murphy,SEA,2024,DT,0,SEA,16689,,31865.0,,2251384.0,72.0,Texas,13560.0,91.0,c025b513-9431-4097-bc25-9777bf08f846,16.0,306.0,1.0,14067.0,,1031457600.0,,R,Murphy,Byron
Byron Murphy,SEA,2024,DT,0,SEA,16689,,31865.0,,2251384.0,72.0,Texas,13560.0,91.0,d7cd56ba-a624-4149-83d0-a2c66df65804,16.0,306.0,1.0,14067.0,,1031457600.0,,R,Murphy,Byron
Byron Murphy,SEA,2024,DT,0,SEA,16689,,31865.0,,2251384.0,72.0,Texas,17736.0,91.0,c025b513-9431-4097-bc25-9777bf08f846,16.0,306.0,1.0,14067.0,,1031457600.0,,R,Murphy,Byron
Byron Murphy,SEA,2024,DT,0,SEA,16689,,31865.0,,2251384.0,72.0,Texas,17736.0,91.0,d7cd56ba-a624-4149-83d0-a2c66df65804,16.0,306.0,1.0,14067.0,,1031457600.0,,R,Murphy,Byron
Byron Murphy,SEA,2024,DT,0,SEA,16689,,31865.0,,2673120.0,72.0,Texas,13560.0,91.0,c025b513-9431-4097-bc25-9777bf08f846,16.0,306.0,1.0,14067.0,,1031457600.0,,R,Murphy,Byron
Byron Murphy,SEA,2024,DT,0,SEA,16689,,31865.0,,2673120.0,72.0,Texas,13560.0,91.0,d7cd56ba-a624-4149-83d0-a2c66df65804,16.0,306.0,1.0,14067.0,,1031457600.0,,R,Murphy,Byron
Byron Murphy,SEA,2024,DT,0,SEA,16689,,31865.0,,2673120.0,72.0,Texas,17736.0,91.0,c025b513-9431-4097-bc25-9777bf08f846,16.0,306.0,1.0,14067.0,,1031457600.0,,R,Murphy,Byron
Byron Murphy,SEA,2024,DT,0,SEA,16689,,31865.0,,2673120.0,72.0,Texas,17736.0,91.0,d7cd56ba-a624-4149-83d0-a2c66df65804,16.0,306.0,1.0,14067.0,,1031457600.0,,R,Murphy,Byron
Byron Murphy,SEA,2024,DT,0,SEA,16689,,40895.0,,2251384.0,72.0,Texas,13560.0,91.0,c025b513-9431-4097-bc25-9777bf08f846,16.0,306.0,1.0,14067.0,,1031457600.0,,R,Murphy,Byron
Byron Murphy,SEA,2024,DT,0,SEA,16689,,40895.0,,2251384.0,72.0,Texas,13560.0,91.0,d7cd56ba-a624-4149-83d0-a2c66df65804,16.0,306.0,1.0,14067.0,,1031457600.0,,R,Murphy,Byron
Byron Murphy,SEA,2024,DT,0,SEA,16689,,40895.0,,2251384.0,72.0,Texas,17736.0,91.0,c025b513-9431-4097-bc25-9777bf08f846,16.0,306.0,1.0,14067.0,,1031457600.0,,R,Murphy,Byron
Byron Murphy,SEA,2024,DT,0,SEA,16689,,40895.0,,2251384.0,72.0,Texas,17736.0,91.0,d7cd56ba-a624-4149-83d0-a2c66df65804,16.0,306.0,1.0,14067.0,,1031457600.0,,R,Murphy,Byron
Byron Murphy,SEA,2024,DT,0,SEA,16689,,40895.0,,2673120.0,72.0,Texas,13560.0,91.0,c025b513-9431-4097-bc25-9777bf08f846,16.0,306.0,1.0,14067.0,,1031457600.0,,R,Murphy,Byron
Byron Murphy,SEA,2024,DT,0,SEA,16689,,40895.0,,2673120.0,72.0,Texas,13560.0,91.0,d7cd56ba-a624-4149-83d0-a2c66df65804,16.0,306.0,1.0,14067.0,,1031457600.0,,R,Murphy,Byron
Byron Murphy,SEA,2024,DT,0,SEA,16689,,40895.0,,2673120.0,72.0,Texas,17736.0,91.0,c025b513-9431-4097-bc25-9777bf08f846,16.0,306.0,1.0,14067.0,,1031457600.0,,R,Murphy,Byron
Byron Murphy,SEA,2024,DT,0,SEA,16689,,40895.0,,2673120.0,72.0,Texas,17736.0,91.0,d7cd56ba-a624-4149-83d0-a2c66df65804,16.0,306.0,1.0,14067.0,,1031457600.0,,R,Murphy,Byron
Quinyon Mitchell,PHI,2024,CB,0,PHI,16690,,40898.0,,3163404.0,72.0,Toledo,17731.0,30.0,93e6a6eb-a91e-4705-b5de-faa10f741913,22.0,193.0,1.0,,,995432400.0,4686273.0,R,Mitchell,Quinyon
Ruke Orhorhoro,ATL,2024,DT,0,ATL,16691,,40925.0,,3121802.0,76.0,Clemson,17762.0,98.0,9f88e08f-2988-445e-bcc5-9dad063a9cda,3.0,294.0,2.0,,,1002949200.0,4430271.0,R,Orhorhoro,Ruke
Jer'Zhan Newton,WAS,2024,DT,0,WAS,16692,,40939.0,,3169274.0,74.0,Illinois,17707.0,95.0,9d373d6d-66f7-4ba9-9226-5d5e89a23a5e,4.0,295.0,2.0,,,1030766400.0,4430560.0,R,Newton,Jer'Zhan
T'Vondre Sweat,TEN,2024,DT,0,TEN,16693,,40919.0,,3127003.0,76.0,Texas,17754.0,93.0,136f06ed-a718-4551-b1b2-feda889b9b98,6.0,366.0,2.0,,,994827600.0,4428617.0,R,Sweat,T'Vondre
Braden Fiske,LAR,2024,DT,0,LAR,16694,,40930.0,,2964525.0,76.0,Florida State,17775.0,55.0,905fb2a2-6fc0-4af5-9f3c-860956cd164b,7.0,295.0,2.0,,,948171600.0,4362245.0,R,Fiske,Braden
Max Melton,ARI,2024,CB,0,ARI,16695,,40929.0,,3177371.0,71.0,Rutgers,17817.0,16.0,5f3ab1fc-cdc0-499d-8cc2-36433b9ac7f6,11.0,193.0,2.0,,,1018843200.0,4698113.0,R,Melton,Max
Edgerrin Cooper,GBP,2024,LB,0,GBP,16696,,40938.0,,3171163.0,74.0,Texas A&M,17753.0,56.0,5424462c-3f8e-4e2a-832d-c29916d395cb,13.0,229.0,2.0,,,1005973200.0,4430438.0,R,Cooper,Edgerrin
Maason Smith,JAC,2024,DT,0,JAC,16697,,40916.0,,2669949.0,77.0,LSU,17669.0,94.0,32f98e05-a998-4e0c-8131-0e4b17cb7dd5,16.0,306.0,2.0,,,1034481600.0,4431567.0,R,Smith,Maason
Mike Sainristil,WAS,2024,CB,0,WAS,16698,,40932.0,,3121278.0,70.0,Michigan,17768.0,2.0,f20bc1dc-7243-4c87-8274-a6e311c21ef9,18.0,182.0,2.0,,,970549200.0,4428414.0,R,Sainristil,Mike
Marshawn Kneeland,DAL,2024,DE,0,DAL,16699,,40933.0,,3126828.0,75.0,Western Michigan,17779.0,94.0,7495a11d-6782-4dc1-9186-d2a2cca205d4,24.0,268.0,2.0,,,994568400.0,4429996.0,R,Kneeland,Marshawn
Cole Bishop,BUF,2024,S,0,BUF,16700,,40912.0,,2669363.0,74.0,Utah,17838.0,24.0,9098b52a-bc60-4a3d-9eaa-4611966a576e,28.0,207.0,2.0,,,1035432000.0,4676004.0,R,Bishop,Cole
Ennis Rakestraw,DET,2024,CB,0,DET,16701,,40936.0,,3163902.0,71.0,Missouri,17720.0,15.0,c4da8885-d3f7-4593-b325-3e3dc408d1b6,29.0,191.0,2.0,,,1023249600.0,4566092.0,R,Rakestraw,Ennis
Renardo Green,SFO,2024,CB,0,SFO,16702,,40928.0,,3126504.0,72.0,Florida State,17981.0,31.0,2b93704f-fab1-40b3-b13e-07d85303bb25,32.0,186.0,2.0,,,973746000.0,,R,Green,Renardo
Andru Phillips,NYG,2024,CB,0,NYG,16703,,40969.0,,3161741.0,71.0,Kentucky,17846.0,22.0,3e7f9f29-7288-4963-b858-e284f051387a,6.0,180.0,3.0,,,1007096400.0,4431321.0,R,Phillips,Andru
Trevin Wallace,CAR,2024,LB,0,CAR,16704,,40956.0,,2670187.0,73.0,Kentucky,17872.0,56.0,578f063e-30e5-4a2c-b3cc-09aaaf3d0a7c,8.0,244.0,3.0,,,1045890000.0,,R,Wallace,Trevin
Calen Bullock,HOU,2024,S,0,HOU,16705,,40948.0,,2669431.0,75.0,USC,17737.0,41.0,f53fd561-f47b-4db2-8318-022246e447ae,14.0,190.0,3.0,,,1051675200.0,4431517.0,R,Bullock,Calen
Tip Reiman,ARI,2024,TE,0,ARI,16706,,40959.0,,3169268.0,76.0,Illinois,17966.0,87.0,44767e85-080f-4212-b2f2-cba160c81a9f,18.0,273.0,3.0,,,1000702800.0,,R,Reiman,Tip
Marist Liufau,DAL,2024,LB,0,DAL,16707,,40967.0,,3136909.0,74.0,Notre Dame,17769.0,35.0,4fe58953-14da-43d0-8394-e960d0d47c46,23.0,239.0,3.0,,,981694800.0,,R,Liufau,Marist
Tykee Smith,TBB,2024,S,0,TBB,16708,,40953.0,,3121456.0,70.0,Georgia,17770.0,23.0,1ebc26a2-8705-4db2-b177-1b5acc21b5fa,25.0,202.0,3.0,,,982472400.0,4428522.0,R,Smith,Tykee
Elijah Jones,ARI,2024,CB,0,ARI,16709,,40960.0,,2960843.0,74.0,Boston College,18071.0,28.0,6e1e18d1-3dab-4333-aa02-97354d316c6f,26.0,184.0,3.0,,,947307600.0,4360203.0,R,Jones,Elijah
Ty'Ron Hopper,GBP,2024,LB,0,GBP,16710,,40972.0,,3125804.0,74.0,Missouri,17859.0,59.0,9fb2ac11-8c14-4039-9a3f-32d11343b73d,27.0,228.0,3.0,,,988261200.0,4567406.0,R,Hopper,Ty'Ron
Adisa Isaac,BAL,2024,DE,0,BAL,16711,,40951.0,,3120914.0,76.0,Penn State,17749.0,50.0,ba7ea327-3c96-4470-bd72-cad811f4e1df,29.0,253.0,3.0,,,1002171600.0,4426372.0,R,Isaac,Adisa
Jalyx Hunt,PHI,2024,DE,0,PHI,16712,,40968.0,,3125143.0,75.0,Houston Christian,17951.0,58.0,b779251c-3250-405f-ae4a-3cadbf6925d9,30.0,252.0,3.0,,,984459600.0,4571162.0,R,Hunt,Jalyx
DeWayne Carter,BUF,2024,DT,0,BUF,16713,,40943.0,,3124733.0,75.0,Duke,17766.0,90.0,f5f02301-7ec2-48ae-b67e-31fd01cc070b,31.0,305.0,3.0,,,976424400.0,4426883.0,R,Carter,DeWayne
Jarrian Jones,JAC,2024,CB,0,JAC,16714,,40947.0,,3126303.0,71.0,Florida State,17778.0,22.0,fc21a61f-75aa-4398-973f-7ff1058e6a9e,32.0,190.0,3.0,,,989298000.0,4426448.0,R,Jones,Jarrian
McKinnley Jackson,CIN,2024,DT,0,CIN,16715,,40949.0,,3171111.0,74.0,Texas A&M,17780.0,68.0,00b1481f-e562-4727-9e2b-9ab3293f2748,33.0,331.0,3.0,,,1009342800.0,,R,Jackson,McKinnley
Payton Wilson,PIT,2024,LB,0,PIT,16716,,40975.0,,2961553.0,76.0,North Carolina State,17758.0,41.0,6a7047a5-52ab-4e2d-8ab0-6d27b6930822,34.0,242.0,3.0,,,956293200.0,4361652.0,R,Wilson,Payton
Dadrion Taylor-Demerson,ARI,2024,S,0,ARI,16717,,40999.0,,3127681.0,70.0,Texas Tech,17996.0,42.0,ed59f931-fb26-4809-b862-a29fb7825942,4.0,189.0,4.0,,,979966800.0,4428633.0,R,Taylor-Demerson,Dadrion
Khyree Jackson,MIN,2024,CB,0,FA,16718,,41008.0,,2672707.0,76.0,Oregon,17789.0,31.0,ed0d7b8f-3ab5-435a-b2bc-02ac9fd1c5c2,8.0,194.0,4.0,,,934347600.0,4688806.0,R,Jackson,Khyree
Evan Williams,GBP,2024,S,0,GBP,16719,,41007.0,,3123251.0,71.0,Oregon,18003.0,33.0,8fbc9bcf-c367-46bc-8017-ce87e84aeaff,11.0,200.0,4.0,,,996296400.0,4428863.0,R,Williams,Evan
Decamerion Richardson,LVR,2024,CB,0,LVR,16720,,40979.0,,3171034.0,74.0,Mississippi State,17983.0,25.0,9c6fe5a6-5553-4803-bc7a-93d095029a7d,12.0,195.0,4.0,,,984718800.0,,R,Richardson,Decamerion
Jordan Jefferson,JAC,2024,DT,0,JAC,16721,,40985.0,,3122837.0,74.0,LSU,17813.0,98.0,fac7a140-ee4e-4328-bc1a-dad500b1acfe,16.0,316.0,4.0,,,1001307600.0,4569448.0,R,Jefferson,Jordan
Tyrice Knight,SEA,2024,LB,0,SEA,16722,,41000.0,,3161716.0,72.0,UTEP,17963.0,48.0,d1f88078-0acd-4d6d-95f4-cf0c5bb7cb90,18.0,233.0,4.0,,,977288400.0,4686540.0,R,Knight,Tyrice
AJ Barner,SEA,2024,TE,0,SEA,16723,,41001.0,,3169283.0,78.0,Michigan,17811.0,88.0,e96127b4-d381-43d4-b0ae-8790c706756f,21.0,251.0,4.0,,,1020398400.0,4576297.0,R,Barner,AJ
Tory Taylor,CHI,2024,PN,0,CHI,16724,,41004.0,,,76.0,Iowa,17925.0,19.0,48df6eca-81f4-49ce-8908-48196a041c57,22.0,223.0,4.0,,,868510800.0,4686889.0,R,Taylor,Tory
Malik Mustapha,SFO,2024,S,0,SFO,16725,,40997.0,,3167563.0,70.0,Wake Forest,17808.0,43.0,b9500cb3-e259-4d5e-a75c-66b2611c0454,24.0,206.0,4.0,,,1024977600.0,,R,Mustapha,Malik
T.J. Tampa,BAL,2024,CB,0,BAL,16726,,40990.0,,3164824.0,73.0,Iowa State,17071.0,27.0,1f02c2e7-da1f-4709-8bbc-82e6ffc6d400,30.0,199.0,4.0,,,1015995600.0,4575483.0,R,Tampa,T.J.
Jaden Hicks,KCC,2024,S,0,KCC,16727,,40977.0,,2672457.0,73.0,Washington State,17797.0,21.0,3e4f799d-5567-4239-9513-86a16a674073,33.0,215.0,4.0,,,1029470400.0,4685232.0,R,Hicks,Jaden
Nehemiah Pritchett,SEA,2024,CB,0,SEA,16728,,41012.0,,3124894.0,72.0,Auburn,17783.0,28.0,06418ca3-6c11-4654-ad86-59bac5370e23,1.0,188.0,5.0,,,981867600.0,4567222.0,R,Pritchett,Nehemiah
Tarheeb Still,LAC,2024,CB,0,LAC,16729,,41051.0,,3166939.0,73.0,Maryland,17936.0,29.0,a28d9b86-30ec-40be-98bc-48089b23ba9c,2.0,196.0,5.0,,,1023595200.0,,R,Still,Tarheeb
Jordan Magee,WAS,2024,LB,0,WAS,16730,,41014.0,,3124180.0,75.0,Temple,17882.0,58.0,0df0a32a-00df-40be-b8c8-774d923957c0,4.0,226.0,5.0,,,985410000.0,4568617.0,R,Magee,Jordan
Cam Hart,LAC,2024,CB,0,LAC,16731,,41028.0,,3136875.0,74.0,Notre Dame,17843.0,20.0,78778a0e-d4a1-4a31-9e72-6d226733ba9d,5.0,207.0,5.0,,,975992400.0,,R,Hart,Cam
Anthony Gould,IND,2024,WR,0,IND,16732,,41046.0,,3122031.0,68.0,Oregon State,17971.0,6.0,f1f3f15f-f4a5-4d6e-b075-95f4815a384e,7.0,174.0,5.0,,,986533200.0,4429684.0,R,Gould,Anthony
JD Bertrand,ATL,2024,LB,0,ATL,16733,,41050.0,,3136951.0,73.0,Notre Dame,17810.0,40.0,fdb957eb-4146-4453-a6df-f65ca7bc1bb6,8.0,233.0,5.0,,,957502800.0,4428872.0,R,Bertrand,JD
Austin Booker,CHI,2024,DE,0,CHI,16734,,41042.0,,2670128.0,78.0,Kansas,17839.0,94.0,e062739b-9948-47aa-aa50-604483c45b8b,9.0,245.0,5.0,,,1039842000.0,4683553.0,R,Booker,Austin
Kris Abrams-Draine,DEN,2024,CB,0,DEN,16735,,41047.0,,3163896.0,71.0,Missouri,17828.0,31.0,f66366c2-7849-4c96-86d3-19882a7a27b7,10.0,178.0,5.0,,,1002171600.0,,R,Abrams-Draine,Kris
Jarvis Brownlee,TEN,2024,CB,0,TEN,16736,,41044.0,,3126580.0,70.0,Louisville,17994.0,29.0,ea3e1da8-9bae-43cc-9538-513976e968e5,11.0,194.0,5.0,,,995000400.0,4426817.0,R,Brownlee,Jarvis
Josh Newton,CIN,2024,CB,0,CIN,16737,,41034.0,,2961368.0,71.0,TCU,17744.0,28.0,9ed5ed68-dd6c-4ac4-8fb7-9f0be37c51b7,14.0,190.0,5.0,,,968907600.0,,R,Newton,Josh
Jaylon Carlies,IND,2024,LB,0,IND,16738,,41040.0,,3163862.0,75.0,Missouri,18006.0,57.0,dd21aafb-0647-4b85-aa55-603fb75a859f,16.0,227.0,5.0,,,1000357200.0,4601021.0,R,Carlies,Jaylon
Deantre Prince,JAC,2024,CB,0,JAC,16739,,41024.0,,3126946.0,72.0,Ole Miss,17986.0,24.0,67a075f3-e687-47f5-a153-a0eda2a26fd6,18.0,183.0,5.0,,,971326800.0,,R,Prince,Deantre
Brennan Jackson,LAR,2024,DE,0,LAR,16740,,41011.0,,2968030.0,76.0,Washington State,17842.0,44.0,0088498b-6f39-4cc2-9102-4aabd7491674,19.0,266.0,5.0,,,971499600.0,4373471.0,R,Jackson,Brennan
Chau Smith-Wade,CAR,2024,CB,0,CAR,16741,,41026.0,,3177046.0,71.0,Washington State,17877.0,26.0,6fccf852-00cf-4c11-b856-8e4d56acc646,22.0,176.0,5.0,,,1032235200.0,4697636.0,R,Smith-Wade,Chau
Mohamed Kamara,MIA,2024,DE,0,MIA,16742,,41029.0,,3121008.0,73.0,Colorado State,17812.0,50.0,7bd0810c-c806-43b1-a793-9cd9cb33c546,23.0,253.0,5.0,,,927954000.0,4427677.0,R,Kamara,Mohamed
Edefuan Ulofoshio,BUF,2024,LB,0,BUF,16743,,41036.0,,2967891.0,73.0,Washington,17836.0,48.0,b231b9d4-d3fe-437d-91b0-c6619cd175c0,25.0,239.0,5.0,,,948603600.0,4374280.0,R,Ulofoshio,Edefuan
Dominique Hampton,WAS,2024,S,0,WAS,16744,,41039.0,,2965365.0,75.0,Washington,17998.0,45.0,d83c6686-ffd6-41cd-a2ca-9583a0470769,26.0,220.0,5.0,,,964501200.0,4361094.0,R,Hampton,Dominique
Jaylin Simpson,IND,2024,CB,0,FA,16745,,41025.0,,3124869.0,71.0,Auburn,17841.0,30.0,6cc15491-4e42-45c2-9c14-8448bc9f8993,29.0,179.0,5.0,,,953269200.0,4567225.0,R,Simpson,Jaylin
Rasheen Ali,BAL,2024,RB,0,BAL,16746,,41033.0,,3168797.0,71.0,Marshall,17026.0,26.0,9aeb79b0-e55b-4341-8c6b-233971b667a7,30.0,212.0,5.0,,,982299600.0,4690013.0,R,Ali,Rasheen
Tyrone Tracy,NYG,2024,RB,0,NYG,16747,,41048.0,,2963637.0,71.0,Purdue,17967.0,29.0,fc6c7973-79a9-4974-855e-bc13400fe641,31.0,210.0,5.0,,,943333200.0,,R,Tracy,Tyrone
Keilan Robinson,JAC,2024,RB,0,JAC,16748,,41041.0,,3121310.0,68.0,Texas,17048.0,31.0,de79955a-99ab-492e-9161-3544fd812dbd,32.0,191.0,5.0,,,950677200.0,,R,Robinson,Keilan
Javon Solomon,BUF,2024,DE,0,BUF,16749,,41049.0,,3125106.0,73.0,Troy,17957.0,56.0,fcd72650-13b8-4a8d-bc2f-d6b28d46a431,33.0,247.0,5.0,,,979707600.0,4428548.0,R,Solomon,Javon
Kitan Oladapo,GBP,2024,S,0,GBP,16750,,41035.0,,2964479.0,74.0,Oregon State,17884.0,27.0,abc5dadd-fe68-4a0e-8b64-6b6ca2717858,34.0,216.0,5.0,,,971154000.0,4374037.0,R,Oladapo,Kitan
Bub Means,NOS,2024,WR,0,NOS,16751,,41045.0,,3123413.0,74.0,Pittsburgh,17942.0,16.0,ef0feb13-57b8-474c-a723-cf03f57a321a,35.0,215.0,5.0,,,979102800.0,4427985.0,R,Means,Bub
Isaiah Davis,NYJ,2024,RB,0,NYJ,16752,,41031.0,,2671864.0,73.0,South Dakota State,17057.0,32.0,849789be-b8f0-4d97-a777-2fcf336efa6a,38.0,220.0,5.0,,,1014267600.0,4695404.0,R,Davis,Isaiah
Caelen Carson,DAL,2024,CB,0,DAL,16753,,41023.0,,3171180.0,72.0,Wake Forest,17759.0,41.0,6393b3f5-c426-4895-81d2-b96e0320c450,39.0,195.0,5.0,,,1015131600.0,,R,Carson,Caelen
Qwan'tez Stiggers,NYJ,2024,CB,0,NYJ,16754,,41020.0,,2936238.0,72.0,Toronto Argonauts,17940.0,37.0,3c69c44b-9d3c-478d-82a5-42852df8ddd7,41.0,197.0,5.0,,,1010466000.0,5208977.0,R,Stiggers,Qwan'tez
Logan Lee,PIT,2024,DT,0,PIT,16755,,41070.0,,3122660.0,77.0,Iowa,17935.0,74.0,3132d9fc-95bc-43a9-8449-df3c74d872e8,2.0,286.0,6.0,,,960786000.0,4569474.0,R,Lee,Logan
Marcellas Dial,NEP,2024,CB,0,NEP,16756,,41059.0,,2670029.0,72.0,South Carolina,17984.0,27.0,2c5c81d9-07bd-40a7-8052-8c2fa1203834,4.0,190.0,6.0,,,976078800.0,,R,Dial,Marcellas
Kimani Vidal,LAC,2024,RB,0,LAC,16757,,41052.0,,3163421.0,68.0,Troy,17821.0,30.0,ed923635-f021-4b76-9dbb-9f1901eeaab9,5.0,215.0,6.0,,,998974800.0,4430968.0,R,Vidal,Kimani
Jha'Quan Jackson,TEN,2024,WR,0,TEN,16758,,41065.0,,3122336.0,69.0,Tulane,17972.0,19.0,bcb054df-47e9-411c-8c9d-eef1a9a25487,6.0,188.0,6.0,,,958366800.0,,R,Jackson,Jha'Quan
Darius Muasau,NYG,2024,LB,0,NYG,16759,,41090.0,,3127438.0,72.0,UCLA,17868.0,53.0,9ed90b2b-c650-41c0-9cee-2fbd8fc95546,7.0,234.0,6.0,,,981781200.0,4428072.0,R,Muasau,Darius
Casey Washington,ATL,2024,WR,0,ATL,16760,,41074.0,,3126493.0,72.0,Illinois,18044.0,82.0,98b9b952-b31f-47c4-9fac-9d7516af34df,11.0,200.0,6.0,,,983854800.0,4428796.0,R,Washington,Casey
Jamal Hill,HOU,2024,LB,0,HOU,16761,,41063.0,,3127547.0,72.0,Oregon,18059.0,56.0,8ff249ba-9bd7-4faa-8e21-cfefabb561bb,12.0,227.0,6.0,,,986360400.0,,R,Hill,Jamal
Mekhi Wingo,DET,2024,DT,0,DET,16762,,41091.0,,2669876.0,72.0,LSU,17750.0,94.0,f6f39738-d9ec-45bb-8d6c-e64dfccdf3e4,13.0,291.0,6.0,,,1050552000.0,,R,Wingo,Mekhi
Tejhaun Palmer,ARI,2024,WR,0,FA,16763,,41079.0,,2670291.0,74.0,UAB,18073.0,83.0,99345c7e-a544-477c-8b57-a4a2b8bcce27,15.0,210.0,6.0,,,958712400.0,4875912.0,R,Palmer,Tejhaun
D.J. James,SEA,2024,CB,0,FA,16764,,41084.0,,3127449.0,72.0,Auburn,17751.0,29.0,412027d9-c9d2-4f30-a677-fe1804e978ee,16.0,170.0,6.0,,,983768400.0,4429891.0,R,James,D.J.
Tanner McLachlan,CIN,2024,TE,0,CIN,16765,,41066.0,,2980252.0,77.0,Arizona,17866.0,84.0,5d4fc75b-c99a-44f8-983c-c7b15e929a7a,18.0,244.0,6.0,,,921474000.0,,R,McLachlan,Tanner
Ryan Watts,PIT,2024,S,0,PIT,16766,,41071.0,,3163146.0,75.0,Texas,17987.0,29.0,36755476-1f69-4f75-991e-9a12dfd1e745,19.0,212.0,6.0,,,1005109200.0,4685092.0,R,Watts,Ryan
Tyler Davis,LAR,2024,DT,0,LAR,16767,,32876.0,,2182811.0,74.0,Clemson,14827.0,90.0,e7a9186e-5e19-4f70-b45c-527c888e6fc7,20.0,299.0,6.0,,,973054800.0,4568217.0,R,Davis,Tyler
Tyler Davis,LAR,2024,DT,0,LAR,16767,,32876.0,,2182811.0,74.0,Clemson,14827.0,90.0,4adfc559-1138-4476-a095-3bbaa7ba18b3,20.0,299.0,6.0,,,973054800.0,4568217.0,R,Davis,Tyler
Tyler Davis,LAR,2024,DT,0,LAR,16767,,32876.0,,2182811.0,74.0,Clemson,17799.0,90.0,e7a9186e-5e19-4f70-b45c-527c888e6fc7,20.0,299.0,6.0,,,973054800.0,4568217.0,R,Davis,Tyler
Tyler Davis,LAR,2024,DT,0,LAR,16767,,32876.0,,2182811.0,74.0,Clemson,17799.0,90.0,4adfc559-1138-4476-a095-3bbaa7ba18b3,20.0,299.0,6.0,,,973054800.0,4568217.0,R,Davis,Tyler
Tyler Davis,LAR,2024,DT,0,LAR,16767,,32876.0,,1703029.0,74.0,Clemson,14827.0,90.0,e7a9186e-5e19-4f70-b45c-527c888e6fc7,20.0,299.0,6.0,,,973054800.0,4568217.0,R,Davis,Tyler
Tyler Davis,LAR,2024,DT,0,LAR,16767,,32876.0,,1703029.0,74.0,Clemson,14827.0,90.0,4adfc559-1138-4476-a095-3bbaa7ba18b3,20.0,299.0,6.0,,,973054800.0,4568217.0,R,Davis,Tyler
Tyler Davis,LAR,2024,DT,0,LAR,16767,,32876.0,,1703029.0,74.0,Clemson,17799.0,90.0,e7a9186e-5e19-4f70-b45c-527c888e6fc7,20.0,299.0,6.0,,,973054800.0,4568217.0,R,Davis,Tyler
Tyler Davis,LAR,2024,DT,0,LAR,16767,,32876.0,,1703029.0,74.0,Clemson,17799.0,90.0,4adfc559-1138-4476-a095-3bbaa7ba18b3,20.0,299.0,6.0,,,973054800.0,4568217.0,R,Davis,Tyler
Tyler Davis,LAR,2024,DT,0,LAR,16767,,41080.0,,2182811.0,74.0,Clemson,14827.0,90.0,e7a9186e-5e19-4f70-b45c-527c888e6fc7,20.0,299.0,6.0,,,973054800.0,4568217.0,R,Davis,Tyler
Tyler Davis,LAR,2024,DT,0,LAR,16767,,41080.0,,2182811.0,74.0,Clemson,14827.0,90.0,4adfc559-1138-4476-a095-3bbaa7ba18b3,20.0,299.0,6.0,,,973054800.0,4568217.0,R,Davis,Tyler
Tyler Davis,LAR,2024,DT,0,LAR,16767,,41080.0,,2182811.0,74.0,Clemson,17799.0,90.0,e7a9186e-5e19-4f70-b45c-527c888e6fc7,20.0,299.0,6.0,,,973054800.0,4568217.0,R,Davis,Tyler
Tyler Davis,LAR,2024,DT,0,LAR,16767,,41080.0,,2182811.0,74.0,Clemson,17799.0,90.0,4adfc559-1138-4476-a095-3bbaa7ba18b3,20.0,299.0,6.0,,,973054800.0,4568217.0,R,Davis,Tyler
Tyler Davis,LAR,2024,DT,0,LAR,16767,,41080.0,,1703029.0,74.0,Clemson,14827.0,90.0,e7a9186e-5e19-4f70-b45c-527c888e6fc7,20.0,299.0,6.0,,,973054800.0,4568217.0,R,Davis,Tyler
Tyler Davis,LAR,2024,DT,0,LAR,16767,,41080.0,,1703029.0,74.0,Clemson,14827.0,90.0,4adfc559-1138-4476-a095-3bbaa7ba18b3,20.0,299.0,6.0,,,973054800.0,4568217.0,R,Davis,Tyler
Tyler Davis,LAR,2024,DT,0,LAR,16767,,41080.0,,1703029.0,74.0,Clemson,17799.0,90.0,e7a9186e-5e19-4f70-b45c-527c888e6fc7,20.0,299.0,6.0,,,973054800.0,4568217.0,R,Davis,Tyler
Tyler Davis,LAR,2024,DT,0,LAR,16767,,41080.0,,1703029.0,74.0,Clemson,17799.0,90.0,4adfc559-1138-4476-a095-3bbaa7ba18b3,20.0,299.0,6.0,,,973054800.0,4568217.0,R,Davis,Tyler
Zion Logue,ATL,2024,DT,0,FA,16768,,41073.0,,3122175.0,78.0,Georgia,17949.0,59.0,17805ded-83cc-49b2-95f1-855841dcede5,21.0,314.0,6.0,,,995000400.0,4427826.0,R,Logue,Zion
Patrick McMorris,MIA,2024,S,0,MIA,16769,,41057.0,,3135440.0,72.0,California,18001.0,32.0,5137b06d-af47-47d7-8c1b-968fd511ea29,22.0,206.0,6.0,,,1003381200.0,4430158.0,R,McMorris,Patrick
Khristian Boyd,NOS,2024,DT,0,NOS,16770,,41077.0,,2968144.0,74.0,Northern Iowa,18055.0,97.0,538b5b00-3ad4-45c2-8d97-26f8c57ba1ed,23.0,320.0,6.0,,,951282000.0,,R,Boyd,Khristian
Jaden Crumedy,CAR,2024,DT,0,CAR,16771,,41076.0,,2966233.0,76.0,Mississippi State,17885.0,96.0,ab636859-ef8d-443e-b2db-b555b21705c8,24.0,309.0,6.0,,,964933200.0,4362910.0,R,Crumedy,Jaden
Micah Abraham,IND,2024,CB,0,FA,16772,,41061.0,,3133168.0,70.0,Marshall,18062.0,33.0,9d09c74b-da43-48f0-9dc8-924fc7fa1d2e,25.0,185.0,6.0,,,976510800.0,4427563.0,R,Abraham,Micah
Jawhar Jordan,HOU,2024,RB,0,FA,16773,,41064.0,,3121704.0,70.0,Louisville,17916.0,42.0,d3ddb80f-6f08-4594-be42-4c2f0716f4ef,29.0,186.0,6.0,,,934952400.0,4429939.0,R,Jordan,Jawhar
Nathaniel Watson,CLE,2024,LB,0,CLE,16774,,41068.0,,2964221.0,72.0,Mississippi State,17898.0,40.0,7de6f8cd-e4bc-4a0e-b339-12990b4b7c57,30.0,233.0,6.0,,,967784400.0,,R,Watson,Nathaniel
Joshua Karty,LAR,2024,PK,0,LAR,16775,,41081.0,,3163734.0,74.0,Stanford,17923.0,16.0,649bda12-5a56-45f7-aab9-e18ec3a88d96,33.0,207.0,6.0,,,1015477200.0,4566192.0,R,Karty,Joshua
Kamal Hadden,KCC,2024,CB,0,FA,16776,,41053.0,,3123974.0,73.0,Tennessee,17832.0,17.0,ae33b86e-d67d-4b38-87e8-f7c666b4a88b,35.0,192.0,6.0,,,979707600.0,4427356.0,R,Hadden,Kamal
Cedric Johnson,CIN,2024,DE,0,CIN,16777,,41067.0,,3168796.0,75.0,Ole Miss,17847.0,52.0,606de6c7-99a3-4d0e-b6c3-a5c570d402bc,38.0,260.0,6.0,,,1031284800.0,4430065.0,R,Johnson,Cedric
Ryan Flournoy,DAL,2024,WR,0,DAL,16778,,41087.0,,2889145.0,73.0,Southeast Missouri State,17974.0,18.0,ebf6bc25-5e74-4588-86d6-5dadba3f9bcd,40.0,200.0,6.0,,,941000400.0,5083754.0,R,Flournoy,Ryan
Daequan Hardy,BUF,2024,CB,0,FA,16779,,41055.0,,3125566.0,69.0,Penn State,17906.0,25.0,10126054-8bc0-4470-b1a8-a98c94c0afb7,43.0,178.0,6.0,,,992408400.0,4429743.0,R,Hardy,Daequan
Javontae Jean-Baptiste,WAS,2024,DE,0,WAS,16780,,41126.0,,2965753.0,77.0,Notre Dame,17953.0,90.0,5e6813f4-d436-45d2-a30e-f32a1e1b989c,2.0,260.0,7.0,,,958453200.0,,R,Jean-Baptiste,Javontae
Trey Taylor,LVR,2024,S,0,LVR,16781,,41102.0,,3148192.0,72.0,Air Force,18065.0,37.0,e3969d82-a3b8-4fc5-a10a-78ad58e85a69,3.0,213.0,7.0,,,980830800.0,,R,Taylor,Trey
Daijahn Anthony,CIN,2024,S,0,CIN,16782,,41114.0,,2670096.0,72.0,Ole Miss,17997.0,33.0,709bd5ab-4e34-49fa-9203-f4dacfb5e226,4.0,195.0,7.0,,,968475600.0,,R,Anthony,Daijahn
Jaden Davis,ARI,2024,CB,0,FA,16783,,41124.0,,3125754.0,70.0,Miami (FL),18076.0,39.0,4c467662-7d7c-4a5f-b453-b0c871c72d8b,6.0,182.0,7.0,,,995432400.0,4426435.0,R,Davis,Jaden
Myles Harden,CLE,2024,CB,0,CLE,16784,,41117.0,,2671892.0,71.0,South Dakota,17995.0,26.0,91fae7d2-6f40-4ad6-b49f-0d05405ada81,7.0,195.0,7.0,,,1008219600.0,,R,Harden,Myles
M.J. Devonshire,LVR,2024,CB,0,FA,16785,,41101.0,,3123033.0,71.0,Pittsburgh,17993.0,26.0,ca7c7772-15a6-4bc8-a93e-11a369ddd14b,9.0,179.0,7.0,,,968734800.0,4427068.0,R,Devonshire,M.J.
Levi Drake-Rodriguez,MIN,2024,DT,0,MIN,16786,,,,,76.0,Texas A&M-Commerce,18078.0,50.0,f755051d-6986-40c4-aba4-126af4b1842e,12.0,290.0,7.0,,,965365200.0,,R,Drake-Rodriguez,Levi
Jonah Laulu,IND,2024,DT,0,LVR,16787,,41107.0,,2969206.0,77.0,Oklahoma,18056.0,74.0,44d0ebd8-d1ca-4e6a-8af3-cbd55f6acc7d,14.0,292.0,7.0,,,962341200.0,4373956.0,R,Laulu,Jonah
Devaughn Vele,DEN,2024,WR,0,DEN,16788,,41097.0,,3121113.0,77.0,Utah,17975.0,81.0,2a638f35-a80a-46db-9722-12b49d45ab52,15.0,210.0,7.0,,,881902800.0,,R,Vele,Devaughn
Myles Cole,JAC,2024,DE,0,JAC,16789,,41108.0,,2962394.0,78.0,Texas Tech,17905.0,59.0,0d50064b-8915-46b2-bdc8-7582a1a17f8b,16.0,278.0,7.0,,,956984400.0,,R,Cole,Myles
Solomon Byrd,HOU,2024,DE,0,FA,16790,,41110.0,,2962869.0,75.0,USC,17956.0,50.0,cf6282ec-1e7e-4157-b2c1-fab1afa90f88,18.0,255.0,7.0,,,944024400.0,4361689.0,R,Byrd,Solomon
Michael Barrett,CAR,2024,LB,0,FA,16791,,41121.0,,2968521.0,72.0,Michigan,17854.0,41.0,38501803-f07e-4923-be47-a1bb8480fb51,20.0,239.0,7.0,,,945752400.0,4372062.0,R,Barrett,Michael
Tahj Washington,MIA,2024,WR,0,MIA,16792,,41104.0,,3122529.0,70.0,USC,17978.0,82.0,298d990d-9fd4-4cdf-8fcd-a7c3043d17fd,21.0,174.0,7.0,,,989989200.0,4567506.0,R,Washington,Tahj
James Williams,TEN,2024,LB,0,TEN,16793,,41112.0,,2669541.0,76.0,Miami (FL),17834.0,52.0,3c58378b-d327-4d25-b2b9-1aead2975bcb,22.0,232.0,7.0,,,1045285200.0,4431613.0,R,Williams,James
Jowon Briggs,CLE,2024,DT,0,FA,16794,,41116.0,,3121131.0,73.0,Cincinnati,18079.0,53.0,0b366a95-a3a6-4044-a9de-b6bf78fb339e,23.0,313.0,7.0,,,999320400.0,4426676.0,R,Briggs,Jowon
Justin Rogers,DAL,2024,DT,0,FA,16795,,41128.0,,3171904.0,74.0,Auburn,17827.0,96.0,e81f7821-e28f-45aa-b771-b9112bf30449,24.0,338.0,7.0,,,1000270800.0,4692185.0,R,Rogers,Justin
Devin Culp,TBB,2024,TE,0,TBB,16796,,41120.0,,2967413.0,76.0,Washington,17965.0,82.0,c62dcaf1-79e3-4e15-8fb0-e7cb30a18fe4,26.0,237.0,7.0,,,949467600.0,4361112.0,R,Culp,Devin
Marcus Harris,HOU,2024,DT,0,FA,16797,,41109.0,,3132190.0,75.0,Auburn,17840.0,59.0,4b56e1ba-37e9-4f00-8782-717c6e6c4555,27.0,295.0,7.0,,,970030800.0,4573152.0,R,Harris,Marcus
Sanoussi Kane,BAL,2024,S,0,BAL,16798,,41119.0,,3161806.0,71.0,Purdue,18080.0,28.0,cb9f76e3-d527-4bdf-8d99-9a813ccc70e6,30.0,210.0,7.0,,,1002344400.0,,R,Kane,Sanoussi
Tatum Bethune,SFO,2024,LB,0,SFO,16799,,41123.0,,3122324.0,72.0,Florida State,17961.0,48.0,5eb6ff1f-98c2-499b-9d11-37c3d1173993,31.0,299.0,7.0,,,982558800.0,,R,Bethune,Tatum
Jaylen Harrell,TEN,2024,DE,0,TEN,16800,,41113.0,,3169482.0,76.0,Michigan,17682.0,92.0,bd77a854-4a7f-4840-a3f9-c5f428bd2dda,32.0,247.0,7.0,,,1020225600.0,,R,Harrell,Jaylen
Cornelius Johnson,LAC,2024,WR,0,FA,16801,,41099.0,,3133361.0,75.0,Michigan,17051.0,86.0,aef0e96a-d473-4991-9bb3-a9764d777a36,33.0,208.0,7.0,,,975474000.0,4426479.0,R,Johnson,Cornelius
Jaylen Key,NYJ,2024,S,0,FA,16802,,41105.0,,2962519.0,74.0,Alabama,18005.0,33.0,f0bf82ff-4899-4c6e-8a6a-3a13c6e6eb25,37.0,210.0,7.0,,,951800400.0,4363417.0,R,Key,Jaylen
Blake Watson,FA,2024,RB,0,DEN,16803,,41388.0,,2963426.0,69.0,Memphis,17915.0,43.0,51f21920-0730-11ef-9a3c-99c1643e1512,,195.0,,,,939877200.0,4361604.0,R,Watson,Blake
Austin Reed,FA,2024,QB,0,CHI,16804,,41220.0,,2967693.0,73.0,Western Kentucky,17980.0,16.0,3dd3c120-05b2-11ef-a7ec-77a76ba1f065,,220.0,,,,951195600.0,4368343.0,R,Reed,Austin
Jaden Shirden,FA,2024,RB,0,FA,16805,,41302.0,,2669361.0,69.0,Monmouth,17928.0,37.0,585cc280-0710-11ef-ace3-f3357ba6d7e9,,195.0,,,,1020312000.0,4775270.0,R,Shirden,Jaden
Joshua Cephus,FA,2024,WR,0,FA,16806,,41411.0,,3127909.0,74.0,UTSA,17697.0,19.0,4704e820-0740-11ef-969f-ef7a39469df5,,193.0,,,,983768400.0,4426893.0,R,Cephus,Joshua
Dallin Holker,FA,2024,TE,0,NOS,16807,,41180.0,,2975555.0,75.0,Colorado State,17824.0,85.0,254a1f40-0572-11ef-8aed-f73fbdbd4575,,241.0,,,,955083600.0,,R,Holker,Dallin
Nathaniel Peat,FA,2024,RB,0,FA,16808,,41295.0,,3121003.0,68.0,Missouri,18115.0,36.0,68101800-0709-11ef-b992-43c446eb9a3b,,197.0,,,,967006800.0,4428211.0,R,Peat,Nathaniel
Jalen Coker,FA,2024,WR,0,FA,16809,,41293.0,,3163990.0,75.0,Holy Cross,17976.0,18.0,67977ab0-070b-11ef-978d-05d80704d329,,213.0,,,,1004418000.0,4695883.0,R,Coker,Jalen
Chris Collier,FA,2024,RB,0,FA,16810,,41261.0,,3161765.0,71.0,Lock Haven,18118.0,38.0,7fcfe130-06fc-11ef-9592-67ed152bdb91,,210.0,,,,953874000.0,4698191.0,R,Collier,Chris
Michael Wiley,FA,2024,RB,0,FA,16811,,41234.0,,3128079.0,70.0,Arizona,17670.0,6.0,f2734220-0668-11ef-9381-bf0dc2a6d127,,209.0,,,,973832400.0,4569156.0,R,Wiley,Michael
Tyler Harrell,FA,2024,WR,0,FA,16812,,41333.0,,1691256.0,72.0,Miami (FL),17076.0,84.0,4c04be40-071d-11ef-bf9a-a769156804f1,,200.0,,,,965106000.0,4360818.0,R,Harrell,Tyler
Daijun Edwards,FA,2024,RB,0,FA,16813,,41134.0,,3163944.0,70.0,Georgia,18035.0,31.0,31de9d70-04fb-11ef-a4e4-b500243a26c2,,201.0,,,,986965200.0,4429610.0,R,Edwards,Daijun
Tanner Mordecai,FA,2024,QB,0,FA,16814,,41194.0,,2965998.0,74.0,Wisconsin,18088.0,4.0,9872e720-057e-11ef-8f42-d1679459a166,,218.0,,,,942037200.0,4360271.0,R,Mordecai,Tanner
Curtis Jacobs,FA,2024,LB,0,NEP,16815,,41465.0,,3168824.0,73.0,Penn State,17896.0,29.0,687dea60-07cc-11ef-ad8e-ffa665412428,,241.0,,,,1014008400.0,4429097.0,R,Jacobs,Curtis
British Brooks,FA,2024,RB,0,HOU,16816,,,,2961993.0,71.0,North Carolina,18300.0,44.0,2ef88b80-07cf-11ef-96cf-876a6c13e638,,225.0,,,,942901200.0,,R,Brooks,British
Leonard Taylor,FA,2024,DT,0,NYJ,16817,,41335.0,,2669968.0,75.0,Miami (FL),17726.0,96.0,cad27c20-071e-11ef-9fb1-eb76adac1fa7,,305.0,,,,1022644800.0,4431598.0,R,Taylor,Leonard
Justin Strong,FA,2024,RB,0,FA,16818,,41477.0,,,72.0,Southern Illinois,,,8e6fc170-07d2-11ef-95d0-7db2ea91136a,,205.0,,,,,,R,Strong,Justin
Marcus Rosemy-Jacksaint,FA,2024,WR,0,FA,16819,,41239.0,,3163938.0,73.0,Georgia,17806.0,83.0,b3533d00-06ec-11ef-850d-099db5847c73,,205.0,,,,1010466000.0,4429019.0,R,Rosemy-Jacksaint,Marcus
Beau Brade,FA,2024,S,0,BAL,16820,,41241.0,,3162341.0,72.0,Maryland,17804.0,6.0,48b4b770-06f2-11ef-b629-8d4815317755,,209.0,,,,1012280400.0,4429291.0,R,Brade,Beau
Dayton Wade,FA,2024,WR,0,FA,16821,,41262.0,,3121829.0,69.0,Ole Miss,18127.0,18.0,923bd7f0-06fe-11ef-b95c-81e74d9949b8,,184.0,,,,968389200.0,4428763.0,R,Wade,Dayton
David White,FA,2024,WR,0,JAC,16822,,41522.0,,2891090.0,74.0,Western Carolina,17939.0,86.0,96467d20-07e2-11ef-b227-fd8634559ae4,,201.0,,,,963896400.0,5089537.0,R,White,David
Kyle Sheets,FA,2024,WR,0,FA,16823,,41185.0,,2937912.0,76.0,Slippery Rock,18108.0,29.0,35188af0-0578-11ef-9d51-61c71b7eacde,,220.0,,,,969771600.0,5209803.0,R,Sheets,Kyle
Zach Heins,FA,2024,TE,0,FA,16824,,41141.0,,2976450.0,79.0,South Dakota State,17027.0,49.0,33ed7180-0501-11ef-bcfd-fde515a228ce,,260.0,,,,956293200.0,4368315.0,R,Heins,Zach
Aidan Robbins,FA,2024,RB,0,FA,16825,,41364.0,,3123398.0,74.0,BYU,18262.0,49.0,46dfcb60-0729-11ef-bb2e-2bf101c4709d,,237.0,,,,977461200.0,4430404.0,R,Robbins,Aidan
Austin Jones,FA,2024,RB,0,FA,16826,,41237.0,,3121977.0,70.0,USC,18040.0,46.0,6b3b9f20-06ed-11ef-9326-e735973e362d,,200.0,,,,981522000.0,4569330.0,R,Jones,Austin
Austin Stogner,FA,2024,TE,0,FA,16827,,41503.0,,3121976.0,78.0,Oklahoma,18164.0,88.0,9e48d420-07db-11ef-85da-4bf21f9887c0,,258.0,,,,947653200.0,4426367.0,R,Stogner,Austin
Maema Njongmeta,FA,2024,LB,0,CIN,16828,,41336.0,,3131726.0,72.0,Wisconsin,17964.0,45.0,38c63ba0-0723-11ef-acb3-9348ceb755d6,,230.0,,,,984114000.0,4428125.0,R,Njongmeta,Maema
Ramon Jefferson,FA,2024,RB,0,FA,16829,,41702.0,,2816981.0,70.0,Kentucky,17930.0,45.0,38d59ac0-1130-11ef-a833-6743924cffe6,,215.0,,,,947480400.0,4250013.0,R,Jefferson,Ramon
Isaiah Wooden,FA,2024,WR,0,FA,16830,,41226.0,,3139308.0,69.0,Southern Utah,18163.0,83.0,c9d747c0-0664-11ef-8dd6-6906564117f3,,170.0,,,,949554000.0,4576845.0,R,Wooden,Isaiah
David Martin-Robinson,FA,2024,TE,0,TEN,16831,,41662.0,,2962690.0,75.0,Temple,18301.0,88.0,dad0d560-0c9e-11ef-b2f4-ab1e3a869265,,247.0,,,,946184400.0,4360978.0,R,Martin-Robinson,David
Pheldarius Payne,FA,2024,DT,0,FA,16832,,41483.0,,3162010.0,75.0,Virginia Tech,18054.0,72.0,c87a2ed0-07cf-11ef-b825-9970b6b36a88,,275.0,,,,963550800.0,4686263.0,R,Payne,Pheldarius
Lideatrick Griffin,FA,2024,WR,0,FA,16833,,41163.0,,3171022.0,70.0,Mississippi State,17973.0,81.0,fffee080-04ff-11ef-8a9a-5f3b29e3b4c8,,180.0,,,,980226000.0,4429153.0,R,Griffin,Lideatrick
Cole Burgess,FA,2024,WR,0,FA,16834,,41502.0,,2936239.0,73.0,SUNY-Cortland,18281.0,17.0,efe48d60-07db-11ef-8ada-f18c6785cc00,,192.0,,,,950245200.0,5192448.0,R,Burgess,Cole
Kalen DeLoach,FA,2024,LB,0,FA,16835,,41287.0,,3126620.0,73.0,Florida State,17962.0,46.0,44448a10-0708-11ef-84e4-db58c31b93b5,,212.0,,,,975387600.0,4427291.0,R,DeLoach,Kalen
Levelle Bailey,FA,2024,LB,0,FA,16836,,41395.0,,3121678.0,74.0,Fresno State,18343.0,56.0,e9fd8540-0732-11ef-b2dc-3f8c2bf783f5,,225.0,,,,975906000.0,4428241.0,R,Bailey,Levelle
Xavier Johnson,FA,2024,WR,0,FA,16837,,41274.0,,2984078.0,73.0,Ohio State,18295.0,16.0,4bf636c0-0706-11ef-b33a-7b84ef0f7eb5,,210.0,,,,926398800.0,4385430.0,R,Johnson,Xavier
Mason Pline,FA,2024,TE,0,FA,16838,,41368.0,,2917645.0,78.0,Furman,18328.0,89.0,b0f28450-0726-11ef-87d2-b788a7a4a635,,254.0,,,,949726800.0,4911517.0,R,Pline,Mason
Jack Westover,FA,2024,TE,0,FA,16839,,41352.0,,2964293.0,74.0,Washington,18083.0,89.0,22926aa0-0725-11ef-bcfc-752f39cb55fa,,245.0,,,,928904400.0,4361100.0,R,Westover,Jack
Drake Stoops,FA,2024,WR,0,FA,16840,,41453.0,,2961345.0,70.0,Oklahoma,18188.0,6.0,5b79dec0-07c5-11ef-94fe-2da30a2c16b4,,189.0,,,,929509200.0,4360282.0,R,Stoops,Drake
Dallas Gant,FA,2024,LB,0,FA,16841,,41196.0,,2967081.0,74.0,Toledo,18060.0,96.0,513ce4c0-0581-11ef-87fc-5d57216b511b,,224.0,,,,958453200.0,4361348.0,R,Gant,Dallas
Gable Steveson,FA,2024,DT,0,FA,16842,,41721.0,,2938321.0,73.0,Minnesota,18409.0,61.0,9c94b760-1f88-11ef-b0c9-ddc901dc7390,,265.0,,,,959749200.0,5214652.0,R,Steveson,Gable
Harrison Mevis,FA,2024,PK,0,FA,16843,,41312.0,,3162619.0,71.0,Missouri,17921.0,16.0,663ada70-0717-11ef-94de-1b2fbd1e412b,,243.0,,,,1017205200.0,4574716.0,R,Mevis,Harrison
Kenny Logan,FA,2024,S,0,FA,16844,,41433.0,,3127019.0,72.0,Kansas,18384.0,46.0,bd84d130-07c3-11ef-b9d6-f1106cbcee99,,210.0,,,,972450000.0,4427822.0,R,Logan,Kenny
David Wallis,FA,2024,WR,0,FA,16845,,41722.0,,2938320.0,72.0,Randolph-Macon,18410.0,30.0,74ea7000-21f5-11ef-888e-330ffa60495d,,184.0,,,,997246800.0,5215032.0,R,Wallis,David
Jake Bates,FA,2023,PK,0,DET,16846,,40835.0,,3173439.0,70.0,Arkansas,17376.0,43.0,3a724be0-3075-11ee-bdab-4565792ee2a3,,202.0,,,,954392400.0,4689936.0,,Bates,Jake
Praise Olatoke,FA,2024,WR,0,FA,16847,,41672.0,,2938590.0,74.0,Ohio State,18414.0,46.0,823e45a0-0d3d-11ef-a797-8dfd767654bb,,197.0,,,,961736400.0,5215426.0,R,Olatoke,Praise
Jude McAtamney,FA,2024,PK,0,FA,16848,,41686.0,,2892295.0,74.0,Rutgers,18294.0,99.0,59390ff0-0eeb-11ef-966f-a152cdc308bf,,205.0,,,,957848400.0,5092436.0,R,McAtamney,Jude
Terique Owens,FA,2024,WR,0,FA,16849,,41195.0,,3124921.0,75.0,Missouri State,18087.0,84.0,d4855cb0-057f-11ef-bf97-c57510b0ddc1,,193.0,,,,938235600.0,4571579.0,R,Owens,Terique
Jacob Saylors,FA,2023,RB,0,FA,16850,,40474.0,,2976071.0,70.0,East Tennessee State,17584.0,28.0,99a7f770-ea18-11ed-a93b-a93886fe0bfd,,199.0,,,,984027600.0,4383429.0,,Saylors,Jacob
Jack Browning,FA,2024,PN,0,FA,16851,,41280.0,,2804418.0,71.0,San Diego State,18311.0,30.0,ddd2e220-0709-11ef-8cb5-b5238826fa26,,190.0,,,,1005714000.0,4876013.0,R,Browning,Jack
Bryan Thompson,FA,2023,WR,0,FA,16852,,40762.0,,2827539.0,73.0,Arizona State,17559.0,89.0,03104d70-f4c8-11ed-bf5b-737955825633,,195.0,,,,923461200.0,4243261.0,,Thompson,Bryan
Easton Gibbs,FA,2024,LB,0,FA,16853,,41542.0,,3122005.0,72.0,Wyoming,17938.0,40.0,35de2e50-097d-11ef-9e68-252c00d40469,,232.0,,,,996210000.0,4427265.0,R,Gibbs,Easton
McCallan Castles,FA,2024,TE,0,PHI,16854,,41373.0,,2964061.0,76.0,Tennessee,18195.0,43.0,302dded0-072d-11ef-bb54-e981db140060,,250.0,,,,944197200.0,4372741.0,R,Castles,McCallan
Mathieu Betts,FA,2019,DE,0,FA,16855,,32248.0,,3116769.0,74.0,Laval (CAN),13567.0,95.0,13141af5-6bef-4f49-98ce-5305f0187bef,,259.0,,,,795848400.0,4411188.0,,Betts,Mathieu
Tyreik McAllister,FA,2022,WR,0,LVR,16856,,34573.0,,,71.0,Charleston (WV),16476.0,32.0,2a77de20-d253-11ec-b16e-cf7159baf83d,,180.0,,,,891925200.0,4589248.0,,McAllister,Tyreik
Ty James,FA,2024,WR,0,FA,16857,,41203.0,,,74.0,Mercer,18089.0,40.0,3baf0d30-0582-11ef-b69a-073c4b74ef80,,200.0,,,,986533200.0,4575116.0,R,James,Ty
Mason Tipton,FA,2024,WR,0,NOS,16858,,41188.0,,,71.0,Yale,18107.0,84.0,91918b20-0572-11ef-96c1-f73e6ad39631,,187.0,,,,970030800.0,4573697.0,R,Tipton,Mason
Tyron Billy-Johnson,FA,2019,XX,0,FA,16859,,32511.0,,2180626.0,73.0,Oklahoma State,13615.0,,,,193.0,,,,821077200.0,3894912.0,,Billy-Johnson,Tyron
D.J. Williams,FA,2024,RB,0,FA,16860,,41299.0,,,72.0,Arizona,18309.0,30.0,38f29610-0713-11ef-80af-99b01a8e5b02,,225.0,,,,974264400.0,4567216.0,R,Williams,D.J.
Dyontae Johnson,FA,2023,LB,0,NYG,16861,,40536.0,,,74.0,Toledo,17516.0,54.0,acfda840-eb96-11ed-8278-218e0ede5943,,230.0,,,,970117200.0,4362280.0,,Johnson,Dyontae
Samson Nacua,FA,0,WR,0,FA,16862,,34559.0,,,75.0,BYU,16485.0,89.0,740bcc30-d399-11ec-96a0-c3471a31202c,,206.0,,,,885272400.0,4048099.0,,Nacua,Samson
Ramel Keyton,FA,2024,WR,0,LVR,16863,,41162.0,,3123657.0,75.0,Tennessee,18085.0,82.0,fa040100-0500-11ef-a92c-7305b2360f34,,197.0,,,,968907600.0,4426399.0,R,Keyton,Ramel
Carlos Washington,FA,2023,RB,0,FA,16864,,40420.0,,2867377.0,71.0,Southeastern Louisiana,17465.0,28.0,43670880-e8f9-11ed-a4c3-31452e24a6c7,,220.0,,,,914648400.0,4248425.0,,Washington,Carlos
Beanie Bishop,FA,2024,CB,0,PIT,16865,,41136.0,,2964315.0,69.0,West Virginia,17933.0,30.0,c20acbf0-04f9-11ef-8561-b171b26383e5,,182.0,,,,945406800.0,4363052.0,R,Bishop,Beanie
Jontre Kirklin,FA,2022,WR,0,FA,16866,,34306.0,,2804559.0,72.0,LSU,15836.0,,56c46950-cb44-11ec-a667-6354702e3fca,,184.0,,,,907909200.0,4242209.0,,Kirklin,Jontre
Andrew Peasley,FA,2024,QB,0,FA,16867,,41580.0,,2966161.0,74.0,Wyoming,18226.0,14.0,d457b9b0-0be5-11ef-8e50-9d203e364b13,,218.0,,,,947134800.0,4361607.0,R,Peasley,Andrew
Adrian Martinez,FA,2023,QB,0,FA,16868,,40299.0,,2966360.0,74.0,Kansas State,17266.0,15.0,e95a83c0-e6f6-11ed-88d6-7977d3a68019,,220.0,,,,947221200.0,4361182.0,,Martinez,Adrian
Bo Richter,FA,2024,LB,0,FA,16869,,41216.0,,,73.0,Air Force,18182.0,98.0,ee995e00-0591-11ef-bf22-39578731379d,,248.0,,,,966142800.0,4875564.0,R,Richter,Bo
Omar Speights,FA,2024,LB,0,LAR,16870,,41449.0,,3122472.0,73.0,LSU,17914.0,48.0,c24e8e40-07c3-11ef-b253-11c65affe8a4,,228.0,,,,983509200.0,4428550.0,R,Speights,Omar
Ian Wheeler,FA,2024,RB,0,CHI,16871,,41322.0,,3126061.0,71.0,Howard,18260.0,33.0,4cbe3c80-0718-11ef-ad6b-0f2dd4b44ccd,,205.0,,,,1000530000.0,4579554.0,R,Wheeler,Ian
Joe Andreessen,FA,2024,LB,0,BUF,16872,,41696.0,,2960877.0,73.0,Buffalo,18329.0,44.0,73da40c0-0fe7-11ef-ae8b-ddf8e5486729,,232.0,,,,949899600.0,4366349.0,R,Andreessen,Joe
Brayden Narveson,FA,2024,PK,0,GBP,16873,,41235.0,,2964952.0,71.0,North Carolina State,18303.0,47.0,4ba68790-06ef-11ef-86ff-fd9ee14639a0,,215.0,,,,938494800.0,4361765.0,R,Narveson,Brayden
Alex Hale,FA,2024,PK,0,FA,16874,,41741.0,,2963565.0,73.0,Oklahoma State,18429.0,16.0,c0f5daf0-5505-11ef-b7e3-6370a6e73976,,203.0,,,,,4361831.0,R,Hale,Alex
Elijah Chatman,FA,2024,DE,0,NYG,16875,,41634.0,,3125114.0,72.0,SMU,18333.0,94.0,34ca0550-0c95-11ef-9a13-a1b03b54c0ec,,278.0,,,,975992400.0,4429392.0,R,Chatman,Elijah
Jason Bean,FA,2024,QB,0,FA,16876,,41479.0,,2962302.0,74.0,Kansas,18266.0,8.0,a6172a30-07d1-11ef-9660-238a22e41658,,196.0,,,,928904400.0,4360900.0,R,Bean,Jason
Kaden Davis,FA,2022,WR,0,FA,16877,,34569.0,,2886881.0,73.0,Northwest Missouri State,16472.0,88.0,acb316b0-d24f-11ec-b16e-cf7159baf83d,,193.0,,,,906699600.0,5065495.0,,Davis,Kaden
Reddy Steward,FA,2024,CB,0,FA,16878,,41330.0,,3125038.0,71.0,Troy,18259.0,46.0,53ca5630-071d-11ef-9523-7119a13023a1,,178.0,,,,988952400.0,4428584.0,R,Steward,Reddy
Kazmeir Allen,FA,2023,WR,0,FA,16879,,40311.0,,2962093.0,68.0,UCLA,16775.0,10.0,79db66b0-e75d-11ed-ad1e-4d786886cff5,,176.0,,,,951800400.0,4367180.0,,Allen,Kazmeir
Tyler Owens,FA,2024,S,0,WAS,16880,,41222.0,,3127028.0,74.0,Texas Tech,17999.0,40.0,782d0d60-0655-11ef-bea4-a5fd3793027b,,213.0,,,,989643600.0,4572460.0,R,Owens,Tyler
Donavan Mutin,FA,2023,LB,0,FA,16881,,40527.0,,2966692.0,72.0,Houston,17506.0,45.0,67920040-eb86-11ed-9958-1fd4e20c8252,,227.0,,,,969598800.0,4360193.0,,Mutin,Donavan
Carter Bradley,FA,2024,QB,0,FA,16882,,41133.0,,2961526.0,75.0,South Alabama,17918.0,14.0,30ee4a00-04fb-11ef-bec6-79d1846dfa68,,216.0,,,,952578000.0,4362260.0,R,Bradley,Carter
Kameron Johnson,FA,2024,WR,0,TBB,16883,,41300.0,,2938089.0,70.0,Barton,18307.0,9.0,94c41960-0712-11ef-b01e-875e1e5d6ffb,,170.0,,,,1016341200.0,5097554.0,R,Johnson,Kameron
Amari Gainer,FA,2024,LB,0,LVR,16884,,41160.0,,2965097.0,75.0,North Carolina,18140.0,53.0,eaa99000-04fe-11ef-8bc5-45a7fe95a203,,236.0,,,,961650000.0,4360469.0,R,Gainer,Amari
Brandon Codrington,FA,2024,CB,0,BUF,16885,,41579.0,,3138177.0,69.0,North Carolina Central,18225.0,43.0,88a2a9c0-0be6-11ef-a1fb-fd287260fc2a,,185.0,,,,974437200.0,4576069.0,R,Codrington,Brandon
Matthew Hayball,FA,2024,PN,0,NOS,16886,,41178.0,,,72.0,Vanderbilt,18106.0,43.0,bf54e530-0571-11ef-928d-f38123af817d,,189.0,,,,858142800.0,4571597.0,R,Hayball,Matthew
Ryan Rehkow,FA,2024,PN,0,CIN,16887,,41471.0,,3162224.0,76.0,BYU,18230.0,8.0,57633980-07cf-11ef-b13e-a3ae804c7cd8,,235.0,,,,905490000.0,4608820.0,R,Rehkow,Ryan
Taki Taimani,FA,2024,DT,0,MIN,16888,,41218.0,,2965804.0,73.0,Oregon,18184.0,94.0,53ab1910-0596-11ef-9ab5-875e1d93ea64,,309.0,,,,939186000.0,4361114.0,R,Taimani,Taki
Storm Duck,FA,2024,CB,0,MIA,16889,,41429.0,,3122721.0,72.0,Louisville,18276.0,36.0,84cde2b0-07c2-11ef-95e1-89469c9b9880,,195.0,,,,976856400.0,4427103.0,R,Duck,Storm
Dwight McGlothern,FA,2024,CB,0,MIN,16890,,,,,74.0,Arkansas,17992.0,47.0,0b114d80-0584-11ef-8549-c35bdee1a640,,185.0,,,,1012971600.0,4429128.0,R,McGlothern,Dwight
Jamie Sheriff,FA,0,DE,0,FA,16891,,41739.0,,3162067.0,73.0,South Alabama,18428.0,44.0,7293eba0-5423-11ef-921f-9d5e2bfaf044,,254.0,,,,966574800.0,4685984.0,,Sheriff,Jamie
Tyrek Funderburk,FA,2024,CB,0,TBB,16892,,41289.0,,,72.0,Appalachian State,18061.0,24.0,8c1e02f0-0706-11ef-83ee-df242a895580,,185.0,,,,975387600.0,4367330.0,R,Funderburk,Tyrek
Eric Watts,FA,2024,DE,0,NYJ,16893,,41541.0,,,77.0,UConn,17954.0,58.0,5fce55c0-097b-11ef-82af-530a0ea88666,,277.0,,,,970376400.0,4569016.0,R,Watts,Eric
Braiden McGregor,FA,2024,DE,0,NYJ,16894,,41328.0,,,78.0,Michigan,17816.0,91.0,8eae21b0-071c-11ef-a3c0-935b79634141,,267.0,,,,994914000.0,4429005.0,R,McGregor,Braiden
Dee Williams,FA,2024,CB,0,SEA,16895,,,,,70.0,Tennessee,18198.0,33.0,df6f0e80-0720-11ef-a8c3-23b7b64398c0,,190.0,,,,944456400.0,5081362.0,R,Williams,Dee
Spencer Shrader,FA,2024,PK,0,IND,16896,,41499.0,,3131541.0,74.0,Notre Dame,18268.0,3.0,2d7fa2f0-07d6-11ef-b188-b11373ae105b,,201.0,,,,927090000.0,4571557.0,R,Shrader,Spencer
Rico Payton,FA,2024,CB,0,NOS,16897,,41190.0,,,72.0,Pittsburg State,18110.0,36.0,c3046dc0-0573-11ef-b660-4d07270c2b35,,182.0,,,,943765200.0,4368350.0,R,Payton,Rico
Colson Yankoff,FA,2024,TE,0,WAS,16898,,41233.0,,2961827.0,76.0,UCLA,18160.0,41.0,8344b150-0667-11ef-8407-311b2612bbe3,,225.0,,,,951886800.0,4361088.0,R,Yankoff,Colson
Dell Pettus,FA,2024,S,0,NEP,16900,,41413.0,,,71.0,Troy,18149.0,24.0,48abbb80-075a-11ef-a2f5-8dc558cf6193,,200.0,,,,991458000.0,4428232.0,R,Pettus,Dell
Jayden Peevy,FA,2022,DT,0,CAR,16901,,34465.0,,,77.0,Texas A&M,16127.0,78.0,d42ee4e0-c95c-11ec-b1d2-d334745b4f4f,,308.0,,,,936334800.0,4240927.0,,Peevy,Jayden
Chris Roland-Wallace,FA,2024,CB,0,KCC,16907,,41498.0,,3123411.0,71.0,USC,17991.0,30.0,cfd2da80-07d7-11ef-9eb8-d3c1d804b4f8,,202.0,,,,1006491600.0,4428383.0,R,Roland-Wallace,Chris
Chris Smith,FA,2023,DT,0,FA,16908,,40589.0,,2967581.0,73.0,Notre Dame,16835.0,90.0,8ba82150-ec6f-11ed-9d9c-457422097a88,,316.0,,,,945234000.0,4367835.0,,Smith,Chris
